:020000040800F2
:10000000000008209D29000849210008512100080E
:100010005921000861210008692100080000000042
:10002000000000000000000000000000C1B1000856
:100030007121000800000000D1B3000839B40008A5
:10004000ED290008ED290008ED290008ED29000838
:10005000ED290008ED290008ED290008ED29000828
:10006000ED290008ED290008ED290008ED29000818
:10007000ED290008ED290008ED290008ED29000808
:10008000ED290008ED290008ED290008ED290008F8
:10009000ED290008ED290008ED290008ED290008E8
:1000A000ED290008ED290008ED290008ED290008D8
:1000B00081210008ED290008ED290008ED2900083C
:1000C000ED290008ED290008ED290008ED290008B8
:1000D000ED290008ED290008ED290008ED290008A8
:1000E000ED290008ED290008ED290008ED29000898
:1000F000ED29000895210008ED290008ED290008E8
:10010000ED290008ED290008ED290008ED29000877
:10011000ED290008ED290008ED290008ED29000867
:10012000ED290008ED290008ED290008ED29000857
:10013000ED290008A9210008ED290008ED29000893
:10014000ED290008ED290008ED290008ED29000837
:10015000ED290008ED290008ED290008ED29000827
:10016000ED290008ED290008ED290008ED29000817
:10017000ED290008ED290008ED2900080000000025
:10018000ED290008ED290008ED290008ED290008F7
:10019000ED290008ED290008ED290008ED290008E7
:1001A000ED290008ED290008ED290008ED290008D7
:1001B000ED290008ED290008ED290008ED290008C7
:1001C000ED290008ED29000800000000ED290008D5
:1001D000ED290008ED290008ED290008ED290008A7
:1001E000ED290008ED290008ED290008ED29000897
:0801F000ED290008ED290008CB
:1002000010B5054C237833B9044B13B10448AFF350
:1002100000800123237010BDD001002000000000E9
:100220007C7D010808B5034B1BB103490348AFF3BC
:10023000008008BD00000000D40100207C7D010882
:10024000034613F8012B002AFBD1181A0138704716
:1002500001F0FF01102A2BDB10F0070F08D010F877
:10026000013B013A8B422DD010F0070F42B3F6D17B
:10027000F0B441EA012141EA014122F007047FF094
:1002800000070023F0E80256083C85EA010586EAEB
:10029000010685FA47F5A3FA87F586FA47F6A5FA27
:1002A00087F68EB9EED1F0BC01F0FF0102F0070233
:1002B00032B110F8013B013A83EA010313B1F8D1DE
:1002C0000020704701387047002D06BF35460338BF
:1002D000073815F0010F07D1013015F4807F02BFF8
:1002E000013015F4C03F0130F0BC0138704700BF49
:1002F00053B94AB9002908BF00281CBF4FF0FF318D
:100300004FF0FF3000F088B9ADF1080C6DE904CE74
:1003100000F006F8DDF804E0DDE9022304B07047E0
:100320002DE9F047089D8E4604468846002B4AD1A9
:100330008A42174662D9B2FA82F64EB1C6F120035C
:1003400001FA06F820FA03F3B74043EA0808B4407C
:100350004FEA174E1FFA87FCB8FBFEF1230C0EFB89
:10036000118843EA084301FB0CF29A4209D9FB18B1
:1003700001F1FF3080F0EA809A4240F2E7800239D2
:100380003B449A1AA3B2B2FBFEF00EFB102243EAE2
:10039000024300FB0CFC9C4509D9FB1800F1FF321D
:1003A00080F0D6809C4540F2D3803B44023840EA3E
:1003B0000140A3EB0C0300211DB1F3400022C5E96D
:1003C0000032BDE8F0878B4205D90DB1C5E90001C7
:1003D00000210846F5E7B3FA83F1002946D17345B9
:1003E00002D3824200F20581841A6EEB03020120DF
:1003F0009046002DE5D0C5E90048E2E7002A00F06C
:100400009080B2FA82F6002E40F0A4808A1A030C83
:100410004FEA174E80B2BCB20121B2FBFEFC0EFBCC
:100420001C2243EA024304FB0CF29A4207D9FB1850
:100430000CF1FF3802D29A4200F2E080C4469B1AC7
:10044000B3FBFEF20EFB123340EA034302FB04F45B
:100450009C4207D9FB1802F1FF3002D29C4200F205
:10046000CA8002461B1B42EA0C40A5E7C1F12006E8
:100470008B4022FA06F71F430EFA01F420FA06F326
:100480002EFA06FE4FEA1749234300FA01F81FFA35
:1004900087FCBEFBF9F01C0C09FB10EE44EA0E448D
:1004A00000FB0CFEA64502FA01F209D93C1900F145
:1004B000FF3A80F09C80A64540F2998002383C4487
:1004C000A4EB0E041FFA83FEB4FBF9F309FB1344FB
:1004D0004EEA044403FB0CFCA44508D93C1903F183
:1004E000FF3E80F08280A4457FD9023B3C4443EA32
:1004F0000040A4EB0C04A0FB02EC64457346E1460B
:1005000062D35FD05DB1B8EB030264EB090404FA77
:1005100006F622FA01F31E43CC40C5E9006400212F
:100520004FE7B1FBF2FC010C41EA0E4180B240EA18
:1005300001423B4638463C46B846BE462026B1FB03
:10054000F7F1A2EB080241EA0C4166E7014618E721
:1005500010462CE7C6F120022EFA02F3B740B14054
:1005600020FA02F24FEA174E0A43B3FBFEF8BCB280
:100570000EFB1833110C41EA034108FB04F9B040AB
:1005800089454FEA104380B23ED9791808F1FF3C03
:1005900001D289451FD8A1EB0901B1FBFEF909FB86
:1005A00004F80EFB191192B242EA0142424529D2E7
:1005B000BA1809F1FF31C4D24245C2D2A9F10201F1
:1005C0003A44BEE7F0459DD2BEEB02036CEB070C4C
:1005D0000138E14696E7A7EB09094944A8F1020C66
:1005E000B1FBFEF909FB04F8DBE773467FE75046F1
:1005F00066E70846FDE63B44023A33E7ACF1020CFD
:100600003B441CE749469CE7A1EB0901C446B1FB0A
:10061000FEF909FB04F8C4E7704700BF80B582B05B
:1006200000AF0C4B1B6C0B4A43F080531364094B17
:100630001B6C03F080537B607B6804F037FC054B38
:100640001B6F044A43F40043136700BF0837BD46DD
:1006500080BD00BF0038024080B584B000AF786034
:100660000021786805F0AEFFF860FB68044A934209
:1006700001D1012300E0002318461037BD4680BD9C
:10068000AD1007B080B582B000AF7860FFF7C6FF4D
:1006900000220021786805F07BFF00BF0837BD46C7
:1006A00080BD000080B582B000AF78607B68002B11
:1006B0001ED0114B1B68002B1AD00F4B1B687A6899
:1006C0009A4203D30C4B00221A6012E07B680B4A5B
:1006D0009918094B1A687B68D31A1A46074816F00E
:1006E000A5FA054B1A687B68D31A034A136000E029
:1006F00000BF0837BD4680BDEC110020EC01002092
:1007000080B586B000AF786039607B68002B70D010
:100710003B68002B6DD03B4B1B68C3F580533A6898
:100720009A4212D9374B1A683B681344A3F5805399
:100730007B61344B1B687A699A4203D3314B0022A8
:100740001A6002E07869FFF7ADFF2E4B1B682E4A56
:1007500013443A687968184616F055FB294B1A6815
:100760003B681344274A136002E00120FFF79AFF19
:10077000244B1B68002B03D0234B1B78AA2BF4D1EE
:10078000204B1B68032B36D91F4B5B78FB741E4B29
:100790009B781AB21C4BDB781BB21B021BB21343B3
:1007A0001BB23B823B8A0933FB60FB68082B03D9F1
:1007B000FB68B3F5805F03D90120FFF773FF17E0F3
:1007C000104B1B68FA689A4217D8FB68013B0E4A27
:1007D000D35CBB2B03D00120FFF764FF08E0FB686C
:1007E0009BB21946084800F0A7FAF868FFF75AFFCD
:1007F000BAE700BF02E000BF00E000BF1837BD4607
:1008000080BD00BFEC110020EC01002080B500AFDE
:100810000D4B0E4A1A600C4B00221A710A4B002233
:100820005A71094B00225A61074B00229A61064B0C
:1008300001221A62044802F053FB0346002B01D048
:1008400001F086FB00BF80BDF011002000300240A7
:1008500080B485B000AF78607B681B680A4A934219
:100860000BD10A4B1B6B094A43F480531363074BAC
:100870001B6B03F48053FB60FB6800BF1437BD465D
:100880005DF8047B704700BF003002400038024032
:1008900080B483B000AF78603960064A7B6813602B
:1008A000054A3B68136000BF0C37BD465DF8047B0A
:1008B000704700BF141200201812002080B487B0C7
:1008C00000AF786039604FF0FF337B6100233B61FC
:1008D0001EE07A683B6913441B781B067A69534013
:1008E0007B610023FB730DE07B69002B04DA7B69DD
:1008F0005A000D4B534001E07B695B007B61FB7B41
:100900000133FB73FB7B072BEED93B6901333B6162
:100910003A693B689A42DCD37B6918461C37BD466E
:100920005DF8047B704700BFB71DC10480B582B07D
:1009300000AF78607B68002B0BD07868FFF780FCF5
:1009400003469AB24FF0FF337968044806F056FB2D
:1009500000E000BF0837BD4680BD00BF1C3C002042
:100960000FB480B5C2B000AF07F58A7207F5847383
:10097000A3F584731A6007F58473A3F58473381D97
:100980001B68D7F810214FF4807116F031F9C7F8C1
:100990000401D7F80431002B14DDD7F80431FF2B04
:1009A00002DDFF23C7F8043107F58473A3F58272D3
:1009B000D7F80431134400221A703B1D1846FFF784
:1009C000B5FF00E000BF07F58477BD46BDE8804075
:1009D00004B0704780B586B000AF0346FB7107F1E5
:1009E0000C0300221A605A601A81AA233B73032366
:1009F0007B730123FB81FB793B74BB237B7507F180
:100A00000C03043301211846FFF758FF0346C7F8CB
:100A100011300C4B1B68002B08D00A4B1B680A4A8C
:100A2000126807F10C000A21984707E007F10C0152
:100A30004FF0FF330A22054806F0E0FA00BF1837EE
:100A4000BD4680BD14120020181200201C3C00205E
:100A500080B400AF094B00221A60094B00221A60D3
:100A6000084B00221A60084BFF221A70074B012224
:100A70001A7000BFBD465DF8047B70472816002041
:100A8000301600202C1600203416002025160020D9
:100A900080B588B000AF3E4BBB61BB691B687B6112
:100AA000BB6904331B683B617B69B3F1005F66D3AC
:100AB0007B69384A934262D87B6903F00303002BB9
:100AC0005DD13B6903F00103002B5AD03B6903F071
:100AD0007F43B3F1006F56D172B600BF00220121EF
:100AE0002D4804F0C9F92D4B00221A602B4B00222F
:100AF0005A602A4B00229A6004F038FA02F08AF811
:100B00000023FB6110E0264AFB6920334FF0FF31E0
:100B100042F82310224AFB6960334FF0FF3142F85C
:100B20002310FB690133FB61FB69072BEBD91D4ADD
:100B3000BB699360BFF34F8F00BFBFF36F8F00BFE0
:100B400000237B607B6883F3148800BFBFF36F8F43
:100B500000BF7B69BB60BB6883F3088800BF0023CC
:100B6000FB60FB6883F3108800BFBFF34F8F00BFAB
:100B7000BFF36F8F00BF3B69984700BFFDE700BF21
:100B800002E000BF00E000BF2037BD4680BD00BFCF
:100B900000000408000008200004024010E000E00B
:100BA00000E100E000ED00E080B582B000AF00237E
:100BB0007B601A4B1B68002B01D1002329E0174BE7
:100BC0001B684FF0FF31184607F090FE00233B6092
:100BD00016E0134A3B6813441B78002B0DD1104AD2
:100BE0003B68134401221A703B6840F20C4202FB3E
:100BF00003F30C4A13447B6005E03B6801333B6020
:100C00003B68072BE5D9054B1B68184607F0BCFE6F
:100C10007B6818460837BD4680BD00BFA03600205F
:100C2000983600203816002080B584B000AF786078
:100C30007B68002B29D0174B1B68002B25D0154B48
:100C40001B684FF0FF31184607F050FE0023FB6091
:100C500012E0FB6840F20C4202FB03F30E4A13441D
:100C60007A689A4205D10D4AFB68134400221A7033
:100C700005E0FB680133FB60FB68072BE9D9054BF6
:100C80001B68184607F080FE00E000BF1037BD4625
:100C900080BD00BFA0360020381600209836002006
:100CA00080B500AF1B4B1B68002B30D10822002100
:100CB000194815F0D5FF194807F0FFFD0346184AFB
:100CC00013600021174807F059FF0346164A1360C6
:100CD000134B1B68002B03D0134B1B68002B08D150
:100CE0000F4B1B68104A126819461048FFF738FE70
:100CF0000EE000210E4807F074FD0346054A13601C
:100D0000044B1B6819460B48FFF72AFE00E000BFA2
:100D100080BD00BFA8360020983600209CB0010896
:100D2000A0360020A4B00108A4360020A07D010850
:100D3000B4B00108CC7D010880B584B000AF786004
:100D40000B467B807B68002B2ED07B88002B2BD022
:100D50001A4B1B68002B29D0194B1B68002B25D080
:100D60007B8840F20942934222D8FFF71DFFF860CA
:100D7000FB68002B1ED0FB687A881A80FB68023360
:100D80007A887968184616F03EF80C4B1B68F968AB
:100D90000022184607F01AFFB860BB68002B0AD083
:100DA000F868FFF741FF06E000BF04E000BF02E083
:100DB00000BF00E000BF1037BD4680BDA436002054
:100DC000A036002080B58EB002AF78605A4B19680B
:100DD00007F108034FF0FF32184607F037FFBB68F2
:100DE000102B40F0A580FB68BB62BB6A002B00F0B3
:100DF000A180012387F82F30BB6A1B88082B40F2A3
:100E00008280BB6A9B78AA2B7FD1BB6A1B88013B7F
:100E1000BA6A13449B78BB2B79D1BB6ADB7887F81D
:100E20002730BB6A1B791AB2BB6A5B791BB21B0203
:100E30001BB213431BB2BB84BB8C09333B62BB6A3E
:100E40001B881A463B6A934263D1BB6A0633FB6137
:100E5000BB8CFA6913441B781946BB8C0133FA69C1
:100E600013441B781B0241EA0302BB8C0233F9696D
:100E70000B441B781B041A43BB8C0333F9690B44E6
:100E80001B781B061343BB61BB8C1946F869FFF73F
:100E900015FD78617A69BB699A420CD097F82710E2
:100EA000BA8CBB6900937B692448FFF759FD012385
:100EB00087F82F302EE0224B1B78002B11D197F8AA
:100EC0002730002B09D1BB8C012B06D1FB691B7885
:100ED000002B02D1FFF7BCFD03E0012387F82F3080
:100EE00018E0BB6A991CBB6A1B881A46154815F0A6
:100EF0008AFFBB6A1B881946124800F025F8034692
:100F000087F82F3006E000BF04E000BF02E000BF1A
:100F100000E000BF97F82F30002B14BF01230023FF
:100F2000DBB21846FFF756FDB86AFFF77DFE4DE7C6
:100F300000BF4BE700BF49E7A4360020E87D010869
:100F4000251600201C120020F0B59DB004AF78607B
:100F50000B467B80012387F85F307B68002B02D033
:100F60007B88002B06D17B881A4679688248FFF778
:100F7000F7FCEAE1814B1B7819467B881A468048CA
:100F8000FFF7EEFC7B68BB65BB6D5B78002B07D180
:100F9000BB6D1B79022B03D17A48FFF7E1FCD4E14A
:100FA000764B1B78042B00F2C08101A252F823F08B
:100FB000C50F0008CD0F00080B100008DF10000857
:100FC000B3120008002387F85F30BEE17B683B6402
:100FD0003B6C5B7819463B6C1B791A466A48FFF7F5
:100FE000BFFC3B6C5B78002B40F0A6813B6C1B790F
:100FF000002B40F0A1816548FFF7B2FC5F4B022255
:101000001A70002387F85F3096E17B687B647B6C05
:101010005B7819467B6C5B889BB21A465C48FFF78D
:101020009FFC7B6C5B78022B40F088817B6C5B685B
:10103000584A13607B6C9B68574A1360554B1B687A
:10104000554A126819465548FFF78AFC544B1B68ED
:101050001C4607F10C0604F1300C3546234618688F
:1010600059689A68DB680FC5103410366445F4D1AE
:10107000324623461B8813807B7C18463B7C1C46EB
:10108000BB7C1D4697F8283097F8272097F8291041
:101090000291019200932B46224601464148FFF7F8
:1010A0005FFC00F069FB03461A463F4B1A703E4B4B
:1010B0001B7819463D48FFF753FC3B4B1B78FF2B31
:1010C00009D02E4B03221A703948FFF749FC002340
:1010D00087F85F3032E13748FFF742FC2EE17B684A
:1010E0005B7887F853307B6802331B781AB27B68D1
:1010F00003331B781BB21B021BB213431BB2A7F8AE
:10110000503097F85310B7F850202B4B1868214BEC
:101110001B68009303462948FFF722FC97F85330D9
:10112000012B40F00D81244B1A681A4B1B689A4220
:1011300006D32348FFF714FC012387F85F3004E14E
:10114000144B1A681C4B1B68D31AFB64B7F8503059
:10115000FA6C9A4238D2B7F85010174B1A680D4BF8
:101160001B6800931346FA6C1648FFF7F9FB01233E
:1011700087F85F30E9E000BF287E010825160020CF
:10118000587E0108807E0108987E0108BC7E010817
:10119000D07E0108281600202C160020F47E0108BD
:1011A00000000020207F010834160020607F010825
:1011B000807F0108A07F010830160020C47F01084D
:1011C000F87F010824800108634B1B68002B0CBFCB
:1011D0000123002387F84B3097F84B30002B37D092
:1011E0005E48FFF7BDFB5E4B1B681C4607F10C0613
:1011F00004F1300C35462346186859689A68DB6854
:101200000FC5103410366445F4D1324623461B888E
:101210001380544B1B781A4613465B001344DB00C3
:101220009B1A60333B44503B01221A7007F10C03B8
:10123000184600F05FFC034687F84A3097F84A30BA
:1012400019464948FFF78CFB97F84A30002B79D1B3
:10125000444B18787B68191D97F84B30B7F850202D
:1012600000F09EF8034687F8493097F849303A4A2B
:10127000126819463D48FFF773FB97F84930002B79
:1012800013D1354B1A683A4B1B689A4209D1394B36
:1012900004221A703848FFF763FB002387F85F3099
:1012A00053E0002387F85F304AE03448FFF758FBEB
:1012B00046E07B687B657B6D5B7819467B6D1B79AF
:1012C0001A462F48FFF74CFB7B6D5B78002B3BD118
:1012D0007B6D1B79012B37D12A48FFF741FB00F0CA
:1012E00079F9034687F85F3097F85F30194626484A
:1012F000FFF736FB97F85F30002B25D11D4B0022FE
:101300001A70224B01221A70214801F061F821481D
:1013100001F05EF8C82007F0BCFA00F0D7FA1E48CA
:10132000FFF7B0F9FFF7B4FB0EE01C48FFF718FB1E
:10133000012387F85F3008E000BF06E000BF04E04B
:1013400000BF02E000BF00E000BF97F85F30184622
:101350006437BD46F0BD00BF301600206C80010828
:10136000000000203416002088800108B8800108A1
:101370002816002025160020E48001081C810108A1
:1013800038810108588101087C810108503B002008
:1013900094810108A0810108543B0020B08101081C
:1013A000B0B58CB000AF396011461A460346FB71E8
:1013B0000B46BB801346BB71FB79012B03D901237C
:1013C00087F82F3073E003F04DF9034687F82F308C
:1013D00097F82F30002B67D1BB79002B24D0FB79F5
:1013E00019463648FFF7BCFA00233B61FB79002B16
:1013F00001D1072300E00923BB610223FB61022323
:101400003B6207F10C0207F110031146184603F086
:101410008BFA034687F82F3097F82F30002B03D034
:101420002748FFF79DFA42E0FB79002B01D1254BBD
:1014300000E0254B7B620023BB6224E0234B1A684B
:101440007B6AD1183A68BB6A13441B78DBB200226E
:101450001C46154622462B46002003F0A9F80346F9
:1014600087F82F3097F82F30002B05D1174B1B68CA
:101470000133164A136003E01548FFF771FA06E0DE
:10148000BB6A0133BB62BB88BA6A9A42D6D397F86B
:101490002F30002B0AD103F007F9034687F82F30CD
:1014A00097F82F30002B02E000BF00E000BF97F854
:1014B0002F3018463037BD46B0BD00BFD08101087F
:1014C000EC81010800000C08000014083016002010
:1014D00000820108B0B58AB000AF7860396003F0CF
:1014E000C1F8034687F8273097F82730002B5BD1E7
:1014F0004FF0FF3003F0E8F8314B7322DA603148E7
:10150000FFF72EFA0023FB6005237B610223BB61FA
:101510000223FB6107F1080207F10C03114618468C
:1015200003F002FA034687F8273097F82730002B9C
:1015300003D02548FFF714FA3BE000233B621DE08F
:101540003B6A224919447A683B6A13441B78DBB230
:1015500000221C46154622462B46002003F028F8A0
:10156000034687F8273097F82730002B03D0184818
:10157000FFF7F6F906E03B6A01333B623A6A3B68E3
:101580009A42DDD397F82730002B0FD103F08CF867
:10159000034687F8273097F82730002B08D14FF003
:1015A000FF3003F091F804E000BF02E000BF00E06C
:1015B00000BF97F8273018462837BD46B0BD00BF9A
:1015C000003C024014820108348201080000040833
:1015D0004C820108F0B593B002AF5B4B1B78002B37
:1015E00001D15A4B00E05A4BBB63574B1B7819464D
:1015F000584B1A68584B1B6800931346BA6B5748F0
:10160000FFF7AEF9BB6B534A126811461846FFF755
:1016100055F97863504B1B687A6B9A4208D04E4B51
:101620001B681A46796B4E48FFF79AF9012386E04A
:101630004C48FFF795F94C4B1B681C463E4604F19D
:10164000300C35462346186859689A68DB680FC520
:10165000103410366445F4D1324623461B8813807B
:10166000394B1B781A4613465B001344DB009B1A68
:1016700040333B44403B7A6BC3F80B20324B1B7822
:101680001A46344B196813465B001344DB009B1A5F
:1016900040333B44403BC3F807102B4B1B781A46A2
:1016A00013465B001344DB009B1A40333B443C3B36
:1016B00000221A70244B1B781A4613465B00134411
:1016C000DB009B1A40333B443A3B01221A70002353
:1016D00087F83F3016E01C4B1B7897F83F209A4262
:1016E0000BD097F83F2013465B001344DB009B1A96
:1016F00040333B443A3B00221A7097F83F300133A5
:1017000087F83F3097F83F30012BE4D9174B3B6007
:101710003B46184600F0EEF9034687F8333097F859
:10172000333019461248FFF71BF997F83330002B76
:1017300004D01048FFF714F9012300E000231846F5
:101740004437BD46F0BD00BF3416002000000C0831
:1017500000001408281600202C16002064820108BE
:10176000A4820108D882010800000020EDFEEFBE2F
:10177000E882010814830108F0B58FB000AF4E4B2A
:101780001B681C463E4604F1300C3546234618685B
:1017900059689A68DB680FC5103410366445F4D177
:1017A000324623461B881380002387F837301AE01F
:1017B00097F8372013465B001344DB009B1A38333D
:1017C0003B44343B1B78012B08D197F8373019463E
:1017D0003A48FFF7C5F897F8373068E097F83730A0
:1017E000013387F8373097F83730012BE0D90023E1
:1017F00087F8363025E097F8362013465B0013440F
:10180000DB009B1A38333B44333B1B78012B13D04E
:1018100097F8361097F8362013465B001344DB0028
:101820009B1A38333B44333B1B781A462448FFF756
:1018300097F897F836303AE097F83630013387F862
:10184000363097F83630012BD5D9002387F835305C
:1018500025E097F8352013465B001344DB009B1A04
:1018600038333B44323B1B78012B13D097F83510AB
:1018700097F8352013465B001344DB009B1A38337E
:101880003B44323B1B781A460E48FFF769F897F83D
:1018900035300CE097F83530013387F8353097F85C
:1018A0003530012BD5D90848FFF75AF800231846E0
:1018B0003C37BD46F0BD00BF00000020308301086A
:1018C000548301087883010898830108F0B593B028
:1018D00000AF002387F84730002387F846307B4B62
:1018E0001B681C463E4604F1300C354623461868FA
:1018F00059689A68DB680FC5103410366445F4D116
:10190000324623461B881380002387F8453037E092
:1019100097F8452013465B001344DB009B1A4833BD
:101920003B44423B1B78012B25D197F845301946A3
:101930006748FFF715F8012387F8473097F84530D7
:1019400087F8463097F8452013465B001344DB00C8
:101950009B1A48333B44433B01221A7097F84520B9
:1019600013465B001344DB009B1A48333B44423B65
:1019700000221A7008E097F84530013387F84530A7
:1019800097F84530012BC3D997F84730002B50D03A
:10199000002387F8443016E097F8462097F8443043
:1019A0009A420BD097F8442013465B001344DB00A7
:1019B0009B1A48333B44433B00221A7097F844304B
:1019C000013387F8443097F84430012BE4D997F875
:1019D0004630002B01D13F4B00E03F4BFB63F86BDF
:1019E00097F8462013465B001344DB009B1A4833EC
:1019F0003B44483BD3F807301946FFF76BFD0346DD
:101A000087F83B3097F83B30002B03D03348FEF784
:101A1000A7FF2DE03B46184600F06CF8034687F818
:101A20003B3097F83B30002B22D02D48FEF798FF33
:101A30001EE0002387F8433016E097F84320134652
:101A40005B001344DB009B1A48333B44433B1B7849
:101A5000012B04D197F8433087F8463008E097F817
:101A60004330013387F8433097F84330012BE4D9F2
:101A70001C48FEF775FF97F8462013465B00134499
:101A8000DB009B1A48333B44483BD3F807301946E8
:101A90001548FEF713FF786397F8462013465B005E
:101AA0001344DB009B1A48333B44483BD3F80B30CC
:101AB0007A6B9A4203D00D48FEF752FF02E00C48C1
:101AC000FEF74EFF00BF4C37BD46F0BD00000020C2
:101AD000D483010800000C0800001408F8830108F2
:101AE0001483010818840108000004083C840108DC
:101AF00060840108B0B58CB000AF78607B68002BC3
:101B000003D1012387F82F3062E002F0ABFD0346DA
:101B100087F82F3097F82F30002B54D14FF0FF303B
:101B200002F0D2FD00233B610423BB610123FB6172
:101B300002233B62294B7322DA6007F10C0207F1A2
:101B400010031146184602F0EFFE034687F82F30C7
:101B500097F82F30002B38D17B687B620023BB6263
:101B60001DE0BB6A1E4919447A6ABB6A13441B789C
:101B7000DBB200221C46154622462B46002002F00E
:101B800017FD034687F82F3097F82F30002B03D02E
:101B90001448FEF7E5FE05E0BB6A0133BB62BB6A91
:101BA000312BDED94FF0FF3002F08EFD97F82F3049
:101BB000002B0CD102F078FD034687F82F3097F800
:101BC0002F30002B04E000BF02E000BF00E000BFA8
:101BD00097F82F3018463037BD46B0BD003C024064
:101BE000000002081483010880B485B000AFF860DB
:101BF000B9607A60FB68074A1A60BB68064A1A60D7
:101C00007B684FF480721A6000BF1437BD465DF8E0
:101C1000047B7047B036002050370020B0B588B044
:101C200000AF0A4B3C1D1D460FCD0FC495E80700C1
:101C300084E807003B1D0021184606F0D2FD03464C
:101C4000034A136000BF2037BD46B0BD8C84010835
:101C5000AC36002080B586B000AF786005F0D8FEC5
:101C6000FFF71EF80023FB6000233B6107F10C0324
:101C70000121184606F0BEFE03461D4A13601C4BA8
:101C80001B680021184606F0F5FE00F061FC184BB9
:101C90001B68002B04D11748FEF762FE00F058F9CC
:101CA000134B1B684FF0FF31184606F0E3FE00238C
:101CB0007B610AE07B69002B04D10F4800F088FBB0
:101CC00001237B61C82006F0E4FD0C48FEF7C4FC4C
:101CD0000346002BEED10A4800F07AFBC82006F03C
:101CE000D8FDFEF7D5FE012006F0D3FDFBE700BFCF
:101CF000CC3B0020A8840108C8840108543B002084
:101D0000E484010880B58CB000AF07F11C03002209
:101D10001A605A609A60DA601A613B4B1B6B3A4A50
:101D200043F004031363384B1B6B03F00403BB61E4
:101D3000BB69354B1B6B344A43F080031363324B52
:101D40001B6B03F080037B617B692F4B1B6B2E4A5F
:101D500043F0010313632C4B1B6B03F001033B6146
:101D60003B69294B1B6B284A43F002031363264B44
:101D70001B6B03F00203FB60FB68234B1B6B224AC7
:101D800043F008031363204B1B6B03F00803BB6095
:101D9000BB681D4B1B6B1C4A43F0400313631A4B7B
:101DA0001B6B03F040037B607B68002244F28111CF
:101DB000164803F061F800224FF48061144803F0E4
:101DC0005BF844F28113FB6101233B6200237B62D9
:101DD0000023BB6207F11C0319460C4802F0A0FE69
:101DE0004FF48063FB6101233B6202237B6200238B
:101DF000BB6207F11C031946054802F091FE00BFC3
:101E00003037BD4680BD00BF0038024000040240AC
:101E1000000C024080B500AF00F0EFFE00F014F8B7
:101E2000FFF770FF00F02AFDFEF7F0FC00F0B4FCB5
:101E300000F094F84FF4C87000F040FFFFF7EEFE9A
:101E400006F0B8FC00BFFDE780B594B000AF07F125
:101E50001C0334220021184614F002FF07F1080386
:101E600000221A605A609A60DA601A6103F01EF864
:101E70002C4B1B6C2B4A43F080531364294B1B6C77
:101E800003F080537B607B68274B1B68264A43F432
:101E900040431360244B1B6803F440433B603B68A2
:101EA0000923FB614FF4A0233B6201233B63022320
:101EB0007B634FF48003BB630423FB63D8233B6441
:101EC00002237B640423BB640223FB6407F11C032D
:101ED000184603F02BF90346002B01D000F038F828
:101EE00002F0F4FF0346002B01D000F031F80F237D
:101EF000BB600223FB6000233B614FF4A0537B6176
:101F00004FF48053BB6107F108030721184603F023
:101F1000BBFB0346002B01D000F01AF800BF50377E
:101F2000BD4680BD003802400070004080B582B0E0
:101F300000AF78607B681B68044A934201D100F0CF
:101F40009DFE00BF0837BD4680BD00BF0020004099
:101F500080B400AF72B600BF00BFFDE780B500AF30
:101F60000F4B104A1A600E4B00225A600C4B7F2216
:101F70009A600B4BFF22DA60094B00221A61084B72
:101F800000225A61064B00229A61054804F0FCF9D0
:101F90000346002B01D0FFF7DBFF00BF80BD00BF71
:101FA000543B00200028004080B5A6B000AF786008
:101FB00007F1080390220021184614F051FE7B68B7
:101FC0001B680E4A934214D12023BB604FF4007368
:101FD000BB6307F10803184603F0AEFD0346002B70
:101FE00001D0FFF7B5FF064B1B6F054A43F40043D2
:101FF000136700BF9837BD4680BD00BF0028004072
:102000000038024080B582B000AF114B1B6C104A03
:1020100043F0805313640E4B1B6C03F080537B60C2
:102020007B680B4B5B6C0A4A43F480435364084B58
:102030005B6C03F480433B603B6800220F216FF030
:10204000010000F023FF00BF0837BD4680BD00BF80
:102050000038024080B58EB000AF78600023FB628C
:102060000023BB62334B1B6C324A43F4807313640E
:10207000304B1B6C03F48073FB60FB6807F11002AC
:1020800007F114031146184603F024FD3B6AFB6276
:10209000FB6A002B03D103F0F5FC786304E003F046
:1020A000F1FC03465B007B637B6B234AA2FB0323AB
:1020B0009B0C013BBB62214B214A1A601F4B40F233
:1020C000E732DA601D4ABB6A53601C4B00221A617A
:1020D0001A4B00229A60194B00229A61174804F0AB
:1020E00089FA034687F8333097F83330002B1BD139
:1020F000124804F0D7FA034687F8333097F83330A4
:10210000002B11D12D2000F0DDFE7B680F2B08D8AD
:10211000002279682D2000F0B9FE0A4A7B6813601E
:1021200002E0012387F8333097F833301846383708
:10213000BD4680BD0038024083DE1B43743B002057
:10214000002000400800002080B400AF00BFFDE781
:1021500080B400AF00BFFDE780B400AF00BFFDE773
:1021600080B400AF00BFFDE780B400AF00BFFDE763
:1021700080B400AF00BFBD465DF8047B704700002F
:1021800080B500AF024804F005FB00BF80BD00BF72
:10219000D03B002080B500AF024804F0FBFA00BF3E
:1021A00080BD00BF743B002080B500AF024801F045
:1021B00017FB00BF80BD00BFA486002080B400AF25
:1021C00001231846BD465DF8047B704780B483B098
:1021D00000AF78603960054B16221A604FF0FF336C
:1021E00018460C37BD465DF8047B7047A43C0120BF
:1021F00080B582B000AF78604FF0FF317868FFF7AC
:10220000E5FF00BFFDE780B586B000AFF860B960BC
:102210007A6000237B610AE0AFF300800146BB686F
:102220005A1CBA60CAB21A707B6901337B617A6941
:102230007B689A42F0DB7B6818461837BD4680BD44
:1022400080B586B000AFF860B9607A6000237B612A
:1022500009E0BB685A1CBA601B781846AFF30080CF
:102260007B6901337B617A697B689A42F1DB7B6829
:1022700018461837BD4680BD80B483B000AF786083
:102280004FF0FF3318460C37BD465DF8047B7047AE
:1022900080B483B000AF786039603B684FF400527F
:1022A0005A60002318460C37BD465DF8047B704722
:1022B00080B483B000AF7860012318460C37BD4668
:1022C0005DF8047B704780B485B000AFF860B960FA
:1022D0007A60002318461437BD465DF8047B7047CA
:1022E00080B487B000AF7860144A154BD31A7B6175
:1022F0007B693B61134B1B68002B02D1114B124AC7
:102300001A60104B1A687B6813443A699A4205D2E6
:102310000E4B0C221A604FF0FF3309E0094B1B688B
:10232000FB60084B1A687B681344064A1360FB681D
:1023300018461C37BD465DF8047B70470000082036
:1023400000040000C03B0020B83C0120A43C012058
:1023500080B400AF064BD3F88830054A43F47003CD
:10236000C2F8883000BFBD465DF8047B704700BFEF
:1023700000ED00E080B584B000AF78607B68FB6062
:10238000FB68002B20D0FB681B68002B18D0FB6873
:102390001B68B3F86420FB689B889A4210D3FB68E3
:1023A0001868FB68991DFB689A8801230FF016FED8
:1023B0000346002B04D1FB681B68184610F0F8FB9D
:1023C000F86809F029FE00E000BF1037BD4680BD67
:1023D00080B584B000AF78607B68002B30D01C4B98
:1023E0001B68002B2CD07868FDF72AFFF860FB688B
:1023F000002B27D0FB685F2B01D95F23FB6068208F
:1024000009F0A4FFB860BB68002B1DD0104B1A6800
:10241000BB681A60FB689AB2BB689A80BB680633D7
:10242000FA687968184614F0EEFCBA68FB68134441
:10243000063300221A70B968064809F097FB04E0D9
:1024400000BF02E000BF00E000BF1037BD4680BD06
:10245000C43B00207523000880B584B000AF7860CD
:102460007B68FB60FB68002B20D0FB681B68002B9F
:1024700018D0FB681B68B3F86420FB689B889A42FD
:1024800010D3FB681868FB68991DFB689A880123C4
:102490000FF0A4FD0346002B04D1FB681B6818460F
:1024A00010F086FBF86809F0B7FD00E000BF1037B8
:1024B000BD4680BD80B586B000AFF8600B467A603F
:1024C0007B817B687B61FB68002B23D07B89002BA1
:1024D00020D07B69002B1DD0182009F037FF386110
:1024E0003B69002B18D03B697A691A607B89102BF5
:1024F00028BF10239AB23B699A803B69981D3B69BB
:102500009B881A46F96814F07EFC3969044809F082
:102510002DFB02E000BF00E000BF1837BD4680BDC4
:102520005924000880B483B000AF78600B46FB707C
:10253000054B00221A60054B00221A6000BF0C37C1
:10254000BD465DF8047B7047C43B0020C83B0020BB
:1025500080B584B000AF204B7B600CF0FBFDF860D1
:10256000FB68002B16D03B1D40F2D1721946F8686B
:102570000BF04AFD0346002B09D1FF21F8680BF050
:10258000FBFDF8601549F8680CF064FE02E0F8689D
:102590000BF044FC0CF0DEFDB860BB68002B16D0DD
:1025A0003B1D4FF4FA621946B8680BF02DFD034647
:1025B000002B09D1FF21B8680BF0DEFDB860074998
:1025C000B8680CF047FE02E0B8680BF027FC00BFCB
:1025D0001037BD4680BD00BFC0A80019E125000826
:1025E00080B586B000AFF860B9601346FB71012179
:1025F000B8680CF0BDFBBB685B8B43F040039AB23C
:10260000BB685A832149B8680CF002FEBB68DB8ABC
:10261000B3F5FA6F22D11E4ABB6813600021B86877
:102620000CF0B2FD1A4B1B6819461A48FEF730F938
:10263000194B7B617869FDF703FE03469AB20123CB
:102640007969B8680FF0CAFCB86810F0B1FA134B9A
:102650001B68184606F05CFA002313E0BB68DB8AAF
:1026600040F2D172934208D10D4ABB6813600D4904
:10267000B8680CF089FD002304E0B86800F054F855
:102680006FF0050318461837BD4680BD25250008A4
:10269000C43B0020B52400080C850108CC3B002079
:1026A000C83B0020A926000880B586B000AFF860BE
:1026B000B9607A60FB707B68002B04D1B86800F0C9
:1026C00033F800232CE097F90330002B05D078680D
:1026D0000AF0FAFE97F9033022E07B687B6112E092
:1026E0007B695B89002B0BD07B695B68002B07D073
:1026F0007B695A687B695B8919461046FEF700F8CA
:102700007B691B687B617B69002BE9D17B681B8936
:102710001946B8680BF046FE78680AF0D5FE00232B
:1027200018461837BD4680BD80B582B000AF7860CE
:102730007B68002B28D0164B1B687A689A4202D11E
:10274000134B00221A60134B1B687A689A4202D11D
:10275000104B00221A60002178680CF003FD002164
:1027600078680CF055FD002178680CF02FFD0021F1
:1027700078680CF009FD0022002178680CF082FDD9
:1027800078680BF04BFB00E000BF0837BD4680BD0A
:10279000C43B0020C83B002080B588B000AF07F1E3
:1027A000100300221A605A609A60DA603B1D002212
:1027B0001A605A609A601E4B4FF080421A601C4BA0
:1027C00045F260425A601A4B00229A60184B64220C
:1027D000DA60174B00221A61154B80229A61144867
:1027E00003F008FF0346002B01D0FFF7B1FB4FF4C5
:1027F00080533B6107F1100319460D4804F0D2F8ED
:102800000346002B01D0FFF7A3FB00237B600023CE
:10281000FB603B1D1946064804F0F6FA0346002B00
:1028200001D0FFF795FB00BF2037BD4680BD00BF3C
:10283000D03B002080B584B000AF78607B681B6817
:10284000B3F1804F13D10C4B1B6C0B4A43F00103C7
:102850001364094B1B6C03F00103FB60FB6800224F
:1028600005211C2000F012FB1C2000F02BFB00BFF8
:102870001037BD4680BD00BF0038024080B500AFB4
:10288000144B154A1A60134B4FF4E1325A60114B46
:1028900000229A600F4B0022DA600E4B00221A6170
:1028A0000C4B0C225A610B4B00229A61094B0022FF
:1028B000DA61084B00221A62064B00225A62054870
:1028C00004F04EFB0346002B01D0FFF741FB00BF95
:1028D00080BD00BF1C3C00200048004080B5AEB069
:1028E00000AF786007F1A40300221A605A609A6072
:1028F000DA601A6107F1140390220021184614F0DF
:10290000AFF97B681B68224A93423CD14FF4807335
:102910007B6100233B6607F11403184603F00CF9B2
:102920000346002B01D0FFF713FB1A4B1B6C194A0F
:1029300043F480231364174B1B6C03F480233B6127
:102940003B69144B1B6B134A43F008031363114B91
:102950001B6B03F00803FB60FB684FF44073C7F880
:10296000A4300223C7F8A8300023C7F8AC300323F3
:10297000C7F8B0300723C7F8B43007F1A4031946ED
:10298000054802F0CDF800BFB837BD4680BD00BF96
:102990000048004000380240000C0240DFF834D00C
:1029A000FFF7D6FC0C480D490D4A002302E0D4582D
:1029B000C4500433C4188C42F9D30A4A0A4C002389
:1029C00001E013600432A242FBD314F0F5F9FFF7E3
:1029D00021FA70470000082000000020900000202D
:1029E00010B30108D0010020B43C0120FEE780B400
:1029F00083B000AF786039607B68002B0BD03B68F8
:102A0000DB68002B07D03B689B68002B03D03B683A
:102A10001B69002B02D14FF0FF3314E03B681A68AA
:102A20007B689A603B685A687B68DA603B68DA6862
:102A30007B685A613B689A687B681A613B681A69CF
:102A40007B689A61002318460C37BD465DF8047B0D
:102A5000704780B586B000AF78600023FB6000232C
:102A60007B6100233B617B685B68002B39D17B680D
:102A70009B68002B02D07B689B6898477B6820226C
:102A80001A6000237B611CE07B685B6907F10C0224
:102A90001221786998470346002B03DA6FF004038C
:102AA0003B610BE0FB6803F01F037A699A4205D192
:102AB0007B687A691A6000233B6105E07B6901331A
:102AC0007B617B691F2BDFD97B681B681F2B02D9B9
:102AD0006FF002033B613B69002B02D17B6801224E
:102AE0005A603B6918461837BD4680BD80B584B032
:102AF00000AF78600023FB607B685B697A681068D0
:102B000007F10C02012198470346002B02DA6FF00F
:102B100004036EE07B685B697A68106807F10C0259
:102B2000012198470346002B02DA6FF0040360E0AE
:102B3000FB6803F00403002B01D1012359E07B68FB
:102B40005B697A68106807F10C0200219847034618
:102B5000002B02DA6FF004034BE0FB6803F48053B0
:102B6000002B1BD1FB6803F40053002B06D0FB683D
:102B700003F48073002B01D002233AE0FB6803F4D6
:102B80000053002B01D0032333E0FB6803F4807370
:102B9000002B01D004232CE005232AE07B685B692D
:102BA0007A68106807F10C021F2198470346002B32
:102BB00002DA6FF004031CE0FB6803F48053002B7F
:102BC00001D1062315E0FB6803F01C03182B01D18B
:102BD00002230EE0FB6803F01C03082B01D1032342
:102BE00007E0FB6803F01C03142B01D1042300E071
:102BF000052318461037BD4680BD80B500AF0320C1
:102C000000F039F90F20FFF725FAFFF7FBF9002351
:102C1000184680BD80B500AF134B4FF0FF321A62EB
:102C2000114B00221A62104B4FF0FF325A620E4BCA
:102C300000225A620C4B4FF0FF321A610A4B0022FD
:102C40001A61094B4FF0FF325A61074B00225A615B
:102C5000054B4FF0FF329A61034B00229A6100F05E
:102C600005F80023184680BD0038024080B400AF4C
:102C700000BFBD465DF8047B7047000080B400AF24
:102C8000064B1B781A46064B1B681344044A136014
:102C900000BFBD465DF8047B704700BF0C000020FC
:102CA000A43C002080B400AF034B1B681846BD460F
:102CB0005DF8047B704700BFA43C002080B584B061
:102CC00000AF7860FFF7EEFFB8607B68FB60FB68E1
:102CD000B3F1FF3F05D00A4B1B781A46FB6813443B
:102CE000FB6000BFFFF7DEFF0246BB68D31AFA683D
:102CF0009A42F7D800BF00BF1037BD4680BD00BF65
:102D00000C00002080B400AF034B1B681B0C18465E
:102D1000BD465DF8047B7047002004E080B485B0B8
:102D200000AF78607B6803F00703FB600B4BDB6848
:102D3000BB60BA684FF6FF031340BB60FB681A0222
:102D4000BB681A43064B1343BB60044ABB68D3609D
:102D500000BF1437BD465DF8047B704700ED00E00E
:102D60000000FA0580B400AF044BDB681B0A03F0D7
:102D700007031846BD465DF8047B704700ED00E090
:102D800080B483B000AF0346FB7197F90730002B86
:102D90000BDBFB7903F01F02074997F907305B094A
:102DA000012000FA02F241F8232000BF0C37BD4693
:102DB0005DF8047B704700BF00E100E080B483B0A1
:102DC00000AF03463960FB7197F90730002B0ADB2F
:102DD0003B68DAB20C4997F907301201D2B20B44C2
:102DE00083F800230AE03B68DAB20849FB7903F074
:102DF0000F03043B1201D2B20B441A7600BF0C370A
:102E0000BD465DF8047B704700E100E000ED00E0A6
:102E100080B489B000AFF860B9607A60FB6803F0F5
:102E20000703FB61FB69C3F10703042B28BF0423DD
:102E3000BB61FB690433062B02D9FB69033B00E04D
:102E400000237B614FF0FF32BB6902FA03F3DA43E0
:102E5000BB681A407B699A404FF0FF317B6901FAE9
:102E600003F3D9437B680B40134318462437BD4610
:102E70005DF8047B704780B582B000AF78607868F9
:102E8000FFF74CFF00BF0837BD4680BD80B586B058
:102E900000AF0346B9607A60FB7300237B61FFF7E4
:102EA00061FF78617A68B9687869FFF7B1FF024617
:102EB00097F90F3011461846FFF780FF00BF18370B
:102EC000BD4680BD80B582B000AF0346FB7197F967
:102ED00007301846FFF754FF00BF0837BD4680BDD6
:102EE00080B582B000AF78607B68002B01D10123F0
:102EF00054E07B685B7FDBB2002B05D17B6800224E
:102F00001A777868FDF7A4FC7B6802225A777B6801
:102F10001B79002B0CD17B681B68224A5A617B68A5
:102F20001B689A687B681B6822F018029A600CE0A4
:102F30007B6899687B68DB681A46786800F034F82B
:102F40000346002B01D0012328E07B685B79002B2E
:102F500005D17B681B684FF0FF321A6104E07B6883
:102F60001B687A6812691A617B681B689B6823F08A
:102F700060017B685A697B681B680A439A607B68BA
:102F80001B689B6823F080017B689A697B681B68DB
:102F90000A439A607B6801225A7700231846083753
:102FA000BD4680BDB71DC10480B487B000AFF860D6
:102FB000B9607A600023FB751F233B61BB6803F097
:102FC0000103002B02D10123FB7563E000BF3B69C5
:102FD0005A1E3A61002B09D03B6903F01F03BA68FF
:102FE00022FA03F303F00103002BF0D07B68182BC7
:102FF00046D801A252F823F087300008813000083B
:1030000081300008813000088130000881300008DC
:1030100081300008813000087530000881300008D8
:1030200081300008813000088130000881300008BC
:1030300081300008813000086930000881300008C4
:10304000813000088130000881300008813000089C
:1030500081300008813000085D3000083B69062B94
:1030600013D90123FB7510E03B69072B0FD901230E
:10307000FB750CE03B690F2B0BD90123FB7508E0B6
:103080000123FB7506E000BF04E000BF02E000BFC3
:1030900000E000BFFB7D002B0DD1FB681B68BA6808
:1030A0005A61FB681B689B6823F01801FB681B686A
:1030B0007A680A439A60FB7D18461C37BD465DF866
:1030C000047B704780B584B000AF78607B68002BCC
:1030D00001D1012386E07B68D3F88430002B06D130
:1030E0007B682022C3F88420786805F0EBF83F4B1A
:1030F0005B6C3E4A43F4804353643C4B5B6C03F48B
:103100008043BB60BB683A4B5B68394A23F40003D9
:103110005360374B5A687B689B68354913434B6053
:10312000334B5B687B681B6803F580531B687A68C8
:10313000126843F0010302F580521360FFF7B2FDFD
:10314000F86011E0FFF7AEFD0246FB68D31AB3F555
:10315000FA7F09D97B680422C3F888207B68E022C3
:10316000C3F8842001233DE07B681B6803F580538E
:103170001B6803F00103002BE4D1786800F05CFFCA
:10318000786801F007F8786801F05DF87B685B68A3
:103190001A460021786800F0C5FF7B681B68DA6B6F
:1031A0007B681B6842F40272DA637B681B68D3F8A1
:1031B0000C117B681A680F4B0B43C2F80C317B680B
:1031C0001B68D3F810217B681B6842F40312C3F814
:1031D00010217B680022C3F888207B681022C3F886
:1031E0008420002318461037BD4680BD00380240B9
:1031F000003801406000020080B584B000AF786004
:103200007B68D3F88430102B5FD17B682022C3F811
:1032100084207B6801229A657B680422DA667868DC
:1032200000F0F6F97B681B681B68FB600120FFF764
:1032300045FD7B681B68FA681A607B681B6803F5AC
:1032400080539B697A68126843F4005302F58052F8
:1032500093617B681B6803F580539B697A681268E9
:1032600043F0020302F580529361786800F080FD1C
:103270007B681B681A687B681B6842F008021A604A
:103280007B681B681B68FB600120FFF717FD7B68EC
:103290001B68FA681A607B681B681A687B681B6881
:1032A00042F004021A607B681B6803F58053D969F9
:1032B0007B681A68074B0B4302F58052D3617B6829
:1032C0004022C3F88420002300E001231846103771
:1032D000BD4680BDC1A0010080B586B000AF78605A
:1032E0007B68D3F88430402B6ED17B682022C3F8F2
:1032F00084207B681B6803F58053D9697B681A6852
:10330000344B0B4002F58052D3617B681B6803F598
:1033100080539B697A68126823F4005302F5805247
:1033200093617B681B6803F580539B697A68126818
:1033300023F0020302F5805293617B681B681A68D0
:103340007B681B6822F004021A607B681B681B689C
:103350003B610120FFF7B2FC7B681B683A691A6089
:10336000786800F005FD7B681B681A687B681B683D
:1033700022F008021A607B681B681B683B61012011
:10338000FFF79CFC7B681B683A691A6000237B612D
:103390000EE07B687A69123253F82230FB60FB68DA
:1033A0005B6843F00042FB685A607B6901337B61D4
:1033B0007B69032BEDD97B6800229A657B6810221C
:1033C000C3F88420002300E0012318461837BD46C7
:1033D00080BD00BF3E5FFEFF80B582B000AF786069
:1033E00039603B68002B09D17B68D3F8883043F003
:1033F00001027B68C3F88820012345E07B68D3F88D
:103400008430402B3FD13B685A6B7B68DA630122E2
:103410003968786800F086FF0346002B09D07B6886
:10342000D3F8883043F002027B68C3F88820012378
:103430002AE0BFF34F8F00BF7B689B6A5A1C7B68F2
:103440009A627B689B6A032B04D97B689B6A1A1F6C
:103450007B689A627B681B6803F580535B6903F0A5
:103460000403002B0DD07B681B6803F580531A46BC
:10347000042353617B681B6803F580531A460023BD
:103480005360002300E0012318460837BD4680BD85
:1034900080B588B000AF7860396000237B6100237D
:1034A000FB743B68002B09D17B68D3F8883043F06C
:1034B00001027B68C3F888200123A4E07B68D3F86D
:1034C0008430402B01D001239DE07B68DB6DFB61E4
:1034D0007B68FA69123253F82230BB617B68DB6E7D
:1034E000C3F10403FB6066E0BB691B6803F48073EF
:1034F000002B07D0BB69DA697B689A67BB699A6958
:103500007B685A67BB691B6803F40073002B03D107
:103510007B68DB6F002B3CD0BB691B6803F4007336
:10352000002B05D07B6800221A667B6800225A6651
:10353000BB691B681B0CC3F30D03BB60BB691B6835
:1035400003F48073002B05D0BB691A687B681A6787
:103550000123FB74BB699A68BB691A627B6803F13B
:103560007C007B6803F18001BB691B6A1A46BB685B
:103570009BB205F073F87B681B6E5A1C7B681A6659
:103580007B685A6EBB681A447B685A66BB69002226
:103590001A62FB690133FB61FB69032B02D9FB69EA
:1035A000043BFB617B68FA69123253F82230BB613D
:1035B0007B6901337B61BB691B68002B06DB7A6981
:1035C000FB689A4202D2FB7C002B8DD07B68DA6EBE
:1035D0007B691A447B68DA667B68DB6E002B02D05D
:1035E000786800F015F87B68FA69DA65FB7C012BD6
:1035F00008D17B68DA6F3B681A607B680022DA6763
:10360000002300E0012318462037BD4680BD00009E
:1036100080B588B000AF78600023BB600123FB74E5
:103620007B689B6EFB617B68FA69123253F822302B
:103630007B617B68DB6EBB6142E07B691B6A002BB0
:1036400012D107F10803184604F0D8FFBB68002B1D
:1036500002D10023FB7407E0BB681A467B691A623B
:10366000BB681A467B699A60FB7C002B28D07B687C
:103670009B6D002B06D17B685A69264B13437A69F0
:10368000536005E07B685B6943F480427B695A6064
:103690007B691B6843F000427B691A60FB69013358
:1036A000FB61FB69032B02D9FB69043BFB617B686F
:1036B000FA69123253F822307B61BB69013BBB616E
:1036C000BB69002B02D0FB7C002BB6D17B68DB6E84
:1036D000BA699A421AD0FB69033303F00303FB6013
:1036E000BFF35F8F00BF7B681969FA6813469B00C0
:1036F0001344DB00CA187B681B6803F580539A608B
:103700007B68FA699A667B68BA69DA6600BF203717
:10371000BD4680BD0040008080B586B000AF7860B7
:103720007B681833BB60BB689B6A7B61BB68DB6AE4
:103730003B610123FB7347E00123BB737B69013BC2
:103740007B61BA683B6904339B0013445B68002BC0
:103750000AD13B6901333B613B69032B02D93B69C9
:10376000043B3B610023BB73BB7B002B2CD07B68ED
:10377000D9683A6913469B001344DB000B441B686D
:10378000002B1FDBBA683B6904339B0013445B6862
:10379000184604F0A5FFBA683B6904339B00134444
:1037A00000225A603B6901333B613B69032B02D91C
:1037B0003B69043B3B61BB687A699A62BB683A69C2
:1037C000DA6201E00023FB737B69002B02D0FB7BF4
:1037D000002BB1D1002318461837BD4680BD00002C
:1037E00080B586B000AF78607B681B689B6B7B619F
:1037F0007B681B6803F580535B693B617B681B68D2
:1038000003F58053DB69FB604B4B5B69BB603B6935
:1038100003F04003002B0ED0FB6803F04003002BA5
:1038200009D07B681B6803F580531A46434B5361EC
:10383000786804F05BFA3B6903F00103002B0FD0BA
:10384000FB6803F00103002B0AD07B681B6803F5BB
:1038500080531A464FF001135361786804F056FA0A
:103860003B6903F40043002B42D0FB6803F40043A0
:10387000002B3DD07B68D3F8883043F008027B688A
:10388000C3F888203B6903F40053002B1AD07B68EF
:103890001B6803F580535A69294B13407A68C2F8B4
:1038A0008C307B681B6803F58053DB697A6812688B
:1038B00023F4C03302F58052D3617B68E022C3F861
:1038C000842012E07B681B6803F580535A6948F234
:1038D000806313407A68C2F88C307B681B6803F5FC
:1038E00080531A4648F280635361786804F01EFAE8
:1038F0007B6903F00803002B0ED07B681B68DB6A32
:1039000003F060027B68C3F89420786800F01AF82E
:103910007B680022C3F89420BB6803F40023002BCB
:1039200006D0054B4FF400225A61786800F014F875
:1039300000BF1837BD4680BD003C0140400001007B
:1039400000207E0080B483B000AF786000BF0C37E9
:10395000BD465DF8047B704780B483B000AF7860EB
:1039600000BF0C37BD465DF8047B704780B586B05C
:1039700000AFF860B9607A603B60FB681B681B6948
:103980007B617B6903F01C037B61BB68DB029BB23C
:103990007A6913437B617B689B0103F4F8637A695E
:1039A00013437B617B6923F002037B617B6943F0F6
:1039B00001037B61FB681B687A691A61FFF772F982
:1039C00038610DE0FFF76EF902463B69D31AB3F593
:1039D000803F01D3012310E0FB681B681B697B61FA
:1039E0007B6903F00103002BECD1FB681B685B696A
:1039F0009BB21A463B681A60002318461837BD462A
:103A000080BD80B586B000AFF860B9607A603B6079
:103A1000FB681B681B697B617B6903F01C037B618E
:103A2000BB68DB029BB27A6913437B617B689B01B5
:103A300003F4F8637A6913437B617B6943F0020303
:103A40007B617B6943F001037B613B689AB2FB6851
:103A50001B685A61FB681B687A691A61FFF722F9D3
:103A600038610DE0FFF71EF902463B69D31AB3F542
:103A7000803F01D3012309E0FB681B681B697B6160
:103A80007B6903F00103002BECD1002318461837A3
:103A9000BD4680BD80B483B000AF786039603B68BC
:103AA000002B01D10123E6E07B681B681B6803F053
:103AB0001003002B14BF01230023DBB21A463B681E
:103AC00083F828207B681B681B6803F060023B6852
:103AD0005A627B681B681B6803F40073002B0CBFE1
:103AE00001230023DBB21A463B6883F820207B6861
:103AF0001B681B6803F48033002B14BF01230023D1
:103B0000DBB21A463B68DA777B681B681B6803F4F4
:103B10000053002B0CBF01230023DBB21A463B6885
:103B20009A777B681B681B6803F48053002B14BFD3
:103B300001230023DBB21A463B681A777B681B68B7
:103B40001B6803F400623B689A617B681B681B6812
:103B500003F480423B685A617B681B681B6803F46E
:103B60008003002B0CBF01230023DBB21A463B6805
:103B70005A747B681B681B6803F40003002B0CBF9E
:103B800001230023DBB21A463B681A747B681B686A
:103B90001B6803F08003002B14BF01230023DBB25A
:103BA0001A463B68DA737B681B681B6803F4602263
:103BB0003B689A607B681B681B6803F48063002B7A
:103BC00014BF01230023DBB21A463B681A717B68DD
:103BD0001B681B6803F00073002B14BF0123002334
:103BE000DBB21A463B689A737B681B689B6903F0DB
:103BF0000203002B14BF01230023DBB21A463B68EB
:103C000083F854207B681B689B6903F08003002BBA
:103C10000CBF01230023DBB21A463B6883F84C201B
:103C20007B681B689B6903F030023B681A657B6800
:103C30001B689B691B0C9AB23B689A647B681B6883
:103C40009B6903F00403002B14BF01230023DBB2A4
:103C50001A463B6883F856207B681B689B6903F013
:103C60000803002B14BF01230023DBB21A463B6874
:103C700083F85520002318460C37BD465DF8047BB9
:103C8000704780B582B000AF786039603B68002B28
:103C900001D101230BE07B68D3F88430102B05D1D0
:103CA0003968786800F08AF8002300E0012318469C
:103CB0000837BD4680BD000080B584B000AF786095
:103CC0007B681B681B69FB60FB6823F01C03FB60BF
:103CD00001F0CCFEB860BB68144A934204D8FB687C
:103CE00043F00803FB6019E0BB68114A934204D219
:103CF000FB6843F00C03FB6010E0BB680D4A934285
:103D00000CD9BB680C4A934204D8FB6843F0040307
:103D1000FB6003E0FB6843F01003FB607B681B68FB
:103D2000FA681A6100BF1037BD4680BDBF0E16028B
:103D300000879303FFE0F5057FD1F00880B483B0DE
:103D400000AF78607B68D3F8883018460C37BD46E2
:103D50005DF8047B704780B483B000AF78607B6807
:103D6000D3F88C3018460C37BD465DF8047B70479D
:103D700080B584B000AF78600023FB607B681B686F
:103D800003F580539B697A68126843F4801302F547
:103D9000805293617B681B6803F580539B69FB60CD
:103DA0000120FEF78BFF7B681A68FB6802F58052E2
:103DB000936100BF1037BD4680BD000080B584B060
:103DC00000AF786039607B681B681B68FB60FA682D
:103DD000534B1340FB603B689B7B5B063A68127C4D
:103DE000002A02D14FF4000200E0002213433A6897
:103DF000527C002A02D14FF4800200E000221A43D4
:103E00003B689B681A433B68DB7F1B041A433B6893
:103E10005B6913433A68927F002A02D14FF4005243
:103E200000E000221A433B681B7F1B031A433B68D8
:103E30009B691A433B681B799B0213433A6892F8CB
:103E40002020002A02D14FF4007200E000221A4321
:103E50003B68DB7BDB011A433B685B6A1A433B68C8
:103E600093F828301B011343FA681343FB607B6807
:103E70001B68FA681A607B681B681B68FB6001207E
:103E8000FEF71CFF7B681B68FA681A607B681B687A
:103E90009B69FB60FA684FF641731340FB603B6817
:103EA0009B6C1B043A6892F84C20002A01D18022B6
:103EB00000E000221A433B681B6D13433A6892F8F6
:103EC0005520012A01D1082200E0002213433A685C
:103ED00092F85620012A01D1042200E00022134367
:103EE0003A6892F85420012A01D1022200E000220F
:103EF0001343FA681343FB607B681B68FA689A6196
:103F00007B681B689B69FB600120FEF7D7FE7B681E
:103F10001B68FA689A6100BF1037BD4680BD00BFBC
:103F20000F8120FD80B584B000AF786039607B6878
:103F30001B6803F580539B69FB60FA683D4B134097
:103F4000FB603B681B7B002B02D14FF0806200E0DE
:103F500000223B685B7B5B0613433A68527F002A72
:103F600002D14FF4801200E000221A433B689B7B91
:103F70005B051A433B685B691A433B681B7FDB01A7
:103F80001A433B689B7F9B011A433B681B6A1A4399
:103F90003B6893F824309B001343FA681343FB609B
:103FA0007B681B6803F580531A46FB6893617B6846
:103FB0001B6803F580539B69FB600120FEF77EFEC2
:103FC0007B681B6803F580531A46FB6893613B6866
:103FD0001B795A063B689B681A433B689B691A43E6
:103FE0003B681B691A433B6893F82530DB011A4391
:103FF0003B689B6A9B001A433B681B6813437A68C3
:10400000126843F4000302F5805213607B681B685A
:1040100003F580531B68FB600120FEF74FFE7B68B1
:104020001B6803F580531A46FB68136000BF103706
:10403000BD4680BD233FDEF880B5A6B000AF7860F6
:10404000012387F84430012387F845300023FB63C0
:10405000002387F85330012387F85230002387F874
:104060005030012387F84230012387F8383000238D
:1040700087F85430002387F843300023BB650023C2
:1040800087F85C300023FB67002387F8803000232B
:10409000C7F88430002387F88A30002387F88830F7
:1040A0004FF48043BB644FF40063FB64002387F844
:1040B000893007F1340319467868FFF77FFE012342
:1040C0003B7501237B75012387F825300123BB75E0
:1040D0000023FB61002387F82430002387F8263073
:1040E0000023BB62012387F82C3001233B734FF47C
:1040F00080333B614FF480033B624FF40053BB615C
:10410000012387F82D3000233B630023BB6007F1B8
:10411000080319467868FFF705FF00BF9837BD46CA
:1041200080BD000080B487B000AFF860B9607A60ED
:104130007B6805331B781B027A68043212781343BC
:104140007B61BA68114B13441A467B6913607B6824
:1041500003331B781A067B6802331B781B041A434F
:104160007B6801331B781B0213437A681278134370
:104170007B61BA68064B13441A467B69136000BF23
:104180001C37BD465DF8047B704700BF408002408D
:104190004480024080B485B000AF78600023FB60AB
:1041A0003EE07B68D968FA6813469B001344DB0045
:1041B0000B44BB60BB6800221A60BB6800225A60D7
:1041C000BB6800229A60BB680022DA60B9687B682D
:1041D000FA68063243F82210BB681B6843F4801269
:1041E000BB681A60FB68022B0CD87B68D968FB6837
:1041F0005A1C13469B001344DB000B441A46BB6851
:10420000DA6004E07B68DB681A46BB68DA60BB688A
:104210001B6843F44002BB681A60FB680133FB6013
:10422000FB68032BBDD97B6800229A627B68DA6841
:104230007B681B6803F580531A6100BF1437BD46C5
:104240005DF8047B704780B485B000AF78600023D0
:10425000FB6048E07B681969FA6813469B001344C9
:10426000DB000B44BB60BB6800221A60BB68002205
:104270005A60BB6800229A60BB680022DA60BB68A3
:1042800000221A62BB6800225A62BB684FF00042EB
:104290001A607B685B6943F48042BB685A60BB6804
:1042A0005B6823F00042BB685A60B9687B68FA68B3
:1042B000123243F82210FB68022B0CD87B68196974
:1042C000FB685A1C13469B001344DB000B441A4640
:1042D000BB68DA6004E07B681B691A46BB68DA6079
:1042E000FB680133FB60FB68032BB3D97B680022BA
:1042F000DA657B6800221A667B6800229A667B6812
:104300000022DA667B6800229A657B681A697B68FE
:104310001B6803F58053DA6000BF1437BD465DF8B3
:10432000047B704780B491B000AFF860B9607A60E8
:10433000FB6818337B627B6A1B69FB637B6A1B69C2
:104340003B6200237B637B6AFA6B53F822303B634A
:10435000BB689B68FB620023BB623B6B1B6803F07E
:104360000043B3F1004F07D07A6AFB6B04339B0024
:1043700013445B68002B01D0022311E17B6B0133F6
:104380007B63FB6A1B681A463B6B9A603B6B5A68FF
:10439000864B1340FA6A52681A433B6B5A60BB68FB
:1043A0001B6803F00103002B08D03B6B1B6823F450
:1043B0004002BB685B691A433B6B1A60BB681B68B1
:1043C00003F02003002B08D03B6B1B6823F04062F6
:1043D000BB681B691A433B6B1A60BB681B6803F020
:1043E0000403002B05D03B6B1B6843F080023B6B42
:1043F0001A603B6B1B6843F080523B6B1A6082E093
:104400003B6B1B6823F000523B6B1A607B68002BF0
:1044100006D03B6B1B6843F080423B6B1A6005E0A3
:104420003B6B1B6823F080423B6B1A60FB6B0133D4
:10443000FB63FB6B032B02D9FB6B043BFB637B6AC7
:10444000FA6B53F822303B633B6B1B6803F000436D
:10445000B3F1004F07D07A6AFB6B04339B0013441F
:104460005B68002B29D03B6AFB637B6AFA6B53F8CD
:1044700022303B630023BB6319E0BFF35F8F00BFB3
:104480003B6B1B6823F000423B6B1A60FB6B0133F4
:10449000FB63FB6B032B02D9FB6B043BFB637B6A67
:1044A000FA6B53F822303B63BB6B0133BB63BA6BCF
:1044B0007B6B9A42E1D3022372E03B6B1B6823F0D3
:1044C00080523B6B1A607B6B01337B63FB6A9B689A
:1044D000FB62FB6A1B681A463B6B9A603B6B5A682F
:1044E000324B1340FA6A52681A433B6B5A60BB6AFC
:1044F0000133BB62BFF35F8F00BF3B6B1B6843F0B0
:1045000000423B6B1A60FB6A9B68002B7FF478AF1C
:104510007B68002B06D03B6B1B6843F080423B6BF3
:104520001A6005E03B6B1B6823F080423B6B1A600E
:104530003B6B1B6843F000523B6B1A607B6A3A6A24
:1045400053F822303B63BFF35F8F00BF3B6B1B68A8
:1045500043F000423B6B1A607B6A5A6A796AFB6BD4
:1045600004339B000B445A607B6AFA6B1A61EFF3C9
:1045700010833B613B69FB6101237B617B6983F3B2
:10458000108800BF7B6A9A6ABB6A13445A1C7B6A14
:104590009A62FB69BB61BB6983F3108800BF00238B
:1045A00018464437BD465DF8047B704700E0FFFFC6
:1045B00080B586B000AFF860B960C7E90023274B2B
:1045C0001B7D012B01D1022343E0244B01221A75EC
:1045D0004CF2503000F078F80346FB75FB7D002B61
:1045E00033D1FB68032B23D801A252F823F000BF7C
:1045F000014600080D460008194600082546000837
:104600003B781946B86800F021F912E03B8819465A
:10461000B86800F0F5F80CE03B681946B86800F09F
:10462000C9F806E0D7E90023B86800F08DF800E08B
:1046300000BF4CF2503000F047F80346FB75084BC2
:104640001B69074A23F001031361044B00221A750A
:10465000FB7D18461837BD4680BD00BFA83C002032
:10466000003C024080B483B000AF0023FB710B4BD1
:104670001B69002B0BDA094B094A5A60074B094AA0
:104680005A60064B1B69002B01DA0123FB71FB7991
:1046900018460C37BD465DF8047B7047003C02406D
:1046A00023016745AB89EFCD80B400AF054B1B6993
:1046B000044A43F00043136100231846BD465DF8E9
:1046C000047B7047003C024080B584B000AF786046
:1046D0000023FB601A4B00229A61FEF7E3FAF860B0
:1046E00010E07B68B3F1FF3F0CD07B68002B07D054
:1046F000FEF7D8FA0246FB68D31A7A689A4201D2CA
:10470000032319E00F4BDB6803F48033002BE8D15F
:104710000C4BDB6803F0F203002B03D000F0BAF877
:10472000012309E0074BDB6803F00103002B02D0F3
:10473000044B0122DA60002318461037BD4680BDC5
:10474000A83C0020003C024080B485B000AFF86077
:10475000C7E90023164B1B69154A23F44073136104
:10476000134B1B69124A43F440731361104B1B69CE
:104770000F4A43F001031361FB683A681A60BFF304
:104780006F8F00BFD7E900014FF000024FF0000328
:104790000A000023F968043113460B60BFF34F8F02
:1047A00000BF00BF1437BD465DF8047B704700BFF3
:1047B000003C024080B483B000AF786039600F4B9A
:1047C0001B690E4A23F4407313610C4B1B690B4A9F
:1047D00043F400731361094B1B69084A43F001035A
:1047E00013617B683A681A60BFF34F8F00BF00BF48
:1047F0000C37BD465DF8047B704700BF003C0240AB
:1048000080B483B000AF78600B467B800E4B1B6991
:104810000D4A23F4407313610B4B1B690A4A43F49E
:1048200080731361084B1B69074A43F0010313614E
:104830007B687A881A80BFF34F8F00BF00BF0C37A8
:10484000BD465DF8047B7047003C024080B483B0F5
:1048500000AF78600B46FB700D4B1B690C4A23F4CC
:10486000407313610A4B0A4A1B691361084B1B69A9
:10487000074A43F0010313617B68FA781A70BFF3AB
:104880004F8F00BF00BF0C37BD465DF8047B7047FB
:10489000003C024080B400AF214BDB6803F0020310
:1048A000002B05D01F4B9B6943F020031D4A9361E9
:1048B0001B4BDB6803F01003002B05D0194B9B69E1
:1048C00043F01003174A9361154BDB6803F0200394
:1048D000002B05D0134B9B6943F00803114A9361E9
:1048E0000F4BDB6803F04003002B05D00D4B9B6999
:1048F00043F004030B4A9361094BDB6803F0800328
:10490000002B05D0074B9B6943F00203054A9361D6
:10491000034BF222DA6000BFBD465DF8047B7047AE
:10492000003C0240A83C002080B584B000AF786015
:1049300039600023BB60304B1B7D012B01D102236A
:1049400056E02D4B01221A754CF25030FFF7BCFE99
:104950000346FB73FB7B002B46D13B684FF0FF32D5
:104960001A607B681B68012B15D17B681B69DAB262
:104970007B685B681946104600F044F84CF25030F2
:10498000FFF7A2FE0346FB731C4B1A691B491C4B25
:1049900013400B6128E07B689B68BB601CE07B6870
:1049A0001B69DBB21946B86800F068F84CF2503069
:1049B000FFF78AFE0346FB73104B1B690F4A23F077
:1049C000FA031361FB7B002B03D03B68BA681A60C3
:1049D0000AE0BB680133BB607B68DA687B689B6870
:1049E0001344BA689A42DAD3034B00221A75FB7B50
:1049F00018461037BD4680BDA83C0020003C024050
:104A0000FB7FFFFF80B483B000AF03463960FB71CA
:104A1000194B1B69184A23F4407313613B68032B3D
:104A200007D1154B1A69144948F2040313430B616B
:104A30000FE03B68022B06D10F4B1B690E4A43F473
:104A40000043136105E00C4B1B690B4A43F0040360
:104A50001361094B1A69FB791B021343064A43F49D
:104A600080331361BFF34F8F00BF00BF0C37BD46CB
:104A70005DF8047B704700BF003C024080B485B005
:104A800000AF78600B46FB700023FB60FB78002BC7
:104A900002D10023FB6010E0FB78012B03D14FF41F
:104AA0008073FB6009E0FB78022B03D14FF40073A5
:104AB000FB6002E04FF44073FB607B680B2B02D974
:104AC0007B6804337B60154B1B69144A23F44073E5
:104AD0001361124B1A691149FB6813430B610F4BA9
:104AE0001B690E4A23F0F80313610C4B1A697B68AB
:104AF000DB001343094A43F002031361074B1B69B0
:104B0000064A43F480331361BFF34F8F00BF00BFE9
:104B10001437BD465DF8047B704700BF003C02407F
:104B200080B489B000AF786039600023FB61002356
:104B30007B6100233B610023BB610023FB6175E1C6
:104B40000122FB6902FA03F37B613B681B687A6907
:104B500013403B613A697B699A4240F064813B684B
:104B60005B6803F00303012B05D03B685B6803F02F
:104B70000303022B30D17B689B68BB61FB695B0040
:104B8000032202FA03F3DB43BA691340BB613B68BB
:104B9000DA68FB695B0002FA03F3BA691343BB618D
:104BA0007B68BA699A607B685B68BB610122FB69BC
:104BB00002FA03F3DB43BA691340BB613B685B68ED
:104BC0001B0903F00102FB6902FA03F3BA691343FC
:104BD000BB617B68BA695A603B685B6803F003039A
:104BE000032B17D07B68DB68BB61FB695B0003228A
:104BF00002FA03F3DB43BA691340BB613B689A686E
:104C0000FB695B0002FA03F3BA691343BB617B687B
:104C1000BA69DA603B685B6803F00303022B23D1B7
:104C2000FB69DA087B68083253F82230BB61FB6904
:104C300003F007039B000F2202FA03F3DB43BA6978
:104C40001340BB613B681A69FB6903F007039B00D3
:104C500002FA03F3BA691343BB61FB69DA087B68A4
:104C60000832B96943F822107B681B68BB61FB6995
:104C70005B00032202FA03F3DB43BA691340BB6112
:104C80003B685B6803F00302FB695B0002FA03F315
:104C9000BA691343BB617B68BA691A603B685B6899
:104CA00003F44033002B00F0BE80664B5B6C654A1A
:104CB00043F480435364634B5B6C03F48043FB60B9
:104CC000FB68614AFB699B08023352F82330BB61E1
:104CD000FB6903F003039B000F2202FA03F3DB439B
:104CE000BA691340BB617B68584A934237D07B68EE
:104CF000574A934231D07B68564A93422BD07B6807
:104D0000554A934225D07B68544A93421FD07B6812
:104D1000534A934219D07B68524A934213D07B681E
:104D2000514A93420DD07B68504A934207D07B682A
:104D30004F4A934201D1092312E00A2310E00823CD
:104D40000EE007230CE006230AE0052308E0042315
:104D500006E0032304E0022302E0012300E0002335
:104D6000FA6902F0030292009340BA691343BB61EF
:104D70003549FB699B080233BA6941F823203D4B52
:104D80009B68BB613B69DB43BA691340BB613B680D
:104D90005B6803F48013002B03D0BA693B691343AB
:104DA000BB61344ABB699360324BDB68BB613B69D2
:104DB000DB43BA691340BB613B685B6803F40013D3
:104DC000002B03D0BA693B691343BB61294ABB6915
:104DD000D360284B5B68BB613B69DB43BA69134016
:104DE000BB613B685B6803F40033002B03D0BA69F6
:104DF0003B691343BB611F4ABB6953601D4B1B6872
:104E0000BB613B69DB43BA691340BB613B685B68CC
:104E100003F48033002B03D0BA693B691343BB61B1
:104E2000144ABB691360FB690133FB61FB690F2BFB
:104E30007FF686AE00BF00BF2437BD465DF8047B19
:104E4000704700BF003802400038014000000240B7
:104E50000004024000080240000C02400010024022
:104E60000014024000180240001C024000200240D2
:104E700000240240003C014080B483B000AF786061
:104E80000B467B8013467B707B78002B03D07A889F
:104E90007B689A6103E07B881A047B689A6100BF93
:104EA0000C37BD465DF8047B7047000080B400AF4E
:104EB000054B1B68044A43F48073136000BFBD4672
:104EC0005DF8047B704700BF0070004080B582B081
:104ED00000AF00237B60234B1B6C224A43F08053BE
:104EE0001364204B1B6C03F080533B603B681E4BEC
:104EF0001B681D4A43F480331360FDF7D3FE7860CE
:104F000009E0FDF7CFFE02467B68D31AB3F57A7F3E
:104F100001D9032322E0144B5B6803F48033B3F51B
:104F2000803FEED1104B1B680F4A43F400331360EF
:104F3000FDF7B8FE786009E0FDF7B4FE02467B6835
:104F4000D31AB3F57A7F01D9032307E0064B5B68D8
:104F500003F40033B3F5003FEED1002318460837C1
:104F6000BD4680BD003802400070004080B582B070
:104F700000AFFDF797FE7860664B1B68654A43F00B
:104F80000103136008E0FDF78DFE02467B68D31A2B
:104F9000022B01D90323B8E05E4B1B6803F0020328
:104FA000002BF0D05B4B1B685A4A43F08003136020
:104FB000FDF778FE7860574B00229A600AE0FDF713
:104FC00071FE02467B68D31A41F28832934201D9BE
:104FD00003239AE04F4B9B6803F00C03002BEED1A8
:104FE000FDF760FE78604B4B1B684A4A23F4502360
:104FF000136008E0FDF756FE02467B68D31A642B67
:1050000001D9032381E0434B1B6803F40033002BD9
:10501000F0D1FDF747FE78603E4B1B683D4A23F018
:105020008073136008E0FDF73DFE02467B68D31AEB
:10503000022B01D9032368E0364B1B6803F0007391
:10504000002BF0D1FDF72EFE7860324B1B68314A01
:1050500023F08063136008E0FDF724FE02467B68BE
:10506000D31A642B01D903234FE02A4B1B6803F0AA
:105070000063002BF0D1FDF715FE7860254B1B680F
:10508000244A23F08053136008E0FDF70BFE02462C
:105090007B68D31A642B01D9032336E01D4B1B68B0
:1050A00003F00053002BF0D11A4B1B4A5A60194BE6
:1050B0001A4AC3F88420174B184AC3F88820154BA6
:1050C000DB68144A23F4FE43D360124BDB68114AB9
:1050D00043F47F03D3600F4B5B6F0E4A23F0010351
:1050E00053670C4B5B6F0B4A43F0807353670C4B59
:1050F0000C4A1A600C4B1B681846FCF7ABFF0346C2
:10510000002B01D0012300E0002318460837BD46DC
:1051100080BD00BF00380240103000240030002461
:10512000040000200024F4000800002080B586B0B0
:1051300000AF78600023FB757B68002B01D1012351
:105140009BE27B681B6803F00103002B00F0878063
:10515000964B9B6803F00C03042B0CD0934B9B687D
:1051600003F00C03082B12D1904B5B6803F480030F
:10517000B3F5800F0BD18D4B1B6803F40033002B6C
:105180006CD07B685B68002B68D1012375E27B687B
:105190005B68B3F5803F06D1844B1B68834A43F4B8
:1051A000803313602EE07B685B68002B0CD17F4B53
:1051B0001B687E4A23F4803313607C4B1B687B4A58
:1051C00023F4802313601DE07B685B68B3F5A02F98
:1051D0000CD1764B1B68754A43F480231360734BE4
:1051E0001B68724A43F4803313600BE06F4B1B68FB
:1051F0006E4A23F4803313606C4B1B686B4A23F4B4
:10520000802313607B685B68002B13D0FDF74AFD99
:10521000386108E0FDF746FD02463B69D31A642B6E
:1052200001D9032329E2614B1B6803F40033002BEF
:10523000F0D014E0FDF736FD386108E0FDF732FDEF
:1052400002463B69D31A642B01D9032315E2574B5D
:105250001B6803F40033002BF0D100E000BF7B6833
:105260001B6803F00203002B69D0504B9B6803F0CE
:105270000C03002B0BD04D4B9B6803F00C03082B49
:105280001CD14A4B5B6803F48003002B16D1474BBB
:105290001B6803F00203002B05D07B68DB68012B41
:1052A00001D00123E9E1414B1B6823F0F8027B6840
:1052B0001B69DB003D4913430B6040E07B68DB6802
:1052C000002B23D0394B1B68384A43F0010313608D
:1052D000FDF7E8FC386108E0FDF7E4FC02463B69B5
:1052E000D31A022B01D90323C7E1304B1B6803F00B
:1052F0000203002BF0D02D4B1B6823F0F8027B68D3
:105300001B69DB00294913430B6018E0274B1B681E
:10531000264A23F001031360FDF7C4FC386108E05E
:10532000FDF7C0FC02463B69D31A022B01D90323C7
:10533000A3E11E4B1B6803F00203002BF0D17B6836
:105340001B6803F00803002B38D07B685B69002BD7
:1053500019D0164B5B6F154A43F001035367FDF7F5
:10536000A1FC386108E0FDF79DFC02463B69D31AB9
:10537000022B01D9032380E10C4B5B6F03F0020386
:10538000002BF0D01AE0094B5B6F084A23F00103B1
:105390005367FDF787FC38610AE0FDF783FC02469E
:1053A0003B69D31A022B03D9032366E1003802407C
:1053B000924B5B6F03F00203002BEED17B681B68FE
:1053C00003F00403002B00F0A4808C4B1B6C03F053
:1053D0008053002B0DD1894B1B6C884A43F08053BE
:1053E0001364864B1B6C03F08053BB60BB680123C6
:1053F000FB75834B1B6803F48073002B18D1804B23
:105400001B687F4A43F480731360FDF74BFC3861DF
:1054100008E0FDF747FC02463B69D31A642B01D92B
:1054200003232AE1764B1B6803F48073002BF0D032
:105430007B689B68012B06D1704B1B6F6F4A43F052
:10544000010313672DE07B689B68002B0CD16B4B2D
:105450001B6F6A4A23F001031367684B1B6F674A8F
:1054600023F0040313671CE07B689B68052B0CD1B9
:10547000624B1B6F614A43F0040313675F4B1B6F62
:105480005E4A43F0010313670BE05C4B1B6F5B4A02
:1054900023F001031367594B1B6F584A23F0040391
:1054A00013677B689B68002B15D0FDF7FBFB386109
:1054B0000AE0FDF7F7FB02463B69D31A41F2883256
:1054C000934201D90323D8E04C4B1B6F03F0020336
:1054D000002BEED014E0FDF7E5FB38610AE0FDF7A4
:1054E000E1FB02463B69D31A41F28832934201D96B
:1054F0000323C2E0414B1B6F03F00203002BEED1EC
:10550000FB7D012B05D13D4B1B6C3C4A23F08053A6
:1055100013647B689B69002B00F0AE80374B9B685F
:1055200003F00C03082B6DD07B689B69022B4BD1D9
:10553000324B1B68314A23F080731360FDF7B2FBD6
:10554000386108E0FDF7AEFB02463B69D31A022B37
:1055500001D9032391E0294B1B6803F00073002B52
:10556000F0D17B68DA697B681B6A1A437B685B6AE7
:105570009B011A437B689B6A5B08013B1B041A432F
:105580007B68DB6A1B061A437B681B6B1B071B4986
:1055900013434B60194B1B68184A43F08073136028
:1055A000FDF780FB386108E0FDF77CFB02463B69B4
:1055B000D31A022B01D903235FE0104B1B6803F0C1
:1055C0000073002BF0D057E00C4B1B680B4A23F004
:1055D00080731360FDF766FB386108E0FDF762FB3E
:1055E00002463B69D31A022B01D9032345E0034B42
:1055F0001B6803F00073002BF0D13DE0003802403F
:10560000007000401F4B5B68FB607B689B69012B4F
:1056100030D0FB6803F480027B68DB699A4229D1B1
:10562000FB6803F03F027B681B6A9A4222D1FA684A
:1056300047F6C07313407A68526A9201934219D1B7
:10564000FB6803F440327B689B6A5B08013B1B04E8
:105650009A420FD1FB6803F070627B68DB6A1B061D
:105660009A4207D1FB6803F0E0427B681B6B1B0783
:105670009A4201D0012300E0002318461837BD46A6
:1056800080BD00BF0038024080B584B000AF7860B4
:1056900039600023FB607B68002B01D10123D0E03F
:1056A0006A4B1B6803F00F033A689A4210D9674BA4
:1056B0001B6823F00F0265493B6813430B60634B83
:1056C0001B6803F00F033A689A4201D00123B8E047
:1056D0007B681B6803F00203002B20D07B681B68EB
:1056E00003F00403002B05D0594B9B68584A43F440
:1056F000E05393607B681B6803F00803002B05D020
:10570000534B9B68524A43F460439360504B9B68F1
:1057100023F0F0027B689B684D4913438B607B68E4
:105720001B6803F00103002B40D07B685B68012BF2
:1057300007D1474B1B6803F40033002B15D101231D
:105740007FE07B685B68022B07D1414B1B6803F04D
:105750000073002B09D1012373E03D4B1B6803F05C
:105760000203002B01D101236BE0394B9B6823F02E
:1057700003027B685B68364913438B60FDF792FA3E
:10578000F8600AE0FDF78EFA0246FB68D31A41F290
:105790008832934201D9032353E02D4B9B6803F0D9
:1057A0000C027B685B689B009A42EBD1274B1B681D
:1057B00003F00F033A689A4210D2244B1B6823F07F
:1057C0000F0222493B6813430B60204B1B6803F018
:1057D0000F033A689A4201D0012332E07B681B68CC
:1057E00003F00403002B08D0194B9B6823F4E0520C
:1057F0007B68DB68164913438B607B681B6803F08A
:105800000803002B09D0124B9B6823F460427B688D
:105810001B69DB000E4913438B6000F021F8024640
:105820000B4B9B681B0903F00F030A49CB5C22FA60
:1058300003F3094A1360094B1B681846FCF70AFC7E
:10584000002318461037BD4680BD00BF003C024013
:1058500000380240D0B001080400002008000020F9
:105860002DE9B04F94B000AF00237B640023FB64AC
:1058700000233B640023BB64794B9B6803F00C035B
:10588000082B0DD0082B00F2E180002B02D0042B56
:1058900003D0DBE0734BBB64DBE0734BBB64D8E04D
:1058A0006F4B5B6803F03F037B646D4B5B6803F4F5
:1058B0008003002B63D06A4B5B689B090022BB63AB
:1058C000FA63BB6BC3F308033B6300237B63D7E935
:1058D0000C4522462B464FF000004FF000015901C5
:1058E00041EAD261500102460B462146511A396104
:1058F000294663EB01037B614FF000024FF0000388
:10590000D7E904AB59468B01514643EA91635146AE
:105910008A015146B2EB0108594663EB01094FF089
:1059200000024FF000034FEAC90343EA58734FEAFD
:10593000C80290469946234618EB0303BB602B46EA
:1059400049EB0303FB604FF000024FF00003D7E97F
:10595000024529464B02214643EAD15321464A02D9
:10596000104619467B6C0022BB62FA62D7E90A2313
:10597000FAF7BEFC02460B461346FB6458E0384B70
:105980005B689B09002218461146C0F308033B627E
:1059900000237B62D7E9088942464B464FF000005E
:1059A0004FF00001590141EAD261500102460B4615
:1059B0004146B2EB010A494663EB010B4FF000028E
:1059C0004FF000034FEA8B1343EA9A634FEA8A12BF
:1059D000B2EB0A0463EB0B054FF000024FF000033B
:1059E000EB0043EA5473E20014461D464346E318B5
:1059F0003B604B4645EB03037B604FF000024FF0EA
:105A00000003D7E9004529468B02214643EA91531A
:105A100021468A02104619467B6C0022BB61FA615E
:105A2000D7E90623FAF764FC02460B461346FB64EB
:105A30000B4B5B681B0C03F0030301335B003B64FF
:105A4000FA6C3B6CB2FBF3F3BB6402E0054BBB6446
:105A500000BFBB6C18465037BD46BDE8B08F00BFD5
:105A6000003802400024F40000127A0080B400AF35
:105A7000034B1B681846BD465DF8047B704700BFAA
:105A80000400002080B500AFFFF7F0FF0246054B91
:105A90009B689B0A03F007030349CB5C22FA03F3DC
:105AA000184680BD00380240E0B0010880B500AF64
:105AB000FFF7DCFF0246054B9B685B0B03F0070317
:105AC0000349CB5C22FA03F3184680BD003802403C
:105AD000E0B0010880B483B000AF786039607B68C3
:105AE0000F221A60124B9B6803F003027B685A6016
:105AF0000F4B9B6803F0F0027B689A600C4B9B682D
:105B000003F4E0527B68DA60094B9B68DB0803F41E
:105B1000E0527B681A61074B1B6803F00F023B6879
:105B20001A6000BF0C37BD465DF8047B704700BFAC
:105B300000380240003C024080B588B000AF786079
:105B400000237B6100233B610023FB600023FB619A
:105B50000023BB617B681B6803F00103002B12D09C
:105B6000694B9B68684A23F400039360664B9A680C
:105B70007B685B6B644913438B607B685B6B002BBA
:105B800001D10123FB617B681B6803F40023002B18
:105B900017D05D4BD3F88C3023F440127B68DB6B5D
:105BA00059491343C1F88C307B68DB6BB3F5801F18
:105BB00001D10123FB617B68DB6B002B01D1012349
:105BC000BB617B681B6803F48013002B17D04E4B1E
:105BD000D3F88C3023F440027B681B6C4A49134392
:105BE000C1F88C307B681B6CB3F5800F01D10123A9
:105BF000FB617B681B6C002B01D10123BB617B68BF
:105C00001B6803F08073002B01D00123FB617B68CC
:105C10001B6803F02003002B00F08B803A4B1B6CB9
:105C2000394A43F080531364374B1B6C03F08053A5
:105C3000BB60BB68354B1B68344A43F48073136008
:105C4000FDF730F8786108E0FDF72CF802467B6933
:105C5000D31A642B01D903238FE32C4B1B6803F465
:105C60008073002BF0D0284B1B6F03F440733B6113
:105C70003B69002B35D07B681B6B03F440733A699A
:105C80009A422ED0204B1B6F23F440733B611E4B76
:105C90001B6F1D4A43F4803313671B4B1B6F1A4A5B
:105CA00023F480331367184A3B691367164B1B6F45
:105CB00003F00103012B14D1FCF7F4FF78610AE033
:105CC000FCF7F0FF02467B69D31A41F28832934217
:105CD00001D9032351E30C4B1B6F03F00203002B8C
:105CE000EED07B681B6B03F44073B3F5407F11D19A
:105CF000054B9B6823F4F8127B68196B044B0B402F
:105D0000014913438B600BE00038024000700040F3
:105D1000FFFCFF0FAC4B9B68AB4A23F4F813936076
:105D2000A94B1A6F7B681B6BC3F30B03A649134384
:105D30000B677B681B6803F01003002B10D0A24B8D
:105D4000D3F88C30A04A23F08073C2F88C309E4B7D
:105D5000D3F88C207B689B6B9B491343C1F88C3034
:105D60007B681B6803F48043002B0AD0964BD3F862
:105D7000903023F440327B685B6E93491343C1F843
:105D800090307B681B6803F40043002B0AD08E4BD5
:105D9000D3F8903023F440227B689B6E8A491343EA
:105DA000C1F890307B681B6803F48033002B0AD065
:105DB000854BD3F8903023F440127B68DB6E824928
:105DC0001343C1F890307B681B6803F40033002B49
:105DD0000AD07D4BD3F8903023F440027B681B6FD0
:105DE00079491343C1F890307B681B6803F0400386
:105DF000002B0AD0744BD3F8903023F003027B6859
:105E00005B6C71491343C1F890307B681B6803F0E9
:105E10008003002B0AD06C4BD3F8903023F00C0297
:105E20007B689B6C68491343C1F890307B681B68A2
:105E300003F48073002B0AD0634BD3F8903023F027
:105E400030027B68DB6C60491343C1F890307B689B
:105E50001B6803F40073002B0AD05B4BD3F890301F
:105E600023F0C0027B681B6D57491343C1F8903083
:105E70007B681B6803F48063002B0AD0524BD3F875
:105E8000903023F440727B685B6D4F491343C1F837
:105E900090307B681B6803F40063002B0AD04A4BE8
:105EA000D3F8903023F440627B689B6D46491343DE
:105EB000C1F890307B681B6803F48053002B0AD034
:105EC000414BD3F8903023F440527B68DB6D3E4960
:105ED0001343C1F890307B681B6803F40053002B18
:105EE0000AD0394BD3F8903023F440427B681B6EC4
:105EF00035491343C1F890307B681B6803F4800375
:105F0000002B0AD0304BD3F8903023F080627B68AE
:105F10009B6F2D491343C1F890307B681B6803F4D5
:105F20000013002B11D0284BD3F8903023F00062DF
:105F30007B68DB6F24491343C1F890307B68DB6FCB
:105F4000B3F1006F01D10123BB617B681B6803F0D3
:105F50000803002B01D00123BB617B681B6803F49D
:105F60008023002B0AD0184BD3F8903023F04072D6
:105F70007B685B6F14491343C1F890307B681B68E2
:105F800003F40003002B0BD00F4BD3F8903023F019
:105F900080527B68D3F880300B491343C1F89030AE
:105FA0007B681B6803F08063002B0FD0064BD3F88F
:105FB000903023F000527B68D3F8843002491343B9
:105FC000C1F8903002E000BF003802407B681B68D7
:105FD00003F00063002B0BD08A4BD3F88C3023F0F6
:105FE00000727B68D3F8883086491343C1F88C303F
:105FF0007B681B6803F08053002B0BD0814BD3F8D8
:106000008C3023F080627B68D3F88C307D49134359
:10601000C1F88C30FB69012B06D07B681B6803F04C
:106020000073002B00F0D680764B1B68754A23F076
:1060300080631360FCF736FE786108E0FCF732FEFF
:1060400002467B69D31A642B01D9032395E16D4B7A
:106050001B6803F00063002BF0D17B681B6803F022
:106060000103002B21D07B685B6B002B1DD1654B9E
:10607000D3F884301B0C03F003033B61614BD3F86E
:1060800084301B0E03F00F03FB607B685B689A0192
:106090003B691B041A43FB681B061A437B689B6819
:1060A0001B0758491343C1F884307B681B6803F40D
:1060B0000023002B04D07B68DB6BB3F5801F0AD074
:1060C0007B681B6803F48013002B2ED07B681B6C4D
:1060D000B3F5800F29D14B4BD3F884301B0C03F060
:1060E00003033B61474BD3F884301B0F03F00703D6
:1060F000FB607B685B689A013B691B041A437B6801
:10610000DB681B061A43FB681B073E491343C1F8B3
:1061100084303C4BD3F88C3023F01F027B685B6AE1
:10612000013B38491343C1F88C307B681B6803F08E
:106130008073002B1DD0334BD3F884301B0E03F03B
:106140000F033B612F4BD3F884301B0F03F0070381
:10615000FB607B685B689A017B681B691B041A43C0
:106160003B691B061A43FB681B0726491343C1F80A
:1061700084307B681B6803F00073002B11D07B68B0
:106180005B689A017B681B691B041A437B68DB68A8
:106190001B061A437B689B681B071A491343C1F807
:1061A0008430184B1B68174A43F080631360FCF778
:1061B00079FD786108E0FCF775FD02467B69D31A2A
:1061C000642B01D90323D8E00E4B1B6803F0006356
:1061D000002BF0D0BB69012B40F0CE80094B1B682F
:1061E000084A23F080531360FCF75CFD78610BE0F4
:1061F000FCF758FD02467B69D31A642B04D90323AC
:10620000BBE000BF003802405E4B1B6803F0005348
:10621000B3F1005FECD07B681B6803F40023002B14
:1062200003D07B68DB6B002B09D07B681B6803F411
:106230008013002B2ED07B681B6C002B2AD1514B76
:10624000D3F888301B0C03F003033B614D4BD3F8AC
:1062500088301B0F03F00703FB607B685B699A01C2
:106260003B691B041A437B689B691B061A43FB6846
:106270001B0744491343C1F88830424BD3F88C3094
:1062800023F4F8527B689B6A013B1B023D49134390
:10629000C1F88C307B681B6803F40013002B22D0FC
:1062A0007B68DB6FB3F1006F1DD1364BD3F88830BC
:1062B0001B0E03F00F033B61324BD3F888301B0FEA
:1062C00003F00703FB607B685B699A017B681B6ACC
:1062D0001B041A433B691B061A43FB681B07294929
:1062E0001343C1F888307B681B6803F00803002B58
:1062F00028D0244BD3F888301B0E03F00F033B61EA
:10630000204BD3F888301B0C03F00303FB607B6841
:106310005B699A01FB681B041A433B691B061A431D
:106320007B68DB691B0717491343C1F88830154B9D
:10633000D3F88C3023F440327B68DB6A1149134375
:10634000C1F88C300F4B1B680E4A43F0805313602A
:10635000FCF7A8FC786108E0FCF7A4FC02467B6926
:10636000D31A642B01D9032307E0064B1B6803F003
:106370000053B3F1005FEFD1002318462037BD462C
:1063800080BD00BF0038024080B584B000AF7860A7
:106390007B68002B01D1012371E07B685B7FDBB25E
:1063A000002B05D17B6800221A777868FBF7FCFD8B
:1063B0007B6802225A777B681B68DB6803F0100356
:1063C000102B53D07B681B68CA225A627B681B68FB
:1063D00053225A62786800F07FF80346FB73FB7B18
:1063E000002B2AD17B681B6899687B681A68264B4A
:1063F0000B4093607B681B6899687B685A687B6870
:106400001B691A437B685B691A437B681B680A43F4
:106410009A607B681B687A68D2681A617B681B681F
:1064200019697B689B681A047B681B680A431A61B8
:10643000786800F088F80346FB73FB7B002B10D1D3
:106440007B681B68DA6C7B681B6822F00802DA64E0
:106450007B681B68D96C7B689A697B681B680A43F8
:10646000DA647B681B68FF225A6201E00023FB7339
:10647000FB7B002B02D17B6801225A77FB7B1846FD
:106480001037BD4680BD00BFBFFF8FFF80B584B011
:1064900000AF78600023FB607B681B680D4ADA6000
:1064A000FCF700FCF86009E0FCF7FCFB0246FB6827
:1064B000D31AB3F57A7F01D9032307E07B681B6801
:1064C000DB6803F02003002BEED0002318461037C2
:1064D000BD4680BD5FFF010080B584B000AF78602D
:1064E0000023BB600023FB737B681B68DB6803F041
:1064F0004003002B22D17B681B68DA687B681B682D
:1065000042F08002DA60FCF7CDFBB8600CE0FCF7EB
:10651000C9FB0246BB68D31AB3F57A7F04D97B68FE
:1065200004225A770123FB737B681B68DB6803F046
:106530004003002B02D1FB7B012BE8D1FB7B1846EB
:106540001037BD4680BD80B584B000AF78600023B1
:10655000FB737B681B68DA687B681B6822F080022B
:10656000DA607B681B689B6803F02003002B0AD16C
:106570007868FFF78BFF0346002B04D07B6804226A
:106580005A770123FB73FB7B18461037BD4680BD4D
:1065900080B487B000AFF860B9607A6000237B6197
:1065A000FB681B6850337B61BB689B007A691344AE
:1065B0007B617B697A681A6000BF1C37BD465DF855
:1065C000047B704780B485B000AF786039600023E9
:1065D000FB607B681B685033FB603B689B00FA687C
:1065E0001344FB60FB681B6818461437BD465DF812
:1065F000047B704780B582B000AF78607B68002B69
:1066000001D1012349E07B6893F83D30DBB2002BD8
:1066100006D17B68002283F83C207868FCF70AF9F1
:106620007B68022283F83D207B681A687B6804330C
:106630001946104600F0A8FA7B68012283F848202A
:106640007B68012283F83E207B68012283F83F208B
:106650007B68012283F840207B68012283F8412077
:106660007B68012283F842207B68012283F8432063
:106670007B68012283F844207B68012283F845204F
:106680007B68012283F846207B68012283F847203B
:106690007B68012283F83D20002318460837BD4659
:1066A00080BD000080B485B000AF78607B6893F84F
:1066B0003D30DBB2012B01D0012354E07B68022284
:1066C00083F83D207B681B68DA687B681B6842F0B2
:1066D0000102DA607B681B68264A934222D07B68FD
:1066E0001B68B3F1804F1DD07B681B68224A934220
:1066F00018D07B681B68214A934213D07B681B68C3
:106700001F4A93420ED07B681B681E4A934209D0F1
:106710007B681B681C4A934204D07B681B681B4A39
:10672000934215D17B681B689A68194B1340FB6034
:10673000FB68062B15D0FB68B3F5803F11D07B6852
:106740001B681A687B681B6842F001021A6008E047
:106750007B681B681A687B681B6842F001021A603C
:1067600000E000BF002318461437BD465DF8047BE7
:10677000704700BF000001400004004000080040D6
:10678000000C00400004014000400140001800409F
:106790000700010080B584B000AF78607B681B689B
:1067A000DB68FB607B681B681B69BB60BB6803F030
:1067B0000203002B20D0FB6803F00203002B1BD048
:1067C0007B681B686FF002021A617B6801221A77EE
:1067D0007B681B689B6903F00303002B03D0786878
:1067E00000F0B4F905E0786800F0A6F9786800F0E8
:1067F000B7F97B6800221A77BB6803F00403002B0B
:1068000020D0FB6803F00403002B1BD07B681B68BF
:106810006FF004021A617B6802221A777B681B689A
:106820009B6903F44073002B03D0786800F08EF965
:1068300005E0786800F080F9786800F091F97B68ED
:1068400000221A77BB6803F00803002B20D0FB68F6
:1068500003F00803002B1BD07B681B686FF0080255
:106860001A617B6804221A777B681B68DB6903F076
:106870000303002B03D0786800F068F905E078681E
:1068800000F05AF9786800F06BF97B6800221A77FB
:10689000BB6803F01003002B20D0FB6803F010034B
:1068A000002B1BD07B681B686FF010021A617B689D
:1068B00008221A777B681B68DB6903F44073002B9E
:1068C00003D0786800F042F905E0786800F034F908
:1068D000786800F045F97B6800221A77BB6803F0FE
:1068E0000103002B0CD0FB6803F00103002B07D041
:1068F0007B681B686FF001021A617868FBF716FB72
:10690000BB6803F08003002B04D1BB6803F4005381
:10691000002B0CD0FB6803F08003002B07D07B68B2
:106920001B686FF402521A61786800F005FBBB68BF
:1069300003F48073002B0CD0FB6803F08003002B62
:1069400007D07B681B686FF480721A61786800F06A
:10695000FDFABB6803F04003002B0CD0FB6803F08A
:106960004003002B07D07B681B686FF040021A6160
:10697000786800F0FFF8BB6803F02003002B0CD010
:10698000FB6803F02003002B07D07B681B686FF0C7
:1069900020021A61786800F0C5FA00BF1037BD46C2
:1069A00080BD000080B584B000AF786039600023FE
:1069B000FB737B6893F83C30012B01D10223B4E0D8
:1069C0007B68012283F83C207B68022283F83D200B
:1069D0007B681B689B68BB60BA68564B1340BB6002
:1069E000BB6823F47F43BB607B681B68BA689A600E
:1069F0003B681B68B3F5005F3ED0B3F5005F00F263
:106A00008780B3F5805F00F08680B3F5805F7FD824
:106A1000702B1AD0702B7BD8602B50D0602B77D87E
:106A2000502B3CD0502B73D8402B58D0402B6FD8D4
:106A3000302B64D0302B6BD8202B60D0202B67D824
:106A4000002B5CD0102B5AD062E07B6818683B6842
:106A500099683B685A683B68DB6800F0B5F97B6869
:106A60001B689B68BB60BB6843F07703BB607B68B7
:106A70001B68BA689A604FE07B6818683B68996841
:106A80003B685A683B68DB6800F09EF97B681B68CE
:106A90009A687B681B6842F480429A603CE07B689D
:106AA00018683B6859683B68DB681A4600F012F9C1
:106AB0007B681B685021184600F06BF92CE07B685E
:106AC00018683B6859683B68DB681A4600F031F982
:106AD0007B681B686021184600F05BF91CE07B684E
:106AE00018683B6859683B68DB681A4600F0F2F8A2
:106AF0007B681B684021184600F04BF90CE07B686E
:106B00001A683B681B681946104600F042F903E01A
:106B10000123FB7300E000BF7B68012283F83D2066
:106B20007B68002283F83C20FB7B18461037BD466B
:106B300080BD00BF88FFFEFF80B483B000AF7860E7
:106B400000BF0C37BD465DF8047B704780B483B04E
:106B500000AF786000BF0C37BD465DF8047B70471E
:106B600080B483B000AF786000BF0C37BD465DF8DD
:106B7000047B704780B483B000AF786000BF0C37EF
:106B8000BD465DF8047B704780B485B000AF786087
:106B900039607B681B68FB607B68434A934213D073
:106BA0007B68B3F1804F0FD07B68404A93420BD093
:106BB0007B683F4A934207D07B683E4A934203D0AA
:106BC0007B683D4A934208D1FB6823F07003FB6069
:106BD0003B685B68FA681343FB607B68324A934208
:106BE0002BD07B68B3F1804F27D07B682F4A93422C
:106BF00023D07B682E4A93421FD07B682D4A934254
:106C00001BD07B682C4A934217D07B682B4A934257
:106C100013D07B682A4A93420FD07B68294A93425B
:106C20000BD07B68284A934207D07B68274A93425F
:106C300003D07B68264A934208D1FB6823F4407353
:106C4000FB603B68DB68FA681343FB60FB6823F07A
:106C500080023B685B691343FB603B689A687B6812
:106C6000DA623B681A687B689A627B680E4A9342D4
:106C700003D07B68104A934203D13B681A697B6852
:106C80001A637B681B6843F004027B681A607B68A8
:106C900001225A617B68FA681A6000BF1437BD464A
:106CA0005DF8047B704700BF000001400004004015
:106CB00000080040000C004000040140004001407A
:106CC000004401400048014000180040001C004002
:106CD0000020004080B487B000AFF860B9607A60EF
:106CE000FB681B6A7B61FB681B6A23F00102FB687F
:106CF0001A62FB689B693B613B6923F0F0033B61CF
:106D00007B681B013A6913433B617B6923F00A03EB
:106D10007B617A69BB6813437B61FB683A699A615E
:106D2000FB687A691A6200BF1C37BD465DF8047BB8
:106D3000704780B487B000AFF860B9607A60FB68D4
:106D40001B6A7B61FB681B6A23F01002FB681A62F6
:106D5000FB689B693B613B6923F470433B617B6843
:106D60001B033A6913433B617B6923F0A0037B61FA
:106D7000BB681B017A6913437B61FB683A699A61BE
:106D8000FB687A691A6200BF1C37BD465DF8047B58
:106D9000704780B485B000AF786039607B689B68CD
:106DA000FB60FB6823F07003FB603A68FB681343E9
:106DB00043F00703FB607B68FA689A6000BF1437F2
:106DC000BD465DF8047B704780B487B000AFF860C3
:106DD000B9607A603B60FB689B687B617B6923F4E8
:106DE0007F437B613B681A027B681A43BB6813438D
:106DF0007A6913437B61FB687A699A6000BF1C372C
:106E0000BD465DF8047B704780B485B000AF786004
:106E100039607B6893F83C30012B01D102236DE08F
:106E20007B68012283F83C207B68022283F83D20A6
:106E30007B681B685B68FB607B681B689B68BB604A
:106E40007B681B68304A934204D07B681B682F4ADA
:106E5000934208D1FB6823F47003FB603B685B68D6
:106E6000FA681343FB60FB6823F07003FB603B6828
:106E70001B68FA681343FB607B681B68FA685A60FA
:106E80007B681B68204A934222D07B681B68B3F161
:106E9000804F1DD07B681B681D4A934218D07B68C9
:106EA0001B681C4A934213D07B681B681A4A9342A2
:106EB0000ED07B681B68154A934209D07B681B681B
:106EC000164A934204D07B681B68154A93420CD142
:106ED000BB6823F08003BB603B689B68BA681343C0
:106EE000BB607B681B68BA689A607B68012283F884
:106EF0003D207B68002283F83C200023184614378D
:106F0000BD465DF8047B704700000140000401406D
:106F10000004004000080040000C00400040014018
:106F20000018004080B483B000AF786000BF0C3719
:106F3000BD465DF8047B704780B483B000AF7860D5
:106F400000BF0C37BD465DF8047B704780B483B04A
:106F500000AF786000BF0C37BD465DF8047B70471A
:106F600080B582B000AF78607B68002B01D101232F
:106F700040E07B68DB6F002B06D17B68002283F842
:106F800078207868FBF7AAFC7B682422DA677B68A4
:106F90001B681A687B681B6822F001021A607B6814
:106FA0005B6A002B02D0786800F016FB786800F06E
:106FB000AFF80346012B01D101231BE07B681B685E
:106FC0005A687B681B6822F490425A607B681B6891
:106FD0009A687B681B6822F02A029A607B681B68AB
:106FE0001A687B681B6842F001021A60786800F03A
:106FF00095FB034618460837BD4680BD80B58AB06C
:1070000002AFF860B9603B601346FB80FB68DB6F42
:10701000202B77D1BB68002B02D0FB88002B01D13D
:10702000012370E0FB680022C3F88420FB68212262
:10703000DA67FBF737FE7861FB68FA88A3F850201F
:10704000FB68FA88A3F85220FB689B68B3F5805F61
:1070500008D1FB681B69002B04D10023FB61BB68CE
:10706000BB6103E0BB68FB610023BB612FE03B68B1
:1070700000937B6900228021F86800F0F7FB03464B
:10708000002B04D0FB682022DA6703233BE0FB6976
:10709000002B0BD1BB691B881A46FB681B68C2F327
:1070A00008029A62BB690233BB6107E0FB691A7888
:1070B000FB681B689A62FB690133FB61FB68B3F8EC
:1070C00052309BB2013B9AB2FB68A3F85220FB6896
:1070D000B3F852309BB2002BC9D13B6800937B6957
:1070E00000224021F86800F0C1FB0346002B04D0C9
:1070F000FB682022DA67032305E0FB682022DA67B9
:10710000002300E0022318462037BD4680BD000062
:1071100080B588B000AF78600023BB777B689A6841
:107120007B681B691A437B685B691A437B68DB6970
:1071300013437B617B681B681A68A64B13407A680F
:10714000126879690B4313607B681B685B6823F4E2
:1071500040517B68DA687B681B680A435A607B6829
:107160009B697B617B681B6A7A6913437B617B68DF
:107170001B689B6823F430617B681B687A690A434B
:107180009A607B681B68944A934220D1934BD3F852
:10719000903003F00303032B16D801A252F823F01A
:1071A000B1710008BD710008B7710008C371000813
:1071B0000123FB7750E10223FB774DE10423FB77AA
:1071C0004AE10823FB7747E11023FB7744E17B6822
:1071D0001B68834A934232D1804BD3F8903003F03E
:1071E0000C030C2B28D801A252F823F021720008BE
:1071F0003972000839720008397200082D720008CF
:1072000039720008397200083972000827720008C4
:1072100039720008397200083972000833720008A8
:107220000023FB7718E10223FB7715E10423FB77AA
:1072300012E10823FB770FE11023FB770CE17B6859
:107240001B68684A934220D1644BD3F8903003F016
:107250003003302B13D0302B14D8202B09D0202B07
:1072600010D8002B02D0102B06D00BE00023FB77A8
:10727000F2E00223FB77EFE00423FB77ECE0082346
:10728000FB77E9E01023FB77E6E07B681B68564A52
:10729000934220D1514BD3F8903003F0C003C02B60
:1072A00013D0C02B14D8802B09D0802B10D8002BE2
:1072B00002D0402B06D00BE00023FB77CCE002236A
:1072C000FB77C9E00423FB77C6E00823FB77C3E024
:1072D0001023FB77C0E07B681B68444A934225D1AA
:1072E0003E4BD3F8903003F44073B3F5407F17D092
:1072F000B3F5407F17D8B3F5007F0BD0B3F5007F0F
:1073000011D8002B03D0B3F5807F06D00BE000230B
:10731000FB77A1E00223FB779EE00423FB779BE051
:107320000823FB7798E01023FB7795E07B681B68C8
:107330002F4A934225D1294BD3F8903003F4406370
:10734000B3F5406F17D0B3F5406F17D8B3F5006FA2
:107350000BD0B3F5006F11D8002B03D0B3F5806FBD
:1073600006D00BE00123FB7776E00223FB7773E086
:107370000423FB7770E00823FB776DE01023FB7795
:107380006AE07B681B681B4A934238D1134BD3F8E1
:10739000903003F44053B3F5405F17D0B3F5405F2E
:1073A0002AD8B3F5005F0BD0B3F5005F24D8002BCB
:1073B00003D0B3F5805F06D01EE00023FB774BE0DF
:1073C0000223FB7748E00423FB7745E00823FB77A3
:1073D00042E000BFF369FFEF0010014000380240B7
:1073E0000044004000480040004C00400050004075
:1073F00000140140007800401023FB772CE07B68EC
:107400001B68724A934225D1714BD3F8903003F434
:107410004043B3F5404F17D0B3F5404F17D8B3F5FD
:10742000004F0BD0B3F5004F11D8002B03D0B3F5AC
:10743000804F06D00BE00023FB770DE00223FB77A3
:107440000AE00423FB7707E00823FB7704E010231E
:10745000FB7701E01023FB777B68DB69B3F5004F16
:107460005BD1FB7F082B28D801A252F823F000BF84
:10747000957400089D740008A5740008BB7400088A
:10748000AB740008BB740008BB740008BB74000830
:10749000B3740008FEF7F6FAB86113E0FEF706FBD6
:1074A000B8610FE04B4BBB610CE0FEF7D9F9B86156
:1074B00008E04FF40043BB6104E00023BB610123FB
:1074C000BB7700BFBB69002B74D0BB695A007B68D7
:1074D0005B685B081A447B685B68B2FBF3F33B6153
:1074E0003B690F2B16D93B69B3F5803F12D23B693C
:1074F0009BB223F00F03FB813B695B089BB203F057
:1075000007039AB2FB891343FB817B681B68FA89E6
:10751000DA604FE00123BB774CE0FB7F082B28D8D3
:1075200001A252F823F000BF4D7500085575000800
:107530005D750008737500086375000873750008B1
:1075400073750008737500086B750008FEF79AFAEA
:10755000B86113E0FEF7AAFAB8610FE01D4BBB61FA
:107560000CE0FEF77DF9B86108E04FF40043BB6121
:1075700004E00023BB610123BB7700BFBB69002B84
:1075800018D07B685B685A08BB691A447B685B68E3
:10759000B2FBF3F33B613B690F2B09D93B69B3F5B0
:1075A000803F05D23B699AB27B681B68DA6001E0D4
:1075B0000123BB777B6800229A667B680022DA662B
:1075C000BB7F18462037BD4680BD00BF007C004011
:1075D000003802400024F40080B483B000AF78602B
:1075E0007B685B6A03F00803002B0AD07B681B688A
:1075F0005B6823F400417B685A6B7B681B680A4315
:107600005A607B685B6A03F00103002B0AD07B6839
:107610001B685B6823F400317B689A6A7B681B688F
:107620000A435A607B685B6A03F00203002B0AD0AE
:107630007B681B685B6823F480317B68DA6A7B684F
:107640001B680A435A607B685B6A03F00403002BE3
:107650000AD07B681B685B6823F480217B681A6B07
:107660007B681B680A435A607B685B6A03F01003FF
:10767000002B0AD07B681B689B6823F480517B68D1
:107680009A6B7B681B680A439A607B685B6A03F0AD
:107690002003002B0AD07B681B689B6823F40051F1
:1076A0007B68DA6B7B681B680A439A607B685B6A5D
:1076B00003F04003002B1AD07B681B685B6823F43F
:1076C00080117B681A6C7B681B680A435A607B6870
:1076D0001B6CB3F5801F0AD17B681B685B6823F4C1
:1076E000C0017B685A6C7B681B680A435A607B68E0
:1076F0005B6A03F08003002B0AD07B681B685B6821
:1077000023F400217B689A6C7B681B680A435A60EB
:1077100000BF0C37BD465DF8047B704780B598B05C
:1077200002AF78607B680022C3F88420FBF7BAFAC6
:1077300078657B681B681B6803F00803082B2ED153
:107740006FF07E4300937B6D00224FF40011786848
:1077500000F08CF80346002B21D07B681B68BB63CC
:10776000BB6B53E8003F7B637B6B23F080033B657F
:107770007B681B681A463B6D7B643A64396C7A6C93
:1077800041E80023FB63FB6B002BE6D17B682022E2
:10779000DA677B68002283F87820032362E07B6845
:1077A0001B681B6803F00403042B49D16FF07E4370
:1077B00000937B6D00224FF48001786800F056F84A
:1077C0000346002B3CD07B681B687B627B6A53E8D6
:1077D000003F3B623B6A23F49073FB647B681B6849
:1077E0001A46FB6C3B63FA62F96A3A6B41E8002384
:1077F000BB62BB6A002BE6D17B681B6808333B6128
:107800003B6953E8003FFB60FB6823F00103BB6466
:107810007B681B680833BA6CFA61BB61B969FA69A5
:1078200041E800237B617B69002BE5D17B68202246
:10783000C3F880207B68002283F87820032311E0BE
:107840007B682022DA677B682022C3F880207B686F
:1078500000221A667B6800225A667B68002283F841
:107860007820002318465837BD4680BD80B584B0C7
:1078700000AFF860B9603B601346FB714FE0BB6935
:10788000B3F1FF3F4BD0FBF70DFA02463B68D31A2A
:10789000BA699A4202D3BB69002B01D103234EE09F
:1078A000FB681B681B6803F00403002B37D0BB6820
:1078B000802B34D0BB68402B31D0FB681B68DB6960
:1078C00003F00803082B10D1FB681B6808221A621A
:1078D000F86800F038F8FB680822C3F88420FB68D9
:1078E000002283F87820012329E0FB681B68DB690C
:1078F00003F40063B3F5006F11D1FB681B684FF40C
:1079000000621A62F86800F01EF8FB682022C3F8D3
:107910008420FB68002283F8782003230FE0FB68B3
:107920001B68DA69BB681340BA689A420CBF01232E
:107930000023DBB21A46FB799A42A0D000231846F6
:107940001037BD4680BD80B495B000AF78607B68CD
:107950001B687B637B6B53E8003F3B633B6B23F40B
:107960009073FB647B681B681A46FB6C3B64FA638C
:10797000F96B3A6C41E80023BB63BB6B002BE6D18B
:107980007B681B6808333B623B6A53E8003FFB613E
:10799000FB6923F00103BB647B681B680833BA6C86
:1079A000FA62BB62B96AFA6A41E800237B627B6AC9
:1079B000002BE5D17B681B6E012B18D17B681B68FF
:1079C000FB60FB6853E8003FBB60BB6823F010031B
:1079D0007B647B681B681A467B6CBB617A61796942
:1079E000BA6941E800233B613B69002BE6D17B6823
:1079F0002022C3F880207B6800221A667B68002260
:107A00009A6600BF5437BD465DF8047B704700009E
:107A1000B0B58CB004AF8F4BC0221A708D4BA8222A
:107A20005A708C4B00229A708A4B1922DA708A4B5A
:107A3000FF221A70884BFF225A70874BFF229A70E0
:107A4000854B0022DA70854B00221A70834B00228E
:107A50005A70824B00229A70804B0022DA7000210B
:107A6000002004F0F9F87B4B1B781A06794B5B7801
:107A70001B041A43774B9B781B021343754AD27839
:107A800013431A06734B1B781906724B5B781B0461
:107A90001943704B9B781B020B436E49C9780B430B
:107AA0001B0203F47F031A436A4B1B781906694BC8
:107AB0005B781B041943674B9B781B020B4365499A
:107AC000C9780B431B0A03F47F431A43614B1B78AD
:107AD0001906604B5B781B0419435E4B9B781B02B5
:107AE0000B435C49C9780B431B0E13435C4A13607C
:107AF000594B1B781A06584B5B781B041A43564B9C
:107B00009B781B021343544AD27813431A06524BF4
:107B10001B781906504B5B781B0419434E4B9B781E
:107B20001B020B434C49C9780B431B0203F47F0330
:107B30001A43494B1B781906474B5B781B041943C2
:107B4000454B9B781B020B434349C9780B431B0AE7
:107B500003F47F431A43404B1B7819063E4B5B7876
:107B60001B0419433C4B9B781B020B433A49C978D1
:107B70000B431B0E13433B4A1360384B1B781A060A
:107B8000364B5B781B041A43344B9B781B02134320
:107B9000324AD27813431A06304B1B7819062F4B02
:107BA0005B781B0419432D4B9B781B020B432B491D
:107BB000C9780B431B0203F47F031A43274B1B783E
:107BC0001906264B5B781B041943244B9B781B0238
:107BD0000B432249C9780B431B0A03F47F431A4322
:107BE0001E4B1B7819061D4B5B781B0419431B4B5E
:107BF0009B781B020B431949C9780B431B0E134397
:107C0000194A1360194B0293194B019300230093F7
:107C1000154B144A1249174804F0E4FD154804F0C6
:107C200093FF144804F0A0FF1349124805F09EF892
:107C3000124B3C1D1D460FCD0FC495E8070084E88C
:107C400007003B1D0B49184600F0CBFD00BF203755
:107C5000BD46B0BD043D0020083D00200C3D002085
:107C6000F83C0020FC3C0020003D002029BB00081F
:107C700019820008C43C0020817C00084C85010862
:107C800080B483B000AF786000BF0C37BD465DF8AC
:107C9000047B704780B487B000AF786039603B6880
:107CA0007B617B683B612023FB60BFF34F8F00BF8C
:107CB0000BE00D4A3B69C2F85C32FB683A69134439
:107CC0003B617A69FB68D31A7B617B69002BF0DC2E
:107CD000BFF34F8F00BFBFF36F8F00BF00BF1C37D4
:107CE000BD465DF8047B704700ED00E080B582B0D2
:107CF00000AF7860044B1B68184600F009FF00BF16
:107D00000837BD4680BD00BF9C86002080B582B08C
:107D100000AF7860044B1B68184600F0F9FE00BF06
:107D20000837BD4680BD00BFA086002080B582B068
:107D300000AF78607868FCF70EF8034603F0800324
:107D4000802B04D1044B1B68184600F0E1FE00BFF5
:107D50000837BD4680BD00BF9C860020B0B5B4B0DA
:107D600000AF7860002387F8C7300023C7F8C83019
:107D70000023C7F8C03007F15C03642200211846D5
:107D80000EF06EFF9F4BA04A1A60002387F8543014
:107D9000802387F85530E12387F85630002387F891
:107DA0005730002387F85830002387F85930954A18
:107DB00007F154035360934B4FF400029A60914BC8
:107DC000924ADA608F4B924A1A618E4B4FF4C0622E
:107DD0005A618C48FBF776F9034687F8C73038229A
:107DE00000218C480EF03CFF8A4B21221A60894BFF
:107DF0004FF440025A61874B00221A61864804F012
:107E0000ABFB7B68062283F82C207E4B5B681A78DC
:107E10007B6883F826207B4B5B685A787B6883F805
:107E20002720784B5B689A787B6883F82820754B0D
:107E30005B68DA787B6883F82920724B5B681A7973
:107E40007B6883F82A206F4B5B685A797B6883F8DC
:107E50002B207B6840F2DC529A847B6893F82D30AB
:107E600043F00A03DAB27B6883F82D200023FB6419
:107E700000233B6507F14C030121184600F0BAFDD1
:107E80000346664A136000237B640023BB6407F14A
:107E900044030121184600F0ADFD0346604A13601B
:107EA0005E4B1B680021184600F0E4FD5C4B1B682C
:107EB0000021184600F0DEFD5A4B07F128041D464C
:107EC0000FCD0FC495E8070084E8070007F12803E9
:107ED0007968184600F085FC53495448FAF787FD45
:107EE0005248FAF7B6FD0346002B06D0786804F036
:107EF0000DFF786804F0A4FE81E097F8C730002BEE
:107F000065D14A48FAF7F2FDC7F8C000D7F8C0308B
:107F1000012B06DC786804F0F9FE786804F090FE26
:107F200057E0D7F8C030023B032B2BD801A252F800
:107F300023F000BF457F0008577F0008677F0008D7
:107F4000777F00084FF40063C7F8CC304FF48043CC
:107F5000C7F8C8301FE00023C7F8CC304FF4804387
:107F6000C7F8C83017E04FF40063C7F8CC300023DF
:107F7000C7F8C8300FE00023C7F8CC300023C7F89B
:107F8000C83008E04FF40063C7F8CC304FF48043AA
:107F9000C7F8C83000BF07F15C0319461948FBF762
:107FA00079FDD7F8CC307B67D7F8C8303B6707F14D
:107FB0005C0319461348FBF764FE1248FBF71CF9F3
:107FC000786804F0D1FD786804F06CFE01E0F9F700
:107FD000BFFFFAF797FE0346B3F5805F0FD1144B4E
:107FE00007F10C041D460FCD0FC495E8070084E887
:107FF000070007F10C030021184600F0F2FBD03710
:10800000BD46B0BDA48600200080024030010020A3
:108010009000002054870020E8B001089C860020D2
:10802000A086002070850108100000208C870020A9
:108030009C85010880B592B000AF7860396000235C
:108040007B6400233B64002387F83F3007F10C0377
:108050003022002118460EF003FE07F10C033022F7
:10806000002118460EF0FCFD3B683B6445E07B6C4C
:10807000032B02D96FF00B037FE03B6C59687A6CDD
:1080800013465B0013449B0048333B443C3B196060
:108090003B6C5B8919467A6C13465B0013449B006A
:1080A00048333B44383B19607B6C002B11D07B6C10
:1080B0005A1E07F10C00796C0B465B000B449B00C9
:1080C000C11813465B0013449B0048333B44343BC8
:1080D00019603B6C1B68002B09D17A6C13465B005E
:1080E00013449B0048333B44343B00221A607B6CB2
:1080F00001337B643B6C1B683B643B6C002BB6D14B
:108100003B681B891A461F4B5A601E4A07F10C0335
:1081100093601C4A3B685363386805F07BFA194941
:108120001948FBF759F90346002B03D1002387F8C0
:108130003F301BE01448FBF701FE034603F0020347
:10814000002B0DD0114B1B684FF4FA61184600F05C
:1081500091FC0D48FBF7E0FAFE2387F83F3005E07D
:10816000386805F0B1F9F42387F83F3097F93F30CC
:1081700013F1020FD3D097F93F3018464837BD4668
:1081800080BD00BF54870020A4860020A086002068
:1081900080B584B000AF78600023FB60074B1B788C
:1081A000002B05D107F10C0319460548FBF770F9C0
:1081B000FB6818461037BD4680BD00BF988600207A
:1081C000A486002080B584B000AF78600023FB60F7
:1081D0007B68BB600F4B1B684FF0FF31184600F007
:1081E00049FC0346002BF5D1B868FFF7D1FFF860D2
:1081F000FB68002B0AD0BB681B69B968F868984710
:108200000346002B02D0F86805F05EF9FB68002BEE
:10821000EAD1DFE79C86002080B582B000AF7860AD
:108220007B68002B06D10E4B40F217220D490E48F9
:108230000EF05AFC7B68732283F82E207B68742230
:1082400083F82F207B68094A5A617B68084A9A6143
:108250007868FFF783FD002318460837BD4680BDC8
:10826000B8850108D4850108E48501089D49010805
:108270003580000880B584B000AF78607B68FB6013
:10828000F968094804F058FA084B1B78012B07D10C
:10829000064B00221A70064B1B68184600F038FC8B
:1082A00000BF1037BD4680BDE8B0010898860020A9
:1082B0009C86002080B500AFFAF7F4FC0346184610
:1082C00080BD000080B58EB000AF786007F1240358
:1082D00000221A605A609A60DA601A617B681B6833
:1082E000524A934240F09E80514B1B6B504A43F0E0
:1082F000007313634E4B1B6B03F000733B623B6ACE
:108300004B4B1B6B4A4A43F080631363484B1B6B18
:1083100003F08063FB61FB69454B1B6B444A43F0F0
:1083200000631363424B1B6B03F00063BB61BB69CB
:108330003F4B1B6B3E4A43F0040313633C4B1B6BE8
:1083400003F004037B617B69394B1B6B384A43F0B4
:1083500001031363364B1B6B03F001033B613B6965
:10836000334B1B6B324A43F002031363304B1B6BDE
:1083700003F00203FB60FB682D4B1B6B2C4A43F0A0
:10838000400313632A4B1B6B03F04003BB60BB68C5
:1083900032237B620223BB620023FB6203233B6325
:1083A0000B237B6307F1240319462248FCF7B8FB33
:1083B00086237B620223BB620023FB6203233B63B1
:1083C0000B237B6307F1240319461B48FCF7A8FB2A
:1083D0004FF400537B620223BB620023FB62032342
:1083E0003B630B237B6307F1240319461348FCF717
:1083F00097FB4FF420537B620223BB620023FB6296
:1084000003233B630B237B6307F1240319460C48CA
:10841000FCF786FB002205213D20FAF737FD3D20C1
:10842000FAF750FD00BF3837BD4680BD00800240DE
:1084300000380240000802400000024000040240F0
:108440000018024080B500AF0248FBF735FC00235E
:10845000184680BDA486002080B400AF00231846D3
:10846000BD465DF8047B704780B584B000AFF8600E
:10847000B9607A607B68BA68F9680748FBF776FAF2
:108480000346002B02D04FF0FF3300E000231846D4
:108490001037BD4680BD00BFA486002080B584B0E3
:1084A00000AFF860B9607A607B68BA68F96807481D
:1084B000FBF7A7FA0346002B02D04FF0FF3300E092
:1084C000002318461037BD4680BD00BFA48600209B
:1084D00080B500AFFAF7E6FB0346184680BD000002
:1084E00080B5A0B000AF786007F1080364220021D6
:1084F00018460EF0B5FB00233B670023FB67002303
:10850000BB6700237B677B68FB663A48FAF7EEFAA5
:108510003867FB6E93F82D309B0803F00103DBB244
:10852000002B0CD03B6F012B09DC3348FAF7D4FE4B
:10853000F86E04F085FBF86E04F0E8FB55E0FB6E86
:1085400093F82D3003F00403002B4ED13B6F012B29
:108550004BDD3B6F023B032B2AD801A252F823F0DC
:10856000718500088385000893850008A3850008AD
:108570004FF400637B674FF48043BB670123FB67C5
:1085800017E000237B674FF48043BB670123FB6741
:108590000FE04FF400637B670023BB670123FB6799
:1085A00007E000237B670023BB670123FB6700E034
:1085B00000BFFB6F002B18D007F1080319460E48C7
:1085C000FBF768FA7B6F3B62BB6FFB6107F1080347
:1085D00019460948FBF755FB0748FAF70DFEF86EF8
:1085E00004F0C2FAF86E04F05DFB642000F051F96B
:1085F0008BE700BF8C870020A486002080B586B062
:1086000002AF7860124804F023F8F860FB68002B92
:1086100014D0FB6803F120027B681A60FB680D4AE6
:108620001A617B681B684FF4C06201920093FB687B
:1086300041220021002004F08DFD05E0064B0122BF
:108640001A707B6800221A6000BF1037BD4680BDDB
:10865000E8B00108758200089886002080B588B0CF
:1086600000AFF860B9607A607B80FB68BB61BB6873
:108670007B610023FB617B68203BFB61FB6900227F
:108680001A60FB6900221A81FB697A885A81BB69EA
:108690001B68002B03D1BB69FA691A6003E07B6990
:1086A0001B68FA691A607B69FA691A60BB691B6802
:1086B000FB6109E0FB691A897B8813449AB2FB6964
:1086C0001A81FB691B68FB61FB69002BF2D17B8877
:1086D00019467868FFF7DEFA00BF2037BD4680BD37
:1086E00080B582B000AF7860786804F0EDFE00BF1E
:1086F0000837BD4680BD000080B582B000AF78600D
:10870000154B1B68D3F8C431002B03D0002000F0B8
:10871000B4F8F5E7104B1B68D3F894310A2B16D93F
:108720000E4B5B680D4A23F4000353600B4B5B68F0
:108730000A4A43F400035360074B1B68D3F8002137
:10874000054B1B6842F00102C3F80021D8E7C8209E
:1087500000F09FF8D4E700BFA48600200038014055
:1087600080B485B000AF0346FB800023FB60B7F9FF
:108770000630842B05D0B7F90620FB681344033379
:10878000FB60FB6818461437BD465DF8047B7047F4
:1087900080B483B000AFEFF305837B607B68002B70
:1087A00014BF01230023DBB218460C37BD465DF829
:1087B000047B704780B500AF01F000FE002318462F
:1087C00080BD80B500AFFFF7E3FF0346002B03D069
:1087D00001F020FF034602E001F00CFF03461846BB
:1087E00080BDF0B589B004AF786039607B685B69A3
:1087F000002B20D07B689B69002B1CD07B685C68B9
:108800007B681D687B681E697B68B3F90830184671
:10881000FFF7A6FF01467B685B697A68926902925E
:10882000019300913B6832462946204601F044FB03
:108830000346FB601CE07B685C687B681D687B68A6
:108840001B699EB27B68B3F908301846FFF788FFB2
:10885000024607F10C03019300923B683246294619
:10886000204601F08FFB0346012B01D0002300E0DE
:10887000FB6818461437BD46F0BD80B582B000AF26
:108880007860786801F0D0FC002318460837BD46B0
:1088900080BD80B584B000AF78607B68FB60FB680A
:1088A000002B01D0FB6800E00123184601F04EFDCB
:1088B000002318461037BD4680BD80B582B000AF9A
:1088C00078607B685B68002B07D07B685B68194623
:1088D000012000F06AFC034603E0012000F04DFC9B
:1088E000034618460837BD4680BD000080B584B0F9
:1088F00000AF786039600023BB607B68002B01D13A
:1089000080233AE00023FB603B68B3F1FF3F03D1D3
:108910004FF0FF33FB6009E03B68002B06D03B685B
:10892000FB60FB68002B01D10123FB60FFF730FFE8
:108930000346002B17D007F108031A460021786878
:1089400001F00AF90346012B01D0FF2315E0BB68B3
:10895000002B11D00B4B4FF080521A60BFF34F8F9A
:10896000BFF36F8F08E0F968786800F0DDFF034619
:10897000012B01D0FF2300E0002318461037BD462D
:1089800080BD00BF04ED00E080B584B000AF78602A
:108990000023FB600023BB60FFF7FAFE0346002BB9
:1089A00016D007F108031946786800F03CFE03462C
:1089B000012B01D0FF2317E0BB68002B13D00C4B19
:1089C0004FF080521A60BFF34F8FBFF36F8F0AE0F2
:1089D000002300220021786800F078FC0346012B78
:1089E00001D0FF23FB60FB6818461037BD4680BDF1
:1089F00004ED00E080B586B002AF786039607B6836
:108A00005B68002B16D03B68012B0AD17B685B6842
:108A10000322009200220021012000F0ABFA03465D
:108A200023E0386839687B685B681A4600F0D8FB39
:108A300003461AE03B68012B10D1032200210120DC
:108A400000F01FFBF860FB68002B05D0002300221C
:108A50000021F86800F03AFCFB6806E03B683A68E1
:108A60001146184600F0F9FB034618461037BD467C
:108A700080BD000080B584B000AF7860396000230D
:108A8000BB607B68002B01D180233AE00023FB60B0
:108A90003B68B3F1FF3F03D14FF0FF33FB6009E0C8
:108AA0003B68002B06D03B68FB60FB68002B01D1C4
:108AB0000123FB60FFF76CFE0346002B17D007F184
:108AC00008031A460021786801F046F80346012B96
:108AD00001D0FF2315E0BB68002B11D00B4B4FF0EA
:108AE00080521A60BFF34F8FBFF36F8F08E0F968B1
:108AF000786800F019FF0346012B01D0FF2300E046
:108B0000002318461037BD4680BD00BF04ED00E0CD
:108B100080B584B000AF78600023FB600023BB60A9
:108B2000FFF736FE0346002B16D007F1080319465F
:108B3000786800F078FD0346012B01D0FF2317E091
:108B4000BB68002B13D00C4B4FF080521A60BFF360
:108B50004F8FBFF36F8F0AE0002300220021786857
:108B600000F0B4FB0346012B01D0FF23FB60FB6840
:108B700018461037BD4680BD04ED00E090B585B0C5
:108B800002AF786039607B689B68002B11D07B68EE
:108B9000DB68002B0DD07B6818687B6859687B68A0
:108BA0009A687B68DB680024009400F0E3F90346D0
:108BB00008E07B6818687B685B680022194600F053
:108BC00060FA034618460C37BD4690BD80B586B0A6
:108BD00000AFF860B9607A6000233B617B687B611D
:108BE0007B69002B01D101237B61FFF7D1FD034697
:108BF000002B18D007F1100207F108010023F868D4
:108C000000F06EFC0346012B01D0FF2318E03B6906
:108C1000002B14D00C4B4FF080521A60BFF34F8FD3
:108C2000BFF36F8F0BE007F1080100237A69F86842
:108C300000F04CFB0346012B01D0FF2300E0002392
:108C400018461837BD4680BD04ED00E090B58BB0E6
:108C500000AFF860B9607A60BB68FB610023BB615C
:108C6000BB68002B0AD180237B61FB681C4607F19F
:108C7000140393E8070084E8070054E000233B62F4
:108C800000237B627B68B3F1FF3F03D14FF0FF33DA
:108C90007B6209E07B68002B06D07B687B627B6A85
:108CA000002B01D101237B62FFF772FD0346002BED
:108CB0001CD007F1200207F1140304331946B868E9
:108CC00000F04AFF0346012B02D110237B6101E033
:108CD00000237B613B6A002B1DD0154B4FF0805267
:108CE0001A60BFF34F8FBFF36F8F14E007F11403C7
:108CF00004337A6A1946B86800F02EFD0346012B4A
:108D000002D110237B6106E07B6A002B01D1002396
:108D100000E040237B61FB681C4607F1140393E8E5
:108D2000070084E80700F8682C37BD4690BD00BFF7
:108D300004ED00E080B483B000AF78607B6803F19D
:108D400008027B685A607B684FF0FF329A607B684C
:108D500003F108027B68DA607B6803F108027B6834
:108D60001A617B6800221A6000BF0C37BD465DF8AF
:108D7000047B704780B483B000AF78607B680022CA
:108D80001A6100BF0C37BD465DF8047B704780B4A4
:108D900085B000AF786039607B685B68FB603B68DA
:108DA000FA685A60FB689A683B689A60FB689B683F
:108DB0003A685A60FB683A689A603B687A681A6158
:108DC0007B681B685A1C7B681A6000BF1437BD465D
:108DD0005DF8047B704780B485B000AF786039607F
:108DE0003B681B68BB60BB68B3F1FF3F03D17B6886
:108DF0001B69FB600CE07B680833FB6002E0FB68EA
:108E00005B68FB60FB685B681B68BA689A42F6D2D5
:108E1000FB685A683B685A603B685B683A689A60CE
:108E20003B68FA689A60FB683A685A603B687A68FF
:108E30001A617B681B685A1C7B681A6000BF143774
:108E4000BD465DF8047B704780B485B000AF7860A4
:108E50007B681B69FB607B685B687A6892689A60D4
:108E60007B689B687A6852685A60FB685B687A68BE
:108E70009A4203D17B689A68FB685A607B6800223B
:108E80001A61FB681B685A1EFB681A60FB681B6846
:108E900018461437BD465DF8047B704780B584B032
:108EA00000AF786039607B68FB60FB68002B0DD1F8
:108EB0004FF0500372B683F31188BFF36F8FBFF387
:108EC0004F8F62B6BB6000BF00BFFDE702F01EFA25
:108ED000FB681A68FB68DB6BF968096C01FB03F33C
:108EE0001A44FB689A60FB6800229A63FB681A6860
:108EF000FB685A60FB681A68FB68DB6B013BF9682A
:108F0000096C01FB03F31A44FB68DA60FB68FF227B
:108F100083F84420FB68FF2283F845203B68002B40
:108F200014D1FB681B69002B1AD0FB68103318465C
:108F300001F0CCFC0346002B12D00D4B4FF08052B9
:108F40001A60BFF34F8FBFF36F8F09E0FB681033D8
:108F50001846FFF7EFFEFB6824331846FFF7EAFEDA
:108F600002F00AFA012318461037BD4680BD00BF43
:108F700004ED00E080B58EB002AFF860B9607A60B1
:108F80003B60FB68002B0DD14FF0500372B683F3AA
:108F90001188BFF36F8FBFF34F8F62B6BB6200BF04
:108FA00000BFFDE73B68002B0DD14FF0500372B6B8
:108FB00083F31188BFF36F8FBFF34F8F62B67B626D
:108FC00000BF00BFFDE77B68002B02D0BB68002B11
:108FD00001D0012300E00023002B0DD14FF05003FE
:108FE00072B683F31188BFF36F8FBFF34F8F62B6F2
:108FF0003B6200BF00BFFDE77B68002B02D1BB686E
:10900000002B01D1012300E00023002B0DD14FF0F4
:10901000500372B683F31188BFF36F8FBFF34F8F86
:1090200062B6FB6100BF00BFFDE748237B617B693F
:10903000482B0DD04FF0500372B683F31188BFF365
:109040006F8FBFF34F8F62B6BB6100BF00BFFDE7FC
:109050007B693B68FB62FB6A002B0DD0FB6A012237
:1090600083F8462097F83820FB6A009313467A6805
:10907000B968F86800F048F8FB6A18463037BD4612
:1090800080BD80B58AB002AFF860B9601346FB714D
:10909000FB68002B0DD14FF0500372B683F311889B
:1090A000BFF36F8FBFF34F8F62B63B6100BF00BF4E
:1090B000FDE7BB68002B02D10023FB6104E0FB68E5
:1090C000BA6802FB03F3FB61FB694833184602F000
:1090D0004BFAB861BB69002B11D0BB697B617B691E
:1090E00048337B61BB69002283F84620FA79BB696B
:1090F000009313467A69B968F86800F005F8BB690F
:1091000018462037BD4680BD80B584B000AFF860FA
:10911000B9607A60FB70BB68002B03D1BB69BA6988
:109120001A6002E0BB697A681A60BB69FA68DA63A0
:10913000BB69BA681A640121B869FFF7AFFE00BFC6
:109140001037BD4680BD80B582B000AF78607B68C7
:10915000002B0ED07B6800229A607B6800221A6088
:109160007B680022DA60002300220021786800F08A
:10917000ADF800BF0837BD4680BD80B586B000AFF2
:109180000346FB7101237B6100233B61FB791A4697
:1091900039697869FFF775FFF860F868FFF7D3FF62
:1091A000FB6818461837BD4680BD80B588B002AF51
:1091B00003463960FB7101237B6100233B61FB792E
:1091C00000933B68002239697869FFF7D3FEF860A5
:1091D000F868FFF7B8FFFB6818461837BD4680BD32
:1091E00080B58AB002AFF860B9607A60FB68002B86
:1091F0000DD14FF0500372B683F31188BFF36F8F18
:10920000BFF34F8F62B6BB6100BF00BFFDE7BA6816
:10921000FB689A420DD94FF0500372B683F3118860
:10922000BFF36F8FBFF34F8F62B67B6100BF00BF8C
:10923000FDE7022300937B6800220021F868FFF716
:1092400099FEF861FB69002B02D0FB69BA689A634A
:10925000FB6918462037BD4680BD80B586B000AF9B
:10926000786039607B68002B0DD14FF0500372B6E7
:1092700083F31188BFF36F8FBFF34F8F62B63B61EB
:1092800000BF00BFFDE73A687B689A420DD94FF0F6
:10929000500372B683F31188BFF36F8FBFF34F8F04
:1092A00062B6FB6000BF00BFFDE7022200217868C4
:1092B000FFF7E7FE78617B69002B02D07B693A6893
:1092C0009A637B6918461837BD4680BD80B58EB05D
:1092D00000AFF860B9607A603B6000237B63FB6895
:1092E0003B633B6B002B0DD14FF0500372B683F301
:1092F0001188BFF36F8FBFF34F8F62B6BB6200BFA1
:1093000000BFFDE7BB68002B03D13B6B1B6C002B40
:1093100001D1012300E00023002B0DD14FF05003B9
:1093200072B683F31188BFF36F8FBFF34F8F62B6AE
:109330007B6200BF00BFFDE73B68022B03D13B6BA4
:10934000DB6B012B01D1012300E00023002B0DD1A9
:109350004FF0500372B683F31188BFF36F8FBFF3E2
:109360004F8F62B63B6200BF00BFFDE701F07CFC9F
:109370000346002B02D17B68002B01D1012300E0C2
:109380000023002B0DD14FF0500372B683F31188E8
:10939000BFF36F8FBFF34F8F62B6FB6100BF00BF9B
:1093A000FDE701F0B3FF3B6B9A6B3B6BDB6B9A42C3
:1093B00002D33B68022B29D13A68B968386B00F0B8
:1093C0006BFCF8623B6B5B6A002B10D03B6B243369
:1093D000184601F07BFA0346002B13D03F4B4FF0A9
:1093E00080521A60BFF34F8FBFF36F8F0AE0FB6AA2
:1093F000002B07D0394B4FF080521A60BFF34F8FCC
:10940000BFF36F8F01F0B8FF012363E07B68002B8F
:1094100003D101F0B1FF00235CE07B6B002B06D190
:1094200007F11403184601F0B7FA01237B6301F03A
:10943000A3FF01F031F801F069FF3B6B93F8443072
:109440005BB2B3F1FF3F03D13B6B002283F84420B2
:109450003B6B93F845305BB2B3F1FF3F03D13B6BFD
:10946000002283F8452001F087FF3A1D07F114031D
:109470001146184601F0A6FA0346002B24D1386B9A
:1094800000F002FD0346002B18D03B6B10337A68C6
:109490001146184601F0F2F9386B00F08DFC01F02E
:1094A00009F80346002B7FF47CAF0C4B4FF0805241
:1094B0001A60BFF34F8FBFF36F8F72E7386B00F006
:1094C0007BFC00F0F7FF6CE7386B00F075FC00F0F8
:1094D000F1FF002318463837BD4680BD04ED00E09B
:1094E00080B58EB000AFF860B9607A603B60FB6811
:1094F0003B633B6B002B0DD14FF0500372B683F3EF
:109500001188BFF36F8FBFF34F8F62B67B6200BFCE
:1095100000BFFDE7BB68002B03D13B6B1B6C002B2E
:1095200001D1012300E00023002B0DD14FF05003A7
:1095300072B683F31188BFF36F8FBFF34F8F62B69C
:109540003B6200BF00BFFDE73B68022B03D13B6BD2
:10955000DB6B012B01D1012300E00023002B0DD197
:109560004FF0500372B683F31188BFF36F8FBFF3D0
:109570004F8F62B6FB6100BF00BFFDE701F0AEFF99
:10958000EFF311824FF0500372B683F31188BFF3EB
:109590006F8FBFF34F8F62B6BA617B61BB69FB62AD
:1095A0003B6B9A6B3B6BDB6B9A4202D33B68022BA3
:1095B0002CD13B6B93F8453087F82B303A68B9686B
:1095C000386B00F069FB97F92B30B3F1FF3F12D1F4
:1095D0003B6B5B6A002B16D03B6B2433184601F0C3
:1095E00075F90346002B0ED07B68002B0BD07B68EF
:1095F00001221A6007E097F82B300133DBB25AB230
:109600003B6B83F8452001237B6301E000237B63F0
:10961000FB6A3B613B6983F3118800BF7B6B184693
:109620003837BD4680BD80B58EB000AF78603960F8
:109630007B683B633B6B002B0DD14FF0500372B640
:1096400083F31188BFF36F8FBFF34F8F62B63B6216
:1096500000BF00BFFDE73B6B1B6C002B0DD04FF034
:10966000500372B683F31188BFF36F8FBFF34F8F30
:1096700062B6FB6100BF00BFFDE73B6B1B68002BC0
:1096800003D13B6B9B68002B01D1012300E0002339
:10969000002B0DD14FF0500372B683F31188BFF346
:1096A0006F8FBFF34F8F62B6BB6100BF00BFFDE796
:1096B00001F014FFEFF311824FF0500372B683F301
:1096C0001188BFF36F8FBFF34F8F62B67A613B6132
:1096D0007B69FB623B6B9B6BBB623B6BDB6BBA6A70
:1096E0009A422BD23B6B93F8453087F82730BB6A00
:1096F0005A1C3B6B9A6397F92730B3F1FF3F12D1A5
:109700003B6B5B6A002B16D03B6B2433184601F091
:10971000DDF80346002B0ED03B68002B0BD03B68D6
:1097200001221A6007E097F827300133DBB25AB202
:109730003B6B83F8452001237B6301E000237B63BF
:10974000FB6AFB60FB6883F3118800BF7B6B1846E4
:109750003837BD4680BD000080B58CB000AFF860E2
:10976000B9607A600023FB62FB68BB62BB6A002BB6
:109770000DD14FF0500372B683F31188BFF36F8F92
:10978000BFF34F8F62B63B6200BF00BFFDE7BB680F
:10979000002B03D1BB6A1B6C002B01D1012300E01D
:1097A0000023002B0DD14FF0500372B683F31188C4
:1097B000BFF36F8FBFF34F8F62B6FB6100BF00BF77
:1097C000FDE701F051FA0346002B02D17B68002B24
:1097D00001D1012300E00023002B0DD14FF05003F5
:1097E00072B683F31188BFF36F8FBFF34F8F62B6EA
:1097F000BB6100BF00BFFDE701F088FDBB6A9B6B4A
:109800007B627B6A002B1FD0B968B86A00F0AEFAA1
:109810007B6A5A1EBB6A9A63BB6A1B69002B0FD016
:10982000BB6A1033184601F051F80346002B07D0ED
:109830003C4B4FF080521A60BFF34F8FBFF36F8FD6
:1098400001F09AFD012369E07B68002B03D101F050
:1098500093FD002362E0FB6A002B06D107F11003A1
:10986000184601F099F80123FB6201F085FD00F034
:1098700013FE01F04BFDBB6A93F844305BB2B3F1C9
:10988000FF3F03D1BB6A002283F84420BB6A93F8F0
:1098900045305BB2B3F1FF3F03D1BB6A002283F8CE
:1098A000452001F069FD3A1D07F1100311461846E5
:1098B00001F088F80346002B23D1B86A00F0CEFAF5
:1098C0000346002B17D0BB6A24337A68114618462A
:1098D00000F0D4FFB86A00F06FFA00F0EBFD034629
:1098E000002B89D10F4B4FF080521A60BFF34F8F7E
:1098F000BFF36F8F80E7B86A00F05EFA00F0DAFD20
:109900007AE7B86A00F058FA00F0D4FDB86A00F0BF
:10991000A5FA0346002B3FF46FAF002318463037FB
:10992000BD4680BD04ED00E080B58EB000AF78602C
:10993000396000237B637B68FB6200233B63FB6A27
:10994000002B0DD14FF0500372B683F31188BFF393
:109950006F8FBFF34F8F62B63B6200BF00BFFDE762
:10996000FB6A1B6C002B0DD04FF0500372B683F3D3
:109970001188BFF36F8FBFF34F8F62B6FB6100BFDB
:1099800000BFFDE701F070F90346002B02D13B68F0
:10999000002B01D1012300E00023002B0DD14FF05B
:1099A000500372B683F31188BFF36F8FBFF34F8FED
:1099B00062B6BB6100BF00BFFDE701F0A7FCFB6A18
:1099C0009B6BBB62BB6A002B24D0BB6A5A1EFB6A2E
:1099D0009A63FB6A1B68002B04D101F00FFB02465F
:1099E000FB6A9A60FB6A1B69002B0FD0FB6A10337D
:1099F000184600F06BFF0346002B07D0554B4FF085
:109A000080521A60BFF34F8FBFF36F8F01F0B4FC29
:109A100001239AE03B68002B14D13B6B002B0DD047
:109A20004FF0500372B683F31188BFF36F8FBFF30B
:109A30004F8F62B67B6100BF00BFFDE701F09CFC69
:109A4000002382E07B6B002B06D107F10C03184644
:109A500000F0A2FF01237B6301F08EFC00F01CFDEF
:109A600001F054FCFB6A93F844305BB2B3F1FF3F62
:109A700003D1FB6A002283F84420FB6A93F8453047
:109A80005BB2B3F1FF3F03D1FB6A002283F84520AC
:109A900001F072FC3A4607F10C031146184600F03B
:109AA00091FF0346002B32D1F86A00F0D7F9034644
:109AB000002B26D0FB6A1B68002B09D101F026FC85
:109AC000FB6A9B68184601F0EDF8386301F054FC1E
:109AD000FB6A24333A681146184600F0CFFEF86A54
:109AE00000F06AF900F0E6FC0346002B7FF465AF56
:109AF000184B4FF080521A60BFF34F8FBFF36F8F38
:109B00005BE7F86A00F058F900F0D4FC55E7F86A12
:109B100000F052F900F0CEFCF86A00F09FF903461D
:109B2000002B3FF44AAF3B6B002B0DD001F0EEFB56
:109B3000F86A00F099F87862FB6A9B68796A1846BF
:109B400001F0BCF901F018FC002318463837BD4677
:109B500080BD00BF04ED00E080B58EB000AFF860BE
:109B6000B9607A60FB683B633B6B002B0DD14FF013
:109B7000500372B683F31188BFF36F8FBFF34F8F1B
:109B800062B63B6200BF00BFFDE7BB68002B03D19C
:109B90003B6B1B6C002B01D1012300E00023002B49
:109BA0000DD14FF0500372B683F31188BFF36F8F5E
:109BB000BFF34F8F62B6FB6100BF00BFFDE701F04E
:109BC0008DFCEFF311824FF0500372B683F31188CE
:109BD000BFF36F8FBFF34F8F62B6BA617B61BB6912
:109BE000FB623B6B9B6BBB62BB6A002B2FD03B6B5A
:109BF00093F8443087F82730B968386B00F0B6F82E
:109C0000BB6A5A1E3B6B9A6397F92730B3F1FF3F4B
:109C100012D13B6B1B69002B16D03B6B10331846DF
:109C200000F054FE0346002B0ED07B68002B0BD0B7
:109C30007B6801221A6007E097F827300133DBB216
:109C40005AB23B6B83F8442001237B6301E000237D
:109C50007B63FB6A3B613B6983F3118800BF7B6BCD
:109C600018463837BD4680BD80B485B000AF7860F7
:109C70007B685B6A002B06D07B681B6B1B68C3F19B
:109C80000703FB6001E00023FB60FB681846143704
:109C9000BD465DF8047B704780B586B000AFF860C4
:109CA000B9607A6000237B61FB689B6B3B61FB685A
:109CB0001B6C002B0DD1FB681B68002B4DD1FB6882
:109CC0009B68184601F06EF87861FB6800229A6084
:109CD00043E07B68002B19D1FB685868FB681B6C5C
:109CE0001A46B9680DF08FF8FB685A68FB681B6C60
:109CF0001A44FB685A60FB685A68FB689B689A4282
:109D00002BD3FB681A68FB685A6026E0FB68D868AA
:109D1000FB681B6C1A46B9680DF075F8FB68DA68C9
:109D2000FB681B6C5B421A44FB68DA60FB68DA680C
:109D3000FB681B689A4207D2FB689A68FB681B6C39
:109D40005B421A44FB68DA607B68022B05D13B69F1
:109D5000002B02D03B69013B3B613B695A1CFB680D
:109D60009A637B6918461837BD4680BD80B582B0BE
:109D700000AF786039607B681B6C002B18D07B6863
:109D8000DA687B681B6C1A447B68DA607B68DA6887
:109D90007B689B689A4203D37B681A687B68DA60A9
:109DA0007B68D9687B681B6C1A4638680DF02BF805
:109DB00000BF0837BD4680BD80B584B000AF786075
:109DC00001F0A4FA7B6893F84530FB7311E07B68DF
:109DD0005B6A002B12D07B682433184600F076FDB6
:109DE0000346002B01D000F055FEFB7B013BDBB2AC
:109DF000FB7397F90F30002BE9DC00E000BF7B68B4
:109E0000FF2283F8452001F0B7FA01F07FFA7B6862
:109E100093F84430BB7311E07B681B69002B12D0B0
:109E20007B681033184600F051FD0346002B01D02B
:109E300000F030FEBB7B013BDBB2BB7397F90E3009
:109E4000002BE9DC00E000BF7B68FF2283F84420A0
:109E500001F092FA00BF1037BD4680BD80B584B0D6
:109E600000AF786001F052FA7B689B6B002B02D147
:109E70000123FB6001E00023FB6001F07DFAFB6839
:109E800018461037BD4680BD80B584B000AF7860FD
:109E900001F03CFA7B689A6B7B68DB6B9A4202D1DB
:109EA0000123FB6001E00023FB6001F065FAFB6821
:109EB00018461037BD4680BD80B58EB004AFF8603F
:109EC000B9607A603B607B6B002B0DD14FF0500383
:109ED00072B683F31188BFF36F8FBFF34F8F62B6F3
:109EE0003B6200BF00BFFDE7BB6B002B0DD14FF005
:109EF000500372B683F31188BFF36F8FBFF34F8F98
:109F000062B6FB6100BF00BFFDE7A0233B613B6978
:109F1000A02B0DD04FF0500372B683F31188BFF31E
:109F20006F8FBFF34F8F62B6BB6100BF00BFFDE70D
:109F30003B69BB6B002B1ED07B6B002B1BD0BB6B1C
:109F40007B627B6A7A6B1A637B6A022283F89D20AC
:109F5000002303937B6A029307F1140301933B6B85
:109F600000933B687A68B968F86800F051F8786A3D
:109F700000F0F0F801E000237B617B691846283788
:109F8000BD4680BD80B58CB004AFF860B9603B6061
:109F90001346FB80FB889B00184601F0E5FA7861C8
:109FA0007B69002B0ED0A02001F0DEFAF861FB697E
:109FB000002B03D0FB697A691A6305E0786901F028
:109FC000A1FB01E00023FB61FB69002B17D0FB69BB
:109FD000002283F89D20FA8800230393FB690293F3
:109FE000FB6A0193BB6A00933B68B968F86800F0AC
:109FF0000FF8F86900F0AEF80123BB6102E04FF002
:10A00000FF33BB61BB6918462037BD4680BD0000E9
:10A0100080B588B000AFF860B9607A603B603B6B98
:10A020001A6B79686FF040430B449B001344BB618B
:10A03000BB6923F00703BB61BB6903F00703002B77
:10A040000DD04FF0500372B683F31188BFF36F8FBA
:10A05000BFF34F8F62B67B6100BF00BFFDE7BB68F7
:10A06000002B1FD00023FB6112E0BA68FB69134488
:10A0700019783A6BFB69134434330A461A70BA688C
:10A08000FB6913441B78002B06D0FB690133FB618D
:10A09000FB690F2BE9D900E000BF3B6B002283F87E
:10A0A000432003E03B6B002283F83420BB6A062B7D
:10A0B00001D90623BB623B6BBA6ADA623B6BBA6AB0
:10A0C0005A643B6B00229A643B6B04331846FEF7DC
:10A0D00051FE3B6B18331846FEF74CFE3B6B3A6B58
:10A0E0001A61BB6AC3F107023B6B9A613B6B3A6B27
:10A0F0005A623B6B0022C3F898203B6B002283F826
:10A100009C203B6B4C334C22002118460CF0A8FDE0
:10A110003B6B0D4A1A653B6B0C4A5A653B6B0C4A0C
:10A120009A653A68F968B86900F0E2FF02463B6B4D
:10A130001A60FB6A002B02D0FB6A3A6B1A6000BF00
:10A140002037BD4680BD00BF683B0120D03B0120C9
:10A15000383C012080B582B000AF786001F0D6F8BD
:10A160002A4B1B680133294A1360294B1B68002BBB
:10A1700009D1274A7B681360244B1B68012B10D13F
:10A1800000F0ACFC0DE0234B1B68002B09D1204BE9
:10A190001B68DA6A7B68DB6A9A4202D81C4A7B68D1
:10A1A00013601D4B1B6801331B4A13607B68DB6A1D
:10A1B00001229A40194B1B681343184A13607B68AD
:10A1C000DA6A13469B0013449B00154A1A447B68C5
:10A1D000043319461046FEF7DAFD01F0CDF80D4BB9
:10A1E0001B68002B0ED00A4B1B68DA6A7B68DB6A9F
:10A1F0009A4207D20B4B4FF080521A60BFF34F8F39
:10A20000BFF36F8F00BF0837BD4680BDAC8800200C
:10A21000AC870020B8880020C8880020B4880020BF
:10A22000B087002004ED00E080B584B000AF786016
:10A2300001F06CF87B68002B02D13A4B1B6800E000
:10A240007B68FB60FB6804331846FEF7FDFD0346A0
:10A25000002B15D1FB68DA6A334913469B0013447F
:10A260009B000B441B68002B0AD1FB68DB6A0122B0
:10A2700002FA03F3DA432D4B1B6813402B4A136099
:10A28000FB689B6A002B04D0FB6818331846FEF766
:10A29000DBFD274B1B680133254A1360214B1B68EC
:10A2A000FA689A420BD1FB68043319462148FEF73D
:10A2B0006EFD214B1B6801331F4A136009E01F4BE1
:10A2C0001B68013B1D4A1360F86800F075FC00F044
:10A2D000ABFC01F051F81A4B1B68002B1ED0114B40
:10A2E0001B68FA689A4219D1164B1B68002B0DD0D7
:10A2F0004FF0500372B683F31188BFF36F8FBFF333
:10A300004F8F62B6BB6000BF00BFFDE70E4B4FF042
:10A3100080521A60BFF34F8FBFF36F8F00BF1037AB
:10A32000BD4680BDAC870020B0870020B4880020E7
:10A33000C88800208088002094880020AC880020F5
:10A34000B8880020D488002004ED00E080B584B0F7
:10A3500000AF78600023FB607B68002B1AD0154BA0
:10A360001B68002B0DD04FF0500372B683F3118899
:10A37000BFF36F8FBFF34F8F62B6BB6000BF00BFEC
:10A38000FDE700F089F80021786800F04BFE00F04E
:10A3900091F8F860FB68002B07D1074B4FF0805213
:10A3A0001A60BFF34F8FBFF36F8F00BF1037BD46EA
:10A3B00080BD00BFD488002004ED00E080B58AB0E5
:10A3C00004AF0023BB6000237B603A46391D07F1D0
:10A3D00008031846F7F708FC39687B68BA680292E8
:10A3E00001930023009300230A4623492348FFF7E3
:10A3F00063FD0346224A1360214B1B68002B02D0E9
:10A4000001237B6101E000237B617B69012B1DD16E
:10A410004FF0500372B683F31188BFF36F8FBFF311
:10A420004F8F62B63B6100BF164B1B684C33164A18
:10A430001360164B4FF0FF321A60154B01221A6061
:10A44000144B00221A6000F0E3FE11E07B69B3F1C7
:10A45000FF3F0DD14FF0500372B683F31188BFF365
:10A460006F8FBFF34F8F62B6FB6000BF00BFFDE789
:10A4700000BF1837BD4680BD0C860108ADAA000894
:10A48000D0880020AC87002040000020CC8800202D
:10A49000B8880020B088002080B400AF044B1B684F
:10A4A0000133034A136000BFBD465DF8047B70476B
:10A4B000D488002080B584B000AF0023FB60002367
:10A4C000BB60434B1B68002B0DD14FF0500372B69D
:10A4D00083F31188BFF36F8FBFF34F8F62B63B607A
:10A4E00000BF00BFFDE700F011FF394B1B68013BC7
:10A4F000374A1360364B1B68002B61D1354B1B6804
:10A50000002B5DD02EE0344BDB68DB68FB60FB6822
:10A5100018331846FEF798FCFB6804331846FEF71C
:10A5200093FCFB68DB6A01229A402C4B1B681343A7
:10A530002A4A1360FB68DA6A13469B0013449B00A7
:10A54000274A1A44FB68043319461046FEF71FFCDD
:10A55000FB68DA6A234B1B68DB6A9A4202D3224B00
:10A5600001221A601C4B1B68002BCCD1FB68002B0E
:10A5700001D000F059FB1D4B1B687B607B68002BF2
:10A5800010D000F059F80346002B02D0164B0122E0
:10A590001A607B68013B7B607B68002BF1D1134B19
:10A5A00000221A60104B1B68002B09D00123BB60EE
:10A5B0000F4B4FF080521A60BFF34F8FBFF36F8F76
:10A5C00000F0DAFEBB6818461037BD4680BD00BFFC
:10A5D000D4880020AC8800206C880020B48800203B
:10A5E000B0870020AC870020C0880020BC880020F5
:10A5F00004ED00E080B483B000AF054B1B687B60C6
:10A600007B6818460C37BD465DF8047B704700BF79
:10A61000B088002080B582B000AF00F05FFF00235B
:10A620007B60044B1B683B603B6818460837BD469F
:10A6300080BD00BFB088002080B586B000AF002389
:10A640007B61504B1B68002B40F08B804E4B1B688E
:10A6500001333B614C4A3B6913603B69002B23D1BA
:10A660004A4B1B681B68002B0DD04FF0500372B68D
:10A6700083F31188BFF36F8FBFF34F8F62B63B60D8
:10A6800000BF00BFFDE7414B1B68FB60404B1B68F0
:10A690003E4A13603E4AFB6813603E4B1B68013321
:10A6A0003C4A136000F0C0FA3B4B1B683A699A427F
:10A6B00048D3364B1B681B68002B04D1364B4FF038
:10A6C000FF321A603EE0314B1B68DB68DB68BB6021
:10A6D000BB685B687B603A697B689A4203D22E4A0A
:10A6E0007B6813602EE0BB6804331846FEF7ACFBB2
:10A6F000BB689B6A002B04D0BB6818331846FEF772
:10A70000A3FBBB68DB6A01229A40244B1B681343FE
:10A71000224A1360BB68DA6A13469B0013449B000D
:10A720001F4A1A44BB68043319461046FEF72FFB34
:10A73000BB68DA6A1B4B1B68DB6A9A42B9D30123F8
:10A740007B61B6E7174B1B68DA6A154913469B0015
:10A7500013449B000B441B68012B07D901237B6129
:10A7600004E0114B1B6801330F4A13600F4B1B6849
:10A77000002B01D001237B617B6918461837BD4649
:10A7800080BD00BFD4880020B088002064880020ED
:10A7900068880020C4880020CC880020B48800206D
:10A7A000B0870020AC870020BC880020C088002033
:10A7B00080B487B000AF2B4B1B68002B03D02A4B13
:10A7C00001221A6047E0284B00221A60274B1B68C1
:10A7D000FB60FB68B3FA83F3FB72FB7AC3F11F03E0
:10A7E0007B6123497A6913469B0013449B000B4409
:10A7F0001B68002B0DD14FF0500372B683F3118804
:10A80000BFF36F8FBFF34F8F62B67B6000BF00BF97
:10A81000FDE77A6913469B0013449B00144A1344D6
:10A820003B613B695B685A683B695A603B695A689F
:10A830003B6908339A4204D13B695B685A683B69BB
:10A840005A603B695B68DB680A4A1360094B1B6806
:10A850004C33094A136000BF1C37BD465DF8047BCA
:10A86000704700BFD4880020C0880020B488002032
:10A87000B0870020AC8700204000002080B584B065
:10A8800000AF786039607B68002B0DD14FF050032A
:10A8900072B683F31188BFF36F8FBFF34F8F62B629
:10A8A000FB6000BF00BFFDE7074B1B68183319466C
:10A8B0007868FEF790FA0121386800F0B3FB00BF1A
:10A8C0001037BD4680BD00BFAC87002080B586B084
:10A8D00000AF78607B68DB68DB683B613B69002B1D
:10A8E0000DD14FF0500372B683F31188BFF36F8F11
:10A8F000BFF34F8F62B6FB6000BF00BFFDE73B694F
:10A9000018331846FEF7A0FA1D4B1B68002B1CD10C
:10A910003B6904331846FEF797FA3B69DB6A01226C
:10A920009A40184B1B681343164A13603B69DA6A56
:10A9300013469B0013449B00134A1A443B6904339B
:10A9400019461046FEF723FA05E03B69183319460D
:10A950000E48FEF71CFA3B69DA6A0D4B1B68DB6A8E
:10A960009A4205D901237B610A4B01221A6001E05A
:10A9700000237B617B6918461837BD4680BD00BF48
:10A98000D4880020B4880020B08700206C88002084
:10A99000AC870020C088002080B483B000AF78600E
:10A9A000064B1A687B681A60054B1A687B685A6008
:10A9B00000BF0C37BD465DF8047B7047C48800209B
:10A9C000B088002080B588B000AF786039607B68BF
:10A9D000002B0DD14FF0500372B683F31188BFF3F3
:10A9E0006F8FBFF34F8F62B63B6100BF00BFFDE7C3
:10A9F0003B68002B0DD14FF0500372B683F31188E2
:10AA0000BFF36F8FBFF34F8F62B6FB6000BF00BF15
:10AA1000FDE700F07BFC1D4B1B68BB617B685B683E
:10AA2000BA69D31A7B613B681B68B3F1FF3F02D15F
:10AA30000023FB6123E07B681A68154B1B689A4270
:10AA400007D07B685B68BA699A4202D30123FB6135
:10AA500015E03B681B687A699A420BD23B681A681A
:10AA60007B69D21A3B681A607868FFF795FF00236C
:10AA7000FB6104E03B6800221A600123FB6100F0E7
:10AA80007BFCFB6918462037BD4680BDB08800209E
:10AA9000C488002080B400AF034B01221A6000BFBD
:10AAA000BD465DF8047B7047C088002080B582B049
:10AAB00000AF786000F052F8064B1B68012BF9D903
:10AAC000054B4FF080521A60BFF34F8FBFF36F8F6B
:10AAD000F0E700BFB087002004ED00E080B582B051
:10AAE00000AF00237B600CE07A6813469B001344A0
:10AAF0009B00124A13441846FEF71CF97B68013389
:10AB00007B607B68062BEFD90D48FEF713F90D48E3
:10AB1000FEF710F90C48FEF70DF90C48FEF70AF99C
:10AB20000B48FEF707F90B4B054A1A600A4B054A1A
:10AB30001A6000BF0837BD4680BD00BFB087002047
:10AB40003C880020508800206C88002080880020ED
:10AB500098880020648800206888002080B582B032
:10AB600000AF19E000F0D2FB104BDB68DB687B60C4
:10AB70007B6804331846FEF767F90D4B1B68013BF1
:10AB80000B4A13600B4B1B68013B0A4A136000F031
:10AB9000F3FB786800F010F8064B1B68002BE1D13E
:10ABA00000BF00BF0837BD4680BD00BF80880020C1
:10ABB000AC8800209488002080B584B000AF786015
:10ABC0007B684C3318460CF063F87B6893F89D3033
:10ABD000002B08D17B681B6B184600F093FD78684A
:10ABE00000F090FD1BE07B6893F89D30012B03D1B2
:10ABF000786800F087FD12E07B6893F89D30022BA7
:10AC00000DD04FF0500372B683F31188BFF36F8FEE
:10AC1000BFF34F8F62B6FB6000BF00BFFDE700BF10
:10AC20001037BD4680BD000080B483B000AF0C4B30
:10AC30001B681B68002B04D10A4B4FF0FF321A60CF
:10AC400008E0074B1B68DB68DB687B607B685B6840
:10AC5000044A136000BF0C37BD465DF8047B7047A3
:10AC600064880020CC88002080B483B000AF0B4BF8
:10AC70001B68002B02D101237B6008E0084B1B6896
:10AC8000002B02D102237B6001E000237B607B6804
:10AC900018460C37BD465DF8047B7047B888002025
:10ACA000D488002080B584B000AF78607B68BB603A
:10ACB0000023FB607B68002B69D0BB68DA6A364BE7
:10ACC0001B68DB6A9A4259D2BB689B69002B06DB82
:10ACD000314B1B68DB6AC3F10702BB689A61BB6832
:10ACE0005969BB68DA6A13469B0013449B002B4AE0
:10ACF000134499423AD1BB6804331846FEF7A4F8CE
:10AD00000346002B15D1BB68DA6A244913469B0021
:10AD100013449B000B441B68002B0AD1BB68DB6A01
:10AD2000012202FA03F3DA431D4B1B6813401C4A4D
:10AD30001360194B1B68DA6ABB68DA62BB68DB6AAE
:10AD400001229A40164B1B681343154A1360BB68D7
:10AD5000DA6A13469B0013449B00104A1A44BB68EE
:10AD6000043319461046FEF712F804E00A4B1B683C
:10AD7000DA6ABB68DA620123FB6008E0BB685A6CE0
:10AD8000054B1B68DB6A9A4201D20123FB60FB681A
:10AD900018461037BD4680BDAC870020B087002024
:10ADA000B488002080B586B000AF78607B683B61D6
:10ADB00000237B617B68002B74D03D4B1B683A6994
:10ADC0009A420DD04FF0500372B683F31188BFF34F
:10ADD0006F8FBFF34F8F62B6FB6000BF00BFFDE710
:10ADE0003B699B6C002B0DD14FF0500372B683F37F
:10ADF0001188BFF36F8FBFF34F8F62B6BB6000BF88
:10AE000000BFFDE73B699B6C5A1E3B699A643B6936
:10AE1000DA6A3B695B6C9A4244D03B699B6C002BBD
:10AE200040D13B6904331846FEF70EF80346002B69
:10AE300015D13B69DA6A1F4913469B0013449B00F6
:10AE40000B441B68002B0AD13B69DB6A012202FA22
:10AE500003F3DA43184B1B681340174A13603B692E
:10AE60005A6C3B69DA623B69DB6AC3F107023B69F2
:10AE70009A613B69DB6A01229A400F4B1B681343BE
:10AE80000D4A13603B69DA6A13469B0013449B002A
:10AE9000084A1A443B69043319461046FDF777FF08
:10AEA00001237B617B6918461837BD4680BD00BF12
:10AEB000AC870020B0870020B488002080B588B01F
:10AEC00000AF786039607B68BB6101237B617B6880
:10AED000002B00F08980BB699B6C002B0DD14FF0DB
:10AEE000500372B683F31188BFF36F8FBFF34F8F98
:10AEF00062B6FB6000BF00BFFDE7BB695B6C3A68F0
:10AF00009A4202D93B68FB6102E0BB695B6CFB6162
:10AF1000BB69DB6AFA699A4266D0BB699B6C7A6945
:10AF20009A4261D1324B1B68BA699A420DD14FF0F7
:10AF3000500372B683F31188BFF36F8FBFF34F8F47
:10AF400062B6BB6000BF00BFFDE7BB69DB6A3B6167
:10AF5000BB69FA69DA62BB699B69002B04DBFB6998
:10AF6000C3F10702BB699A61BB6959693A69134623
:10AF70009B0013449B001F4A1344994234D1BB6980
:10AF800004331846FDF760FF0346002B15D1BB695B
:10AF9000DA6A184913469B0013449B000B441B6854
:10AFA000002B0AD1BB69DB6A012202FA03F3DA4300
:10AFB000114B1B681340104A1360BB69DB6A012206
:10AFC0009A400D4B1B6813430B4A1360BB69DA6A46
:10AFD00013469B0013449B00064A1A44BB69043382
:10AFE00019461046FDF7D3FE00BF2037BD4680BD91
:10AFF000AC870020B0870020B488002080B400AF68
:10B00000074B1B68002B04D0054B1B689A6C013260
:10B010009A64034B1B681846BD465DF8047B704775
:10B02000AC87002080B584B000AF78603960294BD0
:10B030001B68FB60284B1B6804331846FDF704FFB0
:10B040000346002B0BD1244B1B68DB6A012202FA5A
:10B0500003F3DA43214B1B681340204A13607B68DB
:10B06000B3F1FF3F0AD13B68002B07D01A4B1B6896
:10B07000043319461A48FDF78AFE26E0FA687B6811
:10B080001344BB60144B1B68BA685A60BA68FB680B
:10B090009A4209D2134B1A680F4B1B6804331946A6
:10B0A0001046FDF798FE10E00F4B1A680A4B1B681C
:10B0B000043319461046FDF78EFE0C4B1B68BA6828
:10B0C0009A4202D2094ABB68136000BF1037BD46DE
:10B0D00080BD00BFB0880020AC870020B48800206D
:10B0E000988800206888002064880020CC88002090
:10B0F00080B485B000AFF860B9607A60FB68043B4B
:10B10000FB60FB684FF080721A60FB68043BFB60D9
:10B11000BB6823F00102FB681A60FB68043BFB601C
:10B120000C4AFB681A60FB68143BFB607A68FB689A
:10B130001A60FB68043BFB60FB686FF002021A6058
:10B14000FB68203BFB60FB6818461437BD465DF882
:10B15000047B704759B1000880B485B000AF00236C
:10B160007B60154B1B68B3F1FF3F0DD04FF05003D0
:10B1700072B683F31188BFF36F8FBFF34F8F62B640
:10B18000FB6000BF00BFFDE74FF0500372B683F3D2
:10B190001188BFF36F8FBFF34F8F62B6BB6000BFE4
:10B1A00000BF7B68002BFCD000BF00BF1437BD463A
:10B1B0005DF8047B704700BF240000200000000001
:10B1C000074B19680868B0E8F04F80F30988BFF3AF
:10B1D0006F8F4FF0000080F311887047AFF300804D
:10B1E000AC87002000BF00BF08480068006880F3FB
:10B1F00008884FF0000080F3148862B661B6BFF390
:10B200004F8FBFF36F8F00DF00BF00BF08ED00E07E
:10B2100080B584B000AF374BFB60FB681B78DBB2B6
:10B220007B60FB68FF221A70FB681B78DBB2FB7047
:10B23000FB78DBB203F05003DAB22F4B1A702F4BBE
:10B2400007221A6009E02D4B1B68013B2B4A136053
:10B25000FB78DBB25B00DBB2FB70FB78DBB203F0A8
:10B260008003802BEFD0254B1B68C3F10703042B11
:10B270000DD04FF0500372B683F31188BFF36F8F78
:10B28000BFF34F8F62B6BB6000BF00BFFDE71B4B33
:10B290001B681B02194A1360184B1B6803F4E06318
:10B2A000164A13607B68DAB2FB681A70144B1B688D
:10B2B000134A43F470031360114B1B68104A43F0A8
:10B2C0007043136000F0DCF80E4B00221A6000F0AF
:10B2D000FBF80D4B1B680C4A43F040431360FFF72B
:10B2E00083FFFFF765FAFFF737FF00231846103793
:10B2F000BD4680BD00E400E0D8880020DC88002046
:10B3000020ED00E02400002034EF00E080B483B0A2
:10B3100000AF4FF0500372B683F31188BFF36F8F05
:10B32000BFF34F8F62B67B6000BF114B1B680133C8
:10B330000F4A13600E4B1B68012B12D10D4B1B687B
:10B34000DBB2002B0DD04FF0500372B683F311889F
:10B35000BFF36F8FBFF34F8F62B63B6000BF00BF7C
:10B36000FDE700BF0C37BD465DF8047B704700BFAA
:10B370002400002004ED00E080B483B000AF134B44
:10B380001B68002B0DD14FF0500372B683F3118868
:10B39000BFF36F8FBFF34F8F62B67B6000BF00BFFC
:10B3A000FDE70A4B1B68013B084A1360074B1B680B
:10B3B000002B05D100233B603B6883F3118800BF5D
:10B3C00000BF0C37BD465DF8047B704724000020A9
:10B3D000EFF30980BFF36F8F154B1A681EF0100F43
:10B3E00008BF20ED108A20E9F04F10602DE9090018
:10B3F0004FF0500072B680F31188BFF34F8FBFF348
:10B400006F8F62B6FFF7D4F94FF0000080F3118818
:10B4100009BC19680868B0E8F04F1EF0100F08BFAB
:10B42000B0EC108A80F30988BFF36F8F704700BFBC
:10B43000AC87002000BF00BF80B582B000AF4FF0E6
:10B44000500372B683F31188BFF36F8FBFF34F8F32
:10B4500062B67B6000BFFFF7EFF80346002B03D016
:10B46000064B4FF080521A6000233B603B6883F329
:10B47000118800BF00BF0837BD4680BD04ED00E065
:10B4800080B400AF0B4B00221A600B4B00221A60F5
:10B490000A4B1B680A4AA2FB03239B09094A013B8A
:10B4A0001360044B07221A6000BFBD465DF8047BA1
:10B4B000704700BF10E000E018E000E0040000204A
:10B4C000D34D621014E000E0DFF80C00016841F495
:10B4D00070010160704700BF88ED00E080B485B066
:10B4E00000AFEFF30583FB60FB680F2B17D91A4AF7
:10B4F000FB6813441B78FB72184B1B78FA7A9A424C
:10B500000DD24FF0500372B683F31188BFF36F8FE3
:10B51000BFF34F8F62B67B6000BF00BFFDE7104BEB
:10B520001B6803F4E0620F4B1B689A420DD94FF081
:10B53000500372B683F31188BFF36F8FBFF34F8F41
:10B5400062B63B6000BF00BFFDE700BF1437BD46D9
:10B550005DF8047B704700BFF0E300E0D88800206E
:10B560000CED00E0DC88002080B58AB000AF786088
:10B570000023FB61FEF790FF5D4B1B68002B01D1A0
:10B5800000F020F95B4B1A687B681340002B40F0F9
:10B5900094807B68002B20D008227B6813447B605A
:10B5A0007B6803F00703002B17D07B6823F00703A9
:10B5B00008337B607B6803F00703002B0DD04FF04E
:10B5C000500372B683F31188BFF36F8FBFF34F8FB1
:10B5D00062B67B6100BF00BFFDE77B68002B6CD0CB
:10B5E000454B1B687A689A4267D8444B3B62434B91
:10B5F0001B687B6204E07B6A3B627B6A1B687B6240
:10B600007B6A5B687A689A4203D97B6A1B68002B65
:10B61000F1D1374B1B687A6A9A424ED03B6A1B685D
:10B6200008221344FB617B6A1A683B6A1A607B6AD2
:10B630005A687B68D21A08235B009A4222D97A6A38
:10B640007B681344BB61BB6903F00703002B0DD07B
:10B650004FF0500372B683F31188BFF36F8FBFF3BF
:10B660004F8F62B63B6100BF00BFFDE77B6A5A683F
:10B670007B68D21ABB695A607B6A7A685A60B8697B
:10B6800000F002F91C4B1A687B6A5B68D31A1A4AED
:10B690001360194B1A681A4B1B689A4203D2164B57
:10B6A0001B68174A13607B6A5A68124B1B681A435F
:10B6B0007B6A5A607B6A00221A60FEF7FBFEFB6918
:10B6C00003F00703002B0DD04FF0500372B683F345
:10B6D0001188BFF36F8FBFF34F8F62B6FB6000BF5F
:10B6E00000BFFDE7FB6918462837BD4680BD00BF97
:10B6F000E8080120F4080120EC080120E0080120FE
:10B70000F008012080B586B000AF78607B687B616F
:10B710007B68002B4ED008235B427A6913447B611F
:10B720007B693B613B695A68244B1B681340002BC3
:10B730000DD14FF0500372B683F31188BFF36F8FB2
:10B74000BFF34F8F62B6FB6000BF00BFFDE73B69F0
:10B750001B68002B0DD04FF0500372B683F3118895
:10B76000BFF36F8FBFF34F8F62B6BB6000BF00BFE8
:10B77000FDE73B695A68114B1B681340002B19D039
:10B780003B691B68002B15D13B695A680B4B1B6842
:10B79000DB431A403B695A60FEF77EFE3B695A68FC
:10B7A000074B1B681344064A1360386900F06CF8B5
:10B7B000FEF780FE00BF1837BD4680BDF4080120AB
:10B7C000EC08012080B485B000AF4FF40043BB60AB
:10B7D000274BFB60FB6803F00703002B0CD0FB68D2
:10B7E0000733FB60FB6823F00703FB60BA68FB6864
:10B7F000D31A1F4A1344BB60FB687B601D4A7B68F9
:10B8000013601C4B00225A607B68BA681344FB60CB
:10B810000822FB689B1AFB60FB6823F00703FB60B0
:10B82000FB68154A1360144B1B6800225A60124BC8
:10B830001B6800221A607B683B603B68FA68D21A7A
:10B840003B685A600C4B1A683B681A603B685B683F
:10B850000A4A13603B685B68094A1360094B4FF062
:10B8600000421A6000BF1437BD465DF8047B704784
:10B87000E0880020E0080120E8080120F00801200D
:10B88000EC080120F408012080B485B000AF786096
:10B89000284BFB6002E0FB681B68FB60FB681B68D1
:10B8A0007A689A42F7D8FB68BB60FB685B68BA6845
:10B8B00013447A689A4208D1FB685A687B685B68CF
:10B8C0001A44FB685A60FB687B607B68BB607B68DE
:10B8D0005B68BA681A44FB681B689A4218D1FB6817
:10B8E0001A68154B1B689A420DD07B685A68FB6832
:10B8F0001B685B681A447B685A60FB681B681A689F
:10B900007B681A6008E00C4B1A687B681A6003E0D9
:10B91000FB681A687B681A60FA687B689A4202D0F2
:10B92000FB687A681A6000BF1437BD465DF8047B77
:10B93000704700BFE0080120E808012080B584B00E
:10B9400000AF7860396008F0EBF9F860FB68B3F19C
:10B95000FF3F0BD113480AF076FF00223968786860
:10B960000AF0E8FE0F480AF05FFF18E0FB68002BC2
:10B9700002D108F09BF9E6E70A480AF064FFFA688A
:10B98000396878680AF0D6FEB86006480AF04CFFBD
:10B99000BB68B3F1FF3F02D108F088F9D3E7103755
:10B9A000BD4680BD0409012080B584B000AF786039
:10B9B00010480AF039FF104B1B68002B05D00E4BC6
:10B9C0001B680E4A12681046984707F10C03194687
:10B9D0000B48FFF7B3FFFB68002B06D1094B912200
:10B9E00009490A480BF080F803E0FB68184600F0AC
:10B9F0000FF8EAE704090120F8080120FC080120FB
:10BA000000090120148601084486010864860108A3
:10BA100080B582B000AF78607B681B78022B26D09F
:10BA2000022B2BDC002B02D0012B15D026E07B68EB
:10BA3000DB687A6850687A689268114698470346CE
:10BA4000002B04D07B685B68184601F03DFD7968E7
:10BA5000092000F095FE18E07B685B687A689268C0
:10BA6000104698477968082000F08AFE0DE07B6850
:10BA70005B687A6892681046984706E0054BCF22CB
:10BA8000054906480BF030F800BF00BF0837BD4637
:10BA900080BD00BF14860108448601086486010841
:10BAA00080B586B000AFF860B9607A601A480AF0D5
:10BAB00080FE0346002B05D1184BFC22184919487B
:10BAC0000BF012F8092000F0E5FD78617B69002B8E
:10BAD00002D14FF0FF331AE07B6900221A707B69B4
:10BAE000FA685A607B69BA689A607B697A68DA603A
:10BAF000796909480AF004FE0346002B06D07969EB
:10BB0000092000F03DFE4FF0FF3300E0002318460F
:10BB10001837BD4680BD00BF00090120148601080A
:10BB20008C8601086486010880B582B000AF786019
:10BB300039603B6893F82D3003F01803002B06D0D2
:10BB4000084A39687868FFF7ABFF034605E0064A04
:10BB500039687868FFF7A4FF034618460837BD46E2
:10BB600080BD00BFE5640108ED53010880B584B0D5
:10BB700000AF7860396014480AF01BFE0346002BC2
:10BB800006D1124B40F23912114912480AF0ACFFAB
:10BB9000082000F07FFDF860FB68002B02D14FF019
:10BBA000FF330DE0FB6801221A70FB687A685A6067
:10BBB000FB683A689A60F96803480AF08BFD002335
:10BBC00018461037BD4680BD0009012014860108C3
:10BBD0008C8601086486010880B584B000AF786067
:10BBE000396019480AF0E5FD0346002B06D1174BD2
:10BBF00040F25D12164917480AF076FF082000F05F
:10BC000049FDF860FB68002B02D14FF0FF3317E0CD
:10BC1000FB6801221A70FB687A685A60FB683A6810
:10BC20009A60F96808480AF06BFD0346002B06D0BD
:10BC3000F968082000F0A4FD4FF0FF3300E0002376
:10BC400018461037BD4680BD000901201486010842
:10BC50008C8601086486010880B584B002AF7860E4
:10BC6000396000F072F8174A7B681360164A3B6827
:10BC70001360062115480AF00BFD0346002B06D081
:10BC8000134B40F26122134913480AF02DFF134869
:10BC90000AF0AEFD0346002B06D00D4B40F26522A4
:10BCA0000F490D480AF020FF002300934FF48063F2
:10BCB00000220C490C480AF0D3FD00BF0837BD46EE
:10BCC00080BD00BFF8080120FC0801200009012008
:10BCD000148601089C860108648601080409012075
:10BCE000C0860108A9B90008E486010880B483B0C1
:10BCF00000AF0346FB80B7F906301B021AB2FB887F
:10BD00001B0A9BB21BB213431BB29BB218460C37E3
:10BD1000BD465DF8047B704780B483B000AF7860A7
:10BD20007B681A067B681B0203F47F031A437B6857
:10BD30001B0A03F47F431A437B681B0E1343184608
:10BD40000C37BD465DF8047B704780B582B000AF0C
:10BD500000237B600AF03EFD00F0D4F800F02CFCDC
:10BD600000F038FD08F014F801F048FE07F056FF27
:10BD700000BF0837BD4680BD80B483B000AF034626
:10BD8000FB80054B1A68FB88134418460C37BD46E8
:10BD90005DF8047B704700BF2009012080B483B0A8
:10BDA00000AF7860054B1B687A68D31A9BB21846BF
:10BDB0000C37BD465DF8047B704700BF20090120A9
:10BDC00090B585B000AF7860454B1B687A689A42A1
:10BDD00006D2444B40F2DF12434944480AF084FE45
:10BDE000434B1B687A689A4206D33E4B4FF4F0727D
:10BDF00040493E480AF078FE7B681B79002B06D04C
:10BE0000384B40F2E1123C4938480AF06DFE7B683D
:10BE10001B88B3F5C86F06D9324B4FF4F27237491D
:10BE200032480AF061FE7B681B881846FFF7A4FFC2
:10BE3000F8607A68FB689A4224D0FB681B79002B73
:10BE400020D12B4B1B68FA689A421BD02C4B1B68E5
:10BE5000FA689A4202D12A4A7B681360FB681A8802
:10BE60007B681A80FB681B88B3F5C86F0AD0FB6833
:10BE70001B881846FFF780FF04467868FFF78EFF9F
:10BE8000034663807B685B881846FFF775FFB860E0
:10BE9000BA687B689A421FD0BB681B79002B1BD104
:10BEA000174B1B687A689A4202D1154ABB68136027
:10BEB0007B681A88BB681A807B681B88B3F5C86FDB
:10BEC0000AD07B681B881846FFF756FF0446B868FF
:10BED000FFF764FF0346638000BF1437BD4690BD83
:10BEE00020090120F4860108248701083C87010805
:10BEF0002409012064870108808701089C870108C4
:10BF00002C09012080B582B000AF1D4B1D4A1A607C
:10BF10001B4B1B687B607B684FF4C8621A807B6890
:10BF200000225A807B6800221A714FF4C860FFF724
:10BF300023FF0346144A1360134B1B6801221A7136
:10BF4000114B1B684FF4C8621A800F4B1B684FF4EB
:10BF5000C8625A800A4B1B680C4A13600C480AF0EE
:10BF600047FC0346002B06D00A4B40F21F220A4929
:10BF70000A480AF0B9FD00BF0837BD4680BD00BFC2
:10BF80002009012000800420240901202C0901201F
:10BF900028090120F4860108C88701083C870108A8
:10BFA00080B586B000AF78607868FFF7F7FE03468B
:10BFB000FB827B681B881846FFF7DEFE38617B68D2
:10BFC0005B881846FFF7D8FEF8607B681B88B3F5DE
:10BFD000C86F18D87B685B88B3F5C86F13D87B68C7
:10BFE0005B88FA8A9A4204D0FB681B88FA8A9A42D4
:10BFF00009D1084B1B683A699A4206D03B695B88B5
:10C00000FA8A9A4201D0002300E00123184618372B
:10C01000BD4680BD2409012080B588B000AF78609E
:10C020007B68002B70D07B6803F00303002B0DD0DE
:10C03000374B40F27322374937480AF055FD0AF072
:10C0400035FCF860F8680AF03FFC5EE07B68083B6E
:10C05000FB61324B1B68FA699A4206D37B6803F195
:10C060000C022F4B1B689A420DD9294B40F27F22BC
:10C070002C4929480AF038FD0AF018FC3861386963
:10C080000AF022FC41E028480AF0CEFBFB691B794C
:10C09000002B10D11E4B4FF4237224491E480AF086
:10C0A00023FD21480AF0CFFB0AF000FC7861786993
:10C0B0000AF00AFC29E0F869FFF772FF0346002B3B
:10C0C00010D1134B40F29522194913480AF00CFD88
:10C0D00015480AF0B8FB0AF0E9FBB861B8690AF044
:10C0E000F3FB12E0FB6900221A71124B1B68FA691C
:10C0F0009A4202D20F4AFB691360F869FFF760FEAB
:10C1000009480AF0A0FB00E000BF2037BD4680BD13
:10C11000F4860108E48701083C8701082009012012
:10C120002409012008880108280901202488010821
:10C130004C8801082C09012080B588B000AF7860D8
:10C140000B467B807B8803339BB223F00303FB8386
:10C15000FB8B0B2B01D80C23FB83FB8BB3F5C86F38
:10C1600003D8FA8B7B889A4201D20023D8E06E4B29
:10C170001B687A689A4204D36C4B1B687A689A42AF
:10C1800006D36B4B40F2D1226A496B480AF0ACFCF3
:10C19000654B1B687A689A4204D3644B1B687A68C3
:10C1A0009A4207D30AF082FBB860B8680AF08CFBA9
:10C1B0007B68B5E07B68083BBB61B869FFF7EEFDC3
:10C1C0000346FB82BB691A88FB8AD31A9BB2083BE1
:10C1D000BB82FA8BBB8A9A4206D9554B4FF439720F
:10C1E000564955480AF080FCFA8BBB8A9A4201D91D
:10C1F000002395E0FA8BBB8A9A4201D17B688FE0DD
:10C200004F480AF011FBBB691B881846FFF7B4FDC5
:10C2100038613B691B79002B3FD1BB691B88B3F5A3
:10C22000C86F06D1424B40F2F522464942480AF017
:10C230005BFC3B691B88BB81FA8AFB8B13449BB276
:10C240000833FB81404B1B683A699A4206D1FB894F
:10C250001846FFF791FD03463B4A1360FB891846D9
:10C26000FFF78AFD38613B6900221A713B69BA8980
:10C270001A803B69FA8A5A80BB69FA891A803B693D
:10C280001B88B3F5C86F47D03B691B881846FFF77A
:10C2900073FD0246FB8953803EE0FB8B03F11402E1
:10C2A000BB8A9A4238D8FA8AFB8B13449BB2083374
:10C2B000FB81BB691B88B3F5C86F06D11C4B40F2EC
:10C2C000163220491C480AF00FFCFB891846FFF77C
:10C2D00053FD38611C4B1B683A699A4202D21A4AD4
:10C2E0003B6913603B6900221A71BB691A883B697C
:10C2F0001A803B69FA8A5A80BB69FA891A803B69BD
:10C300001B88B3F5C86F07D03B691B881846FFF739
:10C3100033FD0246FB89538009480AF094FA7B6892
:10C3200018462037BD4680BD200901202409012080
:10C33000F4860108808801083C8701089888010874
:10C3400028090120B88801082C09012080B588B08F
:10C3500000AF0346FB80FB88002B01D10023E2E005
:10C36000FB8803339BB223F00303BB83BB8B0B2BF4
:10C3700001D80C23BB83BB8BB3F5C86F03D8BA8B32
:10C38000FB889A4201D20023CDE069480AF04CFABA
:10C39000684B1B681846FFF701FD0346FB83B7E0B7
:10C3A000FB8B1846FFF7E8FC78617B691B79002B53
:10C3B00040F0A7807B691B881A46FB8BD31AA3F138
:10C3C0000802BB8B9A42C0F09C807B691B881A468E
:10C3D000FB8BD31AA3F10802BB8B14339A4233D3DD
:10C3E000FA8BBB8B13449BB208337B827B8AB3F5F9
:10C3F000C86F06D1504B40F28732504950480AF07E
:10C4000073FB7B8A1846FFF7B7FCF860FB680022D5
:10C410001A717B691A88FB681A80FB68FA8B5A804C
:10C420007B697A8A1A807B6901221A71FB681B88F2
:10C43000B3F5C86F0BD0FB681B881846FFF79CFC50
:10C4400002467B8A538002E07B6901221A71394BD4
:10C450001B687A699A4227D1364B1B68BB6105E09D
:10C46000BB691B881846FFF787FCB861BB691B795D
:10C47000002B04D0334B1B68BA699A42F0D12D4A85
:10C48000BB6913602B4B1A682E4B1B689A420BD06A
:10C49000284B1B681B79002B06D0274B40F2B53286
:10C4A000294927480AF020FB21480AF0CCF9BA8B29
:10C4B0007B6913440833234A1268934206D91E4B02
:10C4C00040F2B93221491E480AF00EFB7B6903F0A5
:10C4D0000303002B06D0184B40F2BB321C4918480E
:10C4E0000AF002FB7B6903F00303002B06D0124B1A
:10C4F00040F2BD32174912480AF0F6FA7B69083358
:10C5000011E0FB8B1846FFF737FC03461B88FB83C3
:10C51000FA8BBB8BC3F5C8639A42FFF441AF044862
:10C520000AF091F9002318462037BD4680BD00BFB0
:10C53000280901202C090120F4860108B888010887
:10C540003C87010824090120CC880108E8880108FB
:10C55000188901084889010880B485B000AF786067
:10C560007B689B6800221A607B685B68033323F05A
:10C570000303BB600023FB6011E07B689B681A68C3
:10C58000BB681A607B689B68BA681A607B681B8806
:10C590001A46BB681344BB60FB680133FB607B68D1
:10C5A0005B881A46FB689342E7DB00BF00BF143785
:10C5B000BD465DF8047B704780B582B000AF0023B4
:10C5C000FB8009E0FB88084A52F823301846FFF741
:10C5D000C3FFFB880133FB80FB880C2BF2D900BF23
:10C5E00000BF0837BD4680BD90B1010880B584B05A
:10C5F00000AF78600AF05AF9F8607B689B681B68A6
:10C60000BB60BB68002B15D07B689B68BA6812685A
:10C610001A60BB6803F00303002B06D0094B4FF4EC
:10C620008C72094909480AF05FFAF8680AF04CF977
:10C63000BB6803E0F8680AF047F900231846103792
:10C64000BD4680BD6C8901089C890108C08901082C
:10C6500080B582B000AF78607B68002B06D10A4BB2
:10C660004FF49E7209490A480AF03EFA7B68002B93
:10C6700001D1002303E07868FFF7B8FF03461846AE
:10C680000837BD4680BD00BF6C890108E8890108F4
:10C69000C089010880B584B000AF0346FB71FB7907
:10C6A0000C2B08D90A4B40F257120A490A480AF0E3
:10C6B0001BFA002308E0FB79084A52F82330184699
:10C6C000FFF794FFF860FB6818461037BD4680BD41
:10C6D0006C890108FC890108C089010890B1010832
:10C6E00080B584B000AF786039603B6803F0030325
:10C6F000002B06D00D4B4FF4B6720D490D480AF0D1
:10C70000F3F93B68FB600AF0D1F8B8607B689B687E
:10C710001A68FB681A607B689B68FA681A60B868D8
:10C720000AF0D2F800BF1037BD4680BD6C89010801
:10C730001C8A0108C089010880B582B000AF78600A
:10C7400039607B68002B06D10A4B40F295120A49EA
:10C750000A480AF0C9F97B68002B07D03B68002B18
:10C7600004D039687868FFF7BBFF00E000BF0837E6
:10C77000BD4680BD6C890108E8890108C0890108AF
:10C7800080B582B000AF03463960FB71FB790C2B9A
:10C7900007D90C4B4FF4D5720B490C480AF0A4F999
:10C7A0000CE03B68002B08D0FB79094A52F8233093
:10C7B00039681846FFF794FF00E000BF0837BD4610
:10C7C00080BD00BF6C8901083C8A0108C08901084E
:10C7D00090B1010880B400AF00BFBD465DF8047B96
:10C7E0007047000080B586B000AFF860B9607A602D
:10C7F0003B60FB68002B08D1574B40F2271257498A
:10C8000057480AF071F90023A2E07B6A002B08D197
:10C81000514B4FF49472534951480AF065F9002383
:10C8200096E0BB68002B01D14F4BBB607B68002BAF
:10C8300001D14D4B7B603B68002B01D14A4B3B60E3
:10C84000FB6800225A60FB6800229A60FB680022A5
:10C85000DA60FB68454A5A61FB6800229A84FB68EB
:10C86000002283F82D20FB680022DA61FB683A6A17
:10C870001A623F4B1A78FB6883F83020FB68BA6A6B
:10C880001A613B687A68B968F86800F013F97B6A46
:10C89000F86898470346002B01D0002358E0FB6856
:10C8A00093F83030FF2B03D1FB68002283F830204F
:10C8B00000233B612F4B1B687B612BE07A69FB688F
:10C8C0009A4206D1244B40F28B122B4924480AF09D
:10C8D0000BF93B6901333B613B69FF2B06DD1E4BC6
:10C8E00040F28D1225491E480AF0FEF87B6993F844
:10C8F0003020FB6893F830309A4208D1FB6893F8F7
:10C9000030300133DAB2FB6883F8302005E07B6910
:10C910001B687B617B69002BD0D17B69002BBED16A
:10C92000FB6893F83030FE2B03D1114B00221A70B4
:10C9300006E0FB6893F830300133DAB20C4B1A7022
:10C940000C4B1A68FB681A600A4AFB681360FB68A4
:10C9500018461837BD4680BD588A0108EC8A010880
:10C96000A88A0108088B010804B201088FCD0008CD
:10C97000043A0120FC3901202C8B0108408B01086E
:10C9800080B582B000AF786039603968786802F0AD
:10C990001FFE3968786807F085FB00BF0837BD4681
:10C9A00080BD000080B586B000AFF860B9607A60E5
:10C9B000BB68002B06D11D4B40F2CB121C491D4811
:10C9C0000AF092F87B68002B06D1184B4FF4E67200
:10C9D000174918480AF088F8BB681A68FB680433DE
:10C9E0001B689A421CD0BB681B687B61FB680433E0
:10C9F0001A687B681A6007F1140319467868FFF714
:10CA0000BFFFBB68002B02D0BB681B6800E000239F
:10CA1000FA6853600121F86800F0D2F8012300E0C1
:10CA2000002318461837BD4680BD00BF588A01084C
:10CA3000708B0108A88A010880B485B000AFF86047
:10CA4000B9607A60BB681A68FB6808331B689A4251
:10CA50000AD0BB68002B02D0BB681B6800E0002333
:10CA6000FA689360012300E0002318461437BD469E
:10CA70005DF8047B704780B485B000AFF860B960A2
:10CA80007A60BB681A68FB680C331B689A420AD04C
:10CA9000BB68002B02D0BB681B6800E00023FA686B
:10CAA000D360012300E0002318461437BD465DF82B
:10CAB000047B704780B588B000AFF860B9607A60D9
:10CAC0003B600023FB610023BB61BB68002B01D1ED
:10CAD0001C4BBB607B68002B01D11A4B7B603B6811
:10CAE000002B01D1174B3B60BB68002B03D0BB6808
:10CAF0001B68002B01D1012300E000237B617B69CF
:10CB0000002B06D007F110031A46B968F868FFF742
:10CB100049FFFA697968F868FFF78EFFBA693968E2
:10CB2000F868FFF7A8FF7B69002B06D107F1100317
:10CB30001A46B968F868FFF735FF00BF2037BD46D1
:10CB400080BD00BF04B2010880B483B000AF78603C
:10CB5000044A7B68136000BF0C37BD465DF8047B58
:10CB6000704700BF003A012080B582B000AF786006
:10CB70007B68002B07D10F4B4FF454720E490F48BE
:10CB800009F0B2FF13E07B6893F82D3003F0010346
:10CB9000002B0CD17B6893F82D3043F00103DAB2FF
:10CBA0007B6883F82D200321786800F009F80837A6
:10CBB000BD4680BD588A0108E08B0108A88A01089B
:10CBC00080B582B000AF78600B46FB707B68002BAD
:10CBD00006D1184B40F26D321749184809F084FF0E
:10CBE0007B6893F82D3003F00403002B1ED07B6884
:10CBF00093F82D3003F00103002B17D0FB7803F0DE
:10CC00000103002B13D07B6804331B68002B0ED06C
:10CC10007B6893F82D3003F00803002B07D07B6866
:10CC200004331946786808F0A7F900E000BF083718
:10CC3000BD4680BD588A0108FC8B0108A88A0108FE
:10CC400080B582B000AF78607B68002B07D1124BB3
:10CC500040F29B321149124809F046FF19E07B6807
:10CC600093F82D3003F00103002B12D07B6893F86A
:10CC70002D3023F00103DAB27B6883F82D207B6826
:10CC800093F82D3003F00803002B02D0786807F0EA
:10CC900031FD0837BD4680BD588A0108208C010847
:10CCA000A88A010880B582B000AF78607B68002B4D
:10CCB00007D1134B4FF478721249134809F014FF4F
:10CCC0001BE07B6893F82D3003F00403002B14D194
:10CCD0007B6893F82D3043F00403DAB27B6883F865
:10CCE0002D2003217868FFF76BFF7B68DB69002B41
:10CCF00003D07B68DB69786898470837BD4680BDFC
:10CD0000588A0108408C0108A88A010880B582B0C1
:10CD100000AF78607B68002B07D1114B40F20642D0
:10CD20001049114809F0E0FE17E07B6893F82D30B8
:10CD300003F00403002B10D07B6893F82D3023F010
:10CD40000403DAB27B6883F82D207B68DB69002B53
:10CD500003D07B68DB69786898470837BD4680BD9B
:10CD6000588A0108648C0108A88A010880B483B03D
:10CD700000AF786039607B68002B02D07B683A682E
:10CD8000DA6100BF0C37BD465DF8047B704780B4A4
:10CD900085B000AFF860B9607A606FF00B03184699
:10CDA0001437BD465DF8047B7047000080B485B041
:10CDB00000AF0346FB71FB79002B13D00D4B1B68B2
:10CDC000FB600CE0FB6893F830300133DBB2FA799A
:10CDD0009A4201D1FB6806E0FB681B68FB60FB68B8
:10CDE000002BEFD1002318461437BD465DF8047BB5
:10CDF000704700BFFC39012080B582B000AF09F058
:10CE000055FD38600D4B00221A70386809F05CFD42
:10CE10000B4B1B687B600AE07B685B6F002B03D0C9
:10CE2000786802F013FC05E07B68DB687B607B6858
:10CE3000002BF1D10837BD4680BD00BF053A012067
:10CE4000143A012080B582B000AF7860FFF7D4FFBC
:10CE500000BF0837BD4680BD80B582B000AF09F085
:10CE600025FD78600F4B1B78FB700E4B01221A706A
:10CE7000786809F029FDFB78002B0FD100210A48C2
:10CE8000FEF7AAFE0346002B08D009F00FFD7860DC
:10CE9000044B00221A70786809F016FD00BF0837AD
:10CEA000BD4680BD053A012045CE000880B485B05E
:10CEB00000AFF860B96011461A460B46FB80134676
:10CEC000BB80FB6800221A60FB68BA685A60FB6886
:10CED000FA881A81FB68BA885A813B8BDAB2FB6800
:10CEE0001A73FB683A7F5A73FB6801229A73FB68D6
:10CEF0000022DA7300BF1437BD465DF8047B70472B
:10CF000080B58CB002AF0346FB710B46BB80134665
:10CF10007B80FB797B847B88B3F5207F7FD0B3F562
:10CF2000207F00F3C880B3F5C17F10D0B3F5C17F77
:10CF300000F3C180012B02D0412B40F0BC807A88E5
:10CF4000BB881946002000F0D1F87862BDE00023CC
:10CF50007B620023FB61BB887B830C20FFF79AFB7D
:10CF600038613B69002B09D1FFF776FF7B6A002B04
:10CF700002D0786A00F0A8FA0023A7E07B8C033384
:10CF80009BB223F003039BB2C3F514739BB27A8B5D
:10CF9000934228BF1346FB817B8C10333A691344BC
:10CFA000033323F003031846F9897A8B0023019396
:10CFB0007B8800930B4601463869FFF777FF3B6992
:10CFC0005B6803F00303002B06D0424B4FF48072E2
:10CFD0004149424809F088FD7B8C033323F0030369
:10CFE000B3F5147F06D13B4B4FF481723C493B486B
:10CFF00009F07AFD7B6A002B02D13B697B6202E07B
:10D00000FB693A691A603B69FB617A8BFB89D31A29
:10D010007B8300237B847B8B002B9ED155E07B8C14
:10D0200003339BB223F003039AB2BB8803339BB252
:10D0300023F003039BB213443B833B8B1033FB82EF
:10D040003A8BBB88033323F003039A4206D3FA8A50
:10D05000BB88033323F003039A4201D2002335E057
:10D06000FB8A1846FFF772F978627B6A002B01D1C0
:10D0700000232BE07B8C10337A6A1344033323F0B4
:10D0800003031846B988BA88002301937B8800936C
:10D090000B460146786AFFF709FF7B6A5B6803F07D
:10D0A0000303002B10D00B4B4FF491720D490B482A
:10D0B00009F01AFD08E0074B40F227120A49074819
:10D0C00009F012FD002301E000BF7B6A18462837F3
:10D0D000BD4680BD888C0108B88C0108E88C010829
:10D0E000108D0108448D0108708D010880B586B04F
:10D0F00002AF78600B467B8013463B803B88412B18
:10D1000009D03B88012B06D00F4B4FF4A5720F4975
:10D110000F4809F0E9FC0B20FFF7BCFAF860FB6848
:10D12000002B01D100230BE079887A88002301933A
:10D130003B8800930B467968F868FFF7B7FEFB68F9
:10D1400018461037BD4680BD888C01088C8D0108BB
:10D15000E88C010880B588B002AF7B600346FB73A2
:10D160000B46BB8113467B81FB7B7B827B8A03332F
:10D1700023F00302BB891A44BB8C9A4201D90023D5
:10D1800018E03B6A002B07D07B8A033323F00303AC
:10D190003A6A13447B6101E000237B617868B989B6
:10D1A000BA89022301937B8900930B467969FFF7C3
:10D1B0007DFE7B6818461837BD4680BD80B584B0BB
:10D1C00000AF78600B467B807B68002B06D13A4B22
:10D1D0004FF4CC7239493A4809F086FC7B681B89C8
:10D1E0007A889A4263D27B681A897B88D31A3B81FA
:10D1F0007B887B817B68FB6018E0FB685B897A89B0
:10D20000D31A7B81FB681A893B89D31A9AB2FB68CF
:10D210001A81FB681B68FB60FB68002B06D1264B5C
:10D2200040F2AF122749264809F05EFCFB685B8993
:10D230007A899A42E1D8FB681B7B03F00F03002B2D
:10D2400021D1FB685B897A899A421CD0FB685B7BA1
:10D2500003F00203002B16D1FB685A68FB68D31A4F
:10D260009AB27B8913449BB21946F868FEF764FFB3
:10D27000F860FB68002B06D10F4B40F2BD1212493B
:10D280000F4809F031FCFB687A895A81FB685A899A
:10D29000FB681A81FB681B68002B04D0FB681B68C5
:10D2A000184600F011F9FB6800221A6000E000BF88
:10D2B0001037BD4680BD00BF888C0108A08D0108D5
:10D2C000E88C0108B88D0108D08D010880B586B0C2
:10D2D00000AFF860B9601346FB71FB68002B06D104
:10D2E0002B4B40F2DF122B492B4809F0FDFBFB686A
:10D2F000002B03D0BB68B3F5803F01D3012343E08B
:10D30000BB68002B01D100233EE0BB687B82FB6839
:10D310001A897B8A13449BB27A8A9A4201D90123E3
:10D3200032E0FB681B7B3B823B8A03F08003002BCF
:10D330000CD0FB685A68BB685B4213447B61FB6896
:10D3400010337A699A420DD201231DE0FB79002B3C
:10D3500006D0FB685A68BB685B4213447B6101E0FE
:10D36000012311E0FB687A695A60FB685A897B8A5D
:10D3700013449AB2FB685A81FB681A897B8A13446A
:10D380009AB2FB681A81002318461837BD4680BD43
:10D39000888C0108EC8D0108E88C010880B582B00A
:10D3A00000AF78603960002239687868FFF78EFF37
:10D3B000034618460837BD4680BD000080B584B0DE
:10D3C00000AF786039607B68002B06D1204B40F2BB
:10D3D0004B222049204809F087FB7B68002B03D0B3
:10D3E0003B68B3F5803F01D301232CE03B68002B61
:10D3F00001D1002327E03B68FB817B685B89FA89C8
:10D400009A4208D9124B40F255221449124809F0A9
:10D410006BFB012317E07B685B68BB607B685A6825
:10D420003B681A447B685A607B685A89FB89D31A27
:10D430009AB27B685A817B681A89FB89D31A9AB29F
:10D440007B681A81002318461037BD4680BD00BF97
:10D45000888C0108EC8D0108E88C0108F88D010822
:10D4600080B582B000AF78600B467B8013467B703E
:10D47000B7F90230002B08DAB7F902305B421946DF
:10D480007868FFF79BFF034607E0B7F902307A7828
:10D4900019467868FFF71AFF034618460837BD4655
:10D4A00080BD80B582B000AF78600B467B80B7F955
:10D4B0000230012219467868FFF7D2FF034618466A
:10D4C0000837BD4680BD000080B588B000AF7860E9
:10D4D0007B68002B0BD17B68002B06D13B4B4FF4B4
:10D4E00037723B493B4809F0FFFA002369E000230B
:10D4F000FB7762E009F0DAF9B8617B689B7B002B6F
:10D5000006D1324B40F2F1223349324809F0ECFAAD
:10D510007B689B7B013BDAB27B689A737B689B7B61
:10D52000FB75B86909F0D0F9FB7D002B43D17B680E
:10D530001B683B617B681B7B03F00F03FB737B68FD
:10D540005B7B03F00203002B11D07B68BB60BB68E0
:10D550001B69002B06D11D4B40F2FF221F491D48BD
:10D5600009F0C2FABB681B69786898471DE0FB7B2D
:10D57000022B04D179680C20FFF702F915E0FB7B40
:10D58000012B04D179680B20FFF7FAF80DE0FB7B43
:10D59000002B03D17868FEF73FFD06E00B4B40F20D
:10D5A0000F320F490B4809F09FFAFB7F0133FB77DD
:10D5B0003B697B6001E000237B607B68002B99D195
:10D5C000FB7F18462037BD4680BD00BF888C010810
:10D5D000EC8D0108E88C0108188E0108308E0108D6
:10D5E000548E010880B485B000AF78600023FB81C1
:10D5F00005E0FB890133FB817B681B687B607B68EE
:10D60000002BF6D1FB8918461437BD465DF8047B24
:10D610007047000080B584B000AF78607B68002B55
:10D6200016D009F043F9F8607B689B7B0133DAB2CE
:10D630007B689A73F86809F047F97B689B7B002B3D
:10D6400006D1054B40F242320449054809F04CFA34
:10D6500000BF1037BD4680BD888C0108688E010868
:10D66000E88C010880B584B000AF786039607B68D1
:10D67000002B02D03B68002B07D1204B40F25932DF
:10D680001F49204809F030FA34E07B68FB600AE06B
:10D69000FB681A893B681B8913449AB2FB681A819C
:10D6A000FB681B68FB60FB681B68002BF0D1FB6804
:10D6B0001A89FB685B899A4206D0104B40F26232AD
:10D6C0001149104809F010FAFB681B68002B06D0BE
:10D6D0000A4B40F263320D490A4809F005FAFB682B
:10D6E0001A893B681B8913449AB2FB681A81FB684C
:10D6F0003A681A601037BD4680BD00BF888C0108AB
:10D700007C8E0108E88C0108B48E0108E48E0108C3
:10D7100080B586B000AF7860396000237B6100235C
:10D720003B617B68002B08D03B68002B05D07B68F1
:10D730001A893B681B899A4209D2574B40F2C93279
:10D740005649574809F0D0F96FF00F039FE07B6806
:10D750005B891A467B69D21A3B685B8919463B692B
:10D76000CB1A9A4206D33B685B891A463B69D31AA7
:10D77000FB6005E07B685B891A467B69D31AFB6016
:10D780007B685A687B69D0183B685A683B691344C8
:10D79000FA68194609F037FB7A69FB6813447B6124
:10D7A0003A69FB6813443B617B685B891A467B6975
:10D7B000934206D9384B40F2D9323A49384809F0F9
:10D7C00093F93B685B891A463B69934206D9324B11
:10D7D00040F2DA323449324809F086F93B685B8915
:10D7E0001A463B69934204D300233B613B681B68A4
:10D7F0003B607B685B891A467B69934214D10023A6
:10D800007B617B681B687B607B68002B0CD13B686D
:10D81000002B09D0204B4FF479722449204809F09D
:10D8200063F96FF00F0332E03B68002B13D03B68C5
:10D830005A893B681B899A420DD13B681B68002BB3
:10D8400009D0154B40F2E9321949154809F04CF955
:10D850006FF005031BE07B68002B13D07B685A89AF
:10D860007B681B899A420DD17B681B68002B09D00D
:10D87000094B40F2EE320E49094809F035F96FF0D4
:10D88000050304E03B68002B7FF461AF00231846DA
:10D890001837BD4680BD00BF888C0108308F010855
:10D8A000E88C0108608F0108788F0108948F0108C7
:10D8B000A48F010880B588B000AFF860B960114648
:10D8C0001A460B46FB801346BB8000237B83002354
:10D8D000FB82FB68002B08D12B4B40F20A422B49FC
:10D8E0002B4809F001F900234AE0BB68002B08D15E
:10D8F000254B40F20B422749254809F0F5F8002353
:10D900003EE0FB68FB6134E0BB88002B0AD0FB697A
:10D910005B89BA889A4205D3FB695B89BA88D31AB6
:10D92000BB8023E0FB695A89BB88D31A3B833A8BBF
:10D93000FB889A4201D9FB883B837B8BBA68D0185D
:10D94000FB695A68BB8813443A8B194609F05BFAA5
:10D95000FA8A3B8B1344FB827A8B3B8B13447B8389
:10D96000FA883B8BD31AFB800023BB80FB691B68C2
:10D97000FB61FB88002B02D0FB69002BC4D1FB8A22
:10D9800018462037BD4680BD888C0108D08F01081D
:10D99000E88C0108F08F010880B584B000AF034621
:10D9A0003A60FB710B46BB803B681989BA88FB79EA
:10D9B0001846FFF7A5FAF860FB68002B01D1002399
:10D9C00011E03968F868FFF7A3FE0346FB7297F988
:10D9D0000B30002B06D0064B40F224520549064876
:10D9E00009F082F8FB6818461037BD4680BD00BFBD
:10D9F000888C0108FC900108E88C010880B500AF14
:10DA000008F072FF03469BB2C3F30D039BB2A3F56C
:10DA100080439AB2014B1A8000BF80BD28000020CD
:10DA200080B582B000AF78607B681B7D012B05D18B
:10DA3000064BD4220649074809F056F879680120B8
:10DA4000FEF79EFE00BF0837BD4680BD88910108E5
:10DA5000B8910108CC91010880B582B000AF786020
:10DA60007B681B7D012B05D1064BDF220649074849
:10DA700009F03AF879680220FEF782FE00BF083705
:10DA8000BD4680BD88910108F4910108CC91010840
:10DA900080B500AF01F05EF8074B1B780133DAB2B6
:10DAA000054B1A70044B1B7803F00103002B01D0C7
:10DAB00000F00EFD00BF80BD1D3A012080B584B08E
:10DAC00000AF786039603B68002B05D10D4BFF2219
:10DAD0000D490E4809F008F87B68FB600AE0FB6816
:10DAE000DB6F3A689A4202D1FB680022DA67FB6872
:10DAF000DB68FB60FB68002BF1D100BF00BF103773
:10DB0000BD4680BD8891010810920108CC910108A2
:10DB100080B584B000AF78607B68002B06D1144BD1
:10DB200040F211121349144808F0DEFF7B681B7D98
:10DB3000012B06D00E4B4FF4897210490E4808F0A5
:10DB4000D3FF0123FB600BE00D4AFB6852F8233042
:10DB50001B6879681846FFF7B1FFFB680133FB606B
:10DB6000FB68032BF0D900BF00BF1037BD4680BD56
:10DB70008891010838920108CC910108449201086B
:10DB8000DCB10108B0B588B004AF78600B46FB701B
:10DB90007B68002B06D1634B4FF4AF726249634838
:10DBA00008F0A2FFFB78002B66D07B681B7D042B5E
:10DBB00003D07B681B7D072B5ED17B689B6F002B9E
:10DBC00004D17B681B8DB3F5066F55D07B685B8BEA
:10DBD00003F01003002B06D1524B4FF4B27254499C
:10DBE000524808F081FF7B68186D7B685C6A7D682D
:10DBF0007B6804337A68D28A7968098B0291019232
:10DC000000932B4622460146786805F085FD78682A
:10DC100001F068FB474B1B687A689A4205D1454B77
:10DC20001B68DB68434A136013E0424B1B68FB60D0
:10DC30000CE0FB68DB687A689A4204D17B68DA689A
:10DC4000FB68DA6005E0FB68DB68FB60FB68002BC3
:10DC5000EFD17B680022DA60374B01221A70374B14
:10DC60001B687A689A4202D103F0FCFF02E07868F0
:10DC7000FFF7D6FE002350E07B681B7D022B3BD0D4
:10DC8000022B44DC002B02D0012B2AD03FE07B6822
:10DC9000DB8A002B21D02A4B1B687A689A4205D177
:10DCA000274B1B68DB68264A136013E0244B1B6874
:10DCB000BB600CE0BB68DB687A689A4204D17B6881
:10DCC000DA68BB68DA6005E0BB68DB68BB60BB682C
:10DCD000002BEFD17B680022DA607868FFF7A0FEA6
:10DCE0001AE07868FFF714FF7968164801F04AFBDC
:10DCF0007868FFF7B1FE0FE079680E4801F042FB4B
:10DD00000D4B01221A707868FFF78AFE04E07868EC
:10DD100000F01AF8034600E0002318461037BD460D
:10DD2000B0BD00BF889101085C920108CC91010848
:10DD30007C920108143A01201C3A0120543A012037
:10DD40000C3A0120103A012080B584B000AF786011
:10DD50007B68002B06D12E4B4FF4CE722D492E48F6
:10DD600008F0C2FE7B681B7D072B20D0072B2BDC25
:10DD7000032B02D0042B0DD026E0786804F0DAFDE6
:10DD80000346FB7397F90F30002B1FD17B680522E8
:10DD90001A751BE0786804F0CDFD0346FB7397F914
:10DDA0000F30002B14D17B6805221A7510E07868BB
:10DDB00004F0C0FD0346FB7397F90F30002B09D127
:10DDC0007B6809221A7505E000231CE000BF02E011
:10DDD00000BF00E000BF97F90F30002B03D1786837
:10DDE00004F0E6FE0DE097F90F30B3F1FF3F08D1E4
:10DDF0007B685B8B43F008039AB27B685A830023ED
:10DE000001E097F90F3018461037BD4680BD00BFBE
:10DE10008891010838920108CC91010880B582B040
:10DE200000AF78607B68002B09D10F4B4FF4F47280
:10DE30000E490F4808F058FE6FF00F030FE07B68A3
:10DE40001B7D012B06D07B685B8B43F010039AB2DD
:10DE50007B685A8301217868FFF794FE03461846D1
:10DE60000837BD4680BD00BF88910108989201081F
:10DE7000CC91010880B58EB004AF786039607B68C2
:10DE8000002B07D1524B40F23D225249524808F034
:10DE90002BFE99E07B681B7D012B06D14C4B4FF488
:10DEA00010724E494C4808F01FFE7B681B7D0A2B00
:10DEB00007D179684A4801F065FA7868FFF7B0FD44
:10DEC00082E000237B6200237B847B681B6DBB6147
:10DED0007B685B6A7B617B68D3F890303B617B68D1
:10DEE0001B69FB607B681B7D002B26D17B68DB8A6E
:10DEF000002B2ED03B4B1B687A689A4205D1394BD8
:10DF00001B68DB68374A136013E0364B1B68FB6104
:10DF10000CE0FB69DB687A689A4204D17B68DA68B6
:10DF2000FB69DA6005E0FB69DB68FB61FB69002BDC
:10DF3000EFD17B680022DA600BE03B687B627B6894
:10DF4000DB8A7B847968284801F01CFA274B012280
:10DF50001A707B681B6F002B04D07B681B6F184600
:10DF600000F0D8FE7B68DB6E002B04D07B68DB6E94
:10DF7000184600F0CFFE7B685B6F002B04D07B68F7
:10DF80005B6F184600F0C6FE7B6A002B0ED07968E6
:10DF90007B6804337A68128B02927A8C0192009328
:10DFA0000B467A69B969786805F0B6FB7B681B7D1A
:10DFB000FB727868FFF734FD3B69002B04D03B69A6
:10DFC0006FF00C01F86898472837BD4680BD00BF48
:10DFD00088910108CC920108CC910108E8920108CF
:10DFE000183A01200C3A0120143A01201C3A012071
:10DFF00080B582B000AF786001217868FFF73AFF02
:10E0000000BF0837BD4680BD80B588B000AFF8605E
:10E01000B9601346FB8004237B61BB68002B01D1F0
:10E020003E4BBB60FB68002B09D13D4B40F2A9225F
:10E030003C493D4808F058FD6FF00F036AE0FB686B
:10E040001B7D002B09D0364B40F2AB2237493648B6
:10E0500008F04AFD6FF005035CE0FB88002B09D156
:10E0600000F0F0F90346FB80FB88002B35D16FF000
:10E0700001034FE00023FB612BE02D4AFB6952F8BE
:10E0800023301B68BB611EE0BB69DB8AFA889A42B9
:10E0900016D1BB69002B10D0BB691B68002B0CD0BC
:10E0A000BB68002B09D0BB681B68002B05D0BB697F
:10E0B0001A68BB681B689A4202D16FF0070329E017
:10E0C000BB69DB68BB61BB69002BDDD1FB69013338
:10E0D000FB61FA697B699A42CFDBBB68002B0CD0ED
:10E0E000BB681B68002B08D0BB68002B02D0BB6844
:10E0F0001B6800E00023FA681360FB68FA88DA8284
:10E100000C4B1A68FB68DA600A4AFB68136005F07A
:10E11000C5FC002318462037BD4680BD04B2010867
:10E12000889101081C930108CC91010834930108DF
:10E13000DCB101080C3A012080B584B000AFF86072
:10E14000B9601346FB71BB68002B06D1074B40F248
:10E150000F320749074808F0C7FCB868FFF748FFC7
:10E160006FF00C0318461037BD4680BD889101083A
:10E170005C930108CC91010880B582B000AF786053
:10E180000B46FB70FB7800221946786800F006F811
:10E19000034618460837BD4680BD000080B588B0EC
:10E1A00000AFF8600B467A60FB720023FB61FB68EE
:10E1B000002B09D1474B40F259324749474808F0F4
:10E1C00093FCF023FB7679E0FB681B7D002B09D0E4
:10E1D000404B40F25A324249404808F085FCF12356
:10E1E000FB766BE0FB681B7D012B04D1FB68FB61B8
:10E1F000F723FB7662E00220FEF74CFAF861FB6938
:10E20000002B02D1FF23FB7658E0FB681A69FB69FB
:10E210001A61FB68DA8AFB69DA82FB6901221A75E6
:10E22000FB685A7DFB695A75FB685A7AFB695A721A
:10E23000FB6900221A72FB68DA7AFB69DA72FB6802
:10E240009A7AFB699A72FB681A68FB691A60FB6824
:10E25000DB8A002B21D0234B1B68FA689A4205D138
:10E26000204B1B68DB681F4A136013E01D4B1B68C3
:10E270007B610CE07B69DB68FA689A4204D1FB6839
:10E28000DA687B69DA6005E07B69DB687B617B6962
:10E29000002BEFD1FB680022DA60F868FFF7C0FBC3
:10E2A000FB69114A9A61114B1A68FB69DA600F4ADF
:10E2B000FB69136005F0F2FB0023FB767B68002B03
:10E2C00002D07B68FA7E1A70FB6918462037BD467B
:10E2D00080BD00BF889101087C930108CC910108A2
:10E2E000AC9301080C3A012039E10008103A0120F2
:10E2F00080B584B000AF78607B68002B06D1254BD9
:10E3000040F2A6322449254808F0EEFB7B685B6AA0
:10E310007A68128D1344FB607B68DB6A7A68528EE0
:10E32000B2F5866F28BF4FF4866292B21344FA6842
:10E33000D31A002B08DB7B681A8D7B685A857B68B3
:10E34000DB6AFA68D31A20E07B685A6A7B68DB6A6A
:10E35000D31A002B03DD7B6800225A8514E07B680A
:10E36000DA6A7B685B6AD31ABB60BB68B3F5803F2F
:10E3700006D3084B40F2B6320949084808F0B4FB0E
:10E38000BB689AB27B685A85002318461037BD4691
:10E3900080BD00BF88910108E4930108CC91010879
:10E3A0000894010880B584B000AF78600B467B808C
:10E3B0007B68002B07D11F4B40F2CF321E491F480C
:10E3C00008F092FB32E07B681B7D012B06D1194BD4
:10E3D00040F2D2321A49194808F086FB7B681A8D40
:10E3E0007B881344FB81FB89B3F5066F04D87B68F7
:10E3F0001B8DFA899A4204D27B684FF406621A8513
:10E4000002E07B68FA891A857868FFF771FFB860C7
:10E41000BB68B3F5067F09D37B685B8B43F00203CF
:10E420009AB27B685A83786804F0C2FB1037BD4605
:10E4300080BD00BF8891010824940108CC91010897
:10E440003C94010880B483B000AF0023BB801E4B16
:10E450001B8801339AB21C4B1A801B4B1B884FF64A
:10E46000FF72934203D1184B4FF440421A800023AD
:10E47000FB711EE0FB79154A52F823301B683B60A4
:10E4800011E03B68DA8A104B1B889A4208D1BB889E
:10E490000133BB80BB88B3F5804FD8D300230DE098
:10E4A0003B68DB683B603B68002BEAD1FB790133BA
:10E4B000FB71FB79032BDDD9034B1B8818460C3706
:10E4C000BD465DF8047B704728000020DCB10108E0
:10E4D000B0B590B004AF002387F82530954B1B688A
:10E4E0000133944A1360944B1B780133DAB2924B98
:10E4F0001A7000E000BF0023BB62904B1B68FB62F8
:10E500009DE2FB6A1B7D002B06D18D4B40F2BE4283
:10E510008C498D4808F0E8FAFB6A1B7D012B06D177
:10E52000874B40F2BF428949874808F0DDFAFB6A11
:10E530001B7D0A2B06D1824B4FF498628449824896
:10E5400008F0D2FAFB6A9A7F7B4B1B789A4205D17E
:10E55000FB6ABB62FB6ADB68FB6270E2764B1A788F
:10E56000FB6A9A77002387F82730002387F8263044
:10E57000FB6A1B7D022B0AD1FB6A93F84230052B04
:10E5800005D997F82730013387F827301EE1FB6A59
:10E5900093F842300B2B05D997F82730013387F8D1
:10E5A000273013E1FB6A93F89930002B75D0FB6A92
:10E5B0001B6F002B06D0624B40F2D4426549624883
:10E5C00008F092FAFB6ADB6E002B06D15C4B40F23E
:10E5D000D54261495C4808F087FAFB6A93F89A30A3
:10E5E0000B2B05D997F82730013387F82730EDE05A
:10E5F000FB6A93F89930013B584AD35C7B74FB6A01
:10E6000093F898307A7C9A4207D9FB6A93F898304D
:10E610000133DAB2FB6A83F89820FB6A93F89830EA
:10E620007A7C9A4200F2D28001233B62FB6AB3F803
:10E630006030002B08D1F86A05F062F90346002B20
:10E6400014D000233B6211E0FB6AB3F86030194636
:10E65000F86A04F027F80346002B07D1F86A04F0A3
:10E66000A7FA0346002B01D100233B623B6A002B33
:10E6700000F0AC80FB6A002283F89820FB6A93F8D4
:10E680009930062B00F2A280FB6A93F8993001338F
:10E69000DAB2FB6A83F8992098E0FB6AB3F930306C
:10E6A000002B0FDBFB6AB3F9303047F6FF72934261
:10E6B00008D0FB6AB3F930309BB201339BB21AB277
:10E6C000FB6A1A86FB6AB3F93020FB6AB3F9403063
:10E6D0009A427BDBF86A04F05FFD0346002B07D00B
:10E6E000FB6A1B6F002B71D1FB6ADB6E002B6DD0B8
:10E6F000FB6A1B7D022B3AD0FB6A93F842300C2B4D
:10E7000028BF0C23FB76FB6AB3F93C30DB101BB24D
:10E710001A46FB6AB3F93E301344FA7E10498A5C0C
:10E7200093407B617B6947F6FE7293421ADC7B69FA
:10E730001AB219E0083A01201E3A0120143A0120C9
:10E7400088910108CC940108CC910108F894010843
:10E75000249501085495010888950108D4B1010851
:10E76000C4B1010847F6FF72FB6AA3F84020FB6AB8
:10E7700000221A86FB6AB3F86020FB6AB3F84830BF
:10E78000934228BF13467B827B8A5B089AB2FB6A5E
:10E79000A3F84A20FB6AB3F84A20FB6A5B8E5B0051
:10E7A0009BB29A4206D2FB6A5B8E5B009AB2FB6A0E
:10E7B000A3F84A20FB6A5A8EFB6AA3F84820FB6A3A
:10E7C0000022A3F86A20F86A04F056FDFB6A1B7D5C
:10E7D000062B11D1FB6A5B8B03F01003002B0BD0CF
:10E7E0009C4B1A68FB6A1B6AD31A282B04D997F82A
:10E7F0002730013387F82730FB6A5B7A03F0080380
:10E80000002B4AD0FB6A1B7D042B03D0FB6A1B7DC7
:10E81000072B42D18F4B1A68FB6A1B6AD21AFB6A1C
:10E82000D3F894108C4B0B448C49A1FB03135B0968
:10E830009A420AD997F82730013387F8273097F89A
:10E840002630013387F8263027E0824B1A68FB6AAE
:10E850001B6AD21AFB6AD3F89410FB6A93F89B30B8
:10E8600018467F4B00FB03F30B447C49A1FB0313C9
:10E870005B099A4211D9F86A05F002F8034687F855
:10E88000253097F92530002B07D1FB6A93F89B3090
:10E890000133DAB2FB6A83F89B20FB6A5B6F002BC3
:10E8A00011D06C4B1A68FB6A1B6AD21AFB6AB3F967
:10E8B000403019460B465B000B445B009A4202D382
:10E8C000F86A00F0C3FEFB6A1B7D032B0BD1614B82
:10E8D0001A68FB6A1B6AD31A282B04D997F82730C9
:10E8E000013387F82730FB6A1B7D092B0BD1594B6D
:10E8F0001A68FB6A1B6AD31AF02B04D997F82730E1
:10E90000013387F8273097F82730002B60D0FB6A57
:10E91000D3F89030FB60F86A00F0E4FCBB6A002B8F
:10E9200010D0504B1B68FA6A9A4206D14E4B40F207
:10E930006D524E494E4808F0D7F8FB6ADA68BB6A58
:10E94000DA600FE0474B1B68FA6A9A4206D0464BE2
:10E9500040F271524749464808F0C6F8FB6ADB6846
:10E96000404A136097F82630002B13D0FB6A186DCD
:10E97000FB6A5C6AFD6AFB6A0433FA6AD28AF96A46
:10E98000098B0291019200932B4622460146F86AB8
:10E9900004F0C2FEFB6A1B69BB60FB6A1B7DFB7156
:10E9A000FB6A3B60FB6ADB68FB623868FFF738F89C
:10E9B000314B00221A70FB68002B04D0FB686FF00B
:10E9C0000C01B86898472C4B1B78002B37D092E588
:10E9D000FB6ABB62FB6ADB68FB62BB6A1B7F0133BD
:10E9E000DAB2BB6A1A77BB6A1A7FBB6A5B7F9A424C
:10E9F00025D3BB6A00221A771F4B00221A70BB6A0C
:10EA0000D3F88C30002B0BD0BB6AD3F88C30BA6AA9
:10EA10001269B96A10469847034687F8253002E024
:10EA2000002387F82530144B1B78002B7FF462AD50
:10EA300097F92530002B02D1B86A04F0B9F8FB6AC7
:10EA4000002B7FF45EAD0023BB620C4B1B68FB62A6
:10EA500069E000BF083A0120B84C0A00D34D6210AB
:10EA6000F8240100143A012088910108C09501089A
:10EA7000CC910108EC9501081C3A0120183A0120BC
:10EA8000FB6A1B7D0A2B06D02B4B40F2A1522B496F
:10EA90002B4808F029F8002387F82730294B1A68FB
:10EAA000FB6A1B6AD31AF02B04D997F8273001337D
:10EAB00087F8273097F82730002B2FD0F86A00F01E
:10EAC00011FCBB6A002B10D01F4B1B68FA6A9A42DC
:10EAD00006D1194B40F2AF521C49194808F004F80E
:10EAE000FB6ADA68BB6ADA600FE0174B1B68FA6AE8
:10EAF0009A4206D0104B40F2B3521549104807F025
:10EB0000F3FFFB6ADB68104A1360FB6AFB61FB6A78
:10EB1000DB68FB62F869FEF783FF04E0FB6ABB6217
:10EB2000FB6ADB68FB62FB6A002BA9D100BF00BF58
:10EB30003037BD46B0BD00BF889101081896010866
:10EB4000CC910108083A0120183A012048960108A2
:10EB50007096010880B582B000AF2D4B1B78013351
:10EB6000DAB22B4B1A702B4B1B687B6048E07B683A
:10EB70009A7F274B1B789A423FD0254B1A787B68A7
:10EB80009A777B685B8B03F00103002B10D07B68C6
:10EB90005B8B43F002039AB27B685A83786804F077
:10EBA00007F87B685B8B23F003039AB27B685A8378
:10EBB0007B685B8B03F00803002B09D07B685B8BC1
:10EBC00023F008039AB27B685A837868FFF7BCF891
:10EBD0007B68DB683B607B689B6F002B0AD00E4B29
:10EBE00000221A70786800F019F80B4B1B78002B84
:10EBF00000D0B8E73B687B6002E07B68DB687B6045
:10EC00007B68002BB3D100BF00BF0837BD4680BD75
:10EC10001E3A0120143A01201C3A012090B585B01B
:10EC200000AF78607B68002B09D1374B40F2096256
:10EC30003649374807F058FF6FF00F0360E07B68F4
:10EC40009B6F5B7BBB737B689B6FBB607B680022A9
:10EC50009A677B68D3F88430002B0BD07B68D3F89D
:10EC600084407B6818690023BA687968A047034626
:10EC7000FB7307E00023BA687968002000F0C2F84F
:10EC80000346FB7397F90F30002B2AD1BB7B03F0AF
:10EC90002003002B33D07B681B8DB3F5066F05D0A6
:10ECA0007B681B8D01339AB27B681A857B68D3F829
:10ECB0008430002B0BD07B68D3F884407B681869C4
:10ECC000002300227968A0470346FB7301E000237C
:10ECD000FB7397F90F3013F10D0F10D16FF00C0388
:10ECE0000EE097F90F3013F10D0F02D16FF00C0306
:10ECF00006E07B68BA689A676FF0040300E00023BF
:10ED000018461437BD4690BD8891010898960108B1
:10ED1000CC91010880B584B000AF786007E07B68D3
:10ED20001B68FB60786800F00AF8FB687B607B6812
:10ED3000002BF4D100BF00BF1037BD4680BD80B5A9
:10ED400082B000AF78607B68002B0CD07B685B687A
:10ED5000002B04D07B685B681846FEF7B5FB79682A
:10ED60000320FDF70DFD00BF0837BD4680BD000044
:10ED700080B582B000AF78600B46FB707B68002BDB
:10ED800007D1074B4FF4CE620649074807F0ACFEA7
:10ED900002E07B68FA785A750837BD4680BD00BF2F
:10EDA00088910108C0960108CC91010880B584B013
:10EDB00000AF78607B68002B06D10F4B40F2826277
:10EDC0000E490F4807F090FE0320FDF763FCF86042
:10EDD000FB68002B01D100230AE010227968F86853
:10EDE00008F011F8FB685B681846FEF713FCFB6837
:10EDF00018461037BD4680BD88910108DC96010891
:10EE0000CC91010880B584B000AFF860B9607A6039
:10EE1000FB70BB68002B09D1124B4FF4D36212492F
:10EE2000124807F061FE6FF00F0316E07B68002BBD
:10EE300009D07B681B891946B868FFF7B3FA786870
:10EE4000FEF742FB08E097F90330002B04D1B868C5
:10EE5000FEF7E4FF034600E0002318461037BD46E6
:10EE600080BD00BF88910108F8960108CC91010887
:10EE700080B586B000AF0346FB7197F90730002BD1
:10EE800001DBFB7900E07F23FB72FB7A002B34D09F
:10EE9000FB7A013BFB720023FB6000233B61194BB3
:10EEA0001B687B611FE07B695B7DFA7A9A420CD814
:10EEB0007B695B7DFA7A9A4212D1134B1A687B699F
:10EEC0001B6AD31AFA689A420AD80F4B1A687B69F0
:10EED0001B6AD31AFB607B693B617B695B7DFB72BC
:10EEE0007B69DB687B617B69002BDCD13B69002B94
:10EEF00004D03869FFF77CF800E000BF1837BD4642
:10EF000080BD00BF143A0120083A012080B586B0C8
:10EF100000AF0346FB71FB79082B09D0FB79092B65
:10EF200006D01A4B40F2DD6219491A4807F0DCFDA1
:10EF30000023FB6000233B61174B1B687B6117E0DC
:10EF40007B691B7DFA799A420FD1144B1A687B6951
:10EF50001B6AD31AFA689A4207D8104B1A687B6961
:10EF60001B6AD31AFB607B693B617B69DB687B6151
:10EF70007B69002BE4D13B69002B03D00021386969
:10EF8000FEF778FF00BF1837BD4680BD88910108A5
:10EF900014970108CC910108143A0120083A012085
:10EFA00080B584B000AF00237B600023BB60124BB0
:10EFB0001B68FB6012E0114B1A68FB681B6AD31ACE
:10EFC0007A689A4207D80D4B1A68FB681B6AD31AF5
:10EFD0007B60FB68BB60FB68DB68FB60FB68002B49
:10EFE000E9D1BB68002B02D0B868FFF701F800BF79
:10EFF0001037BD4680BD00BF183A0120083A0120F5
:10F0000080B582B000AF104B1B687B6014E07B685A
:10F01000DB683B607B685B8B03F00803002B09D047
:10F020007B685B8B23F008039AB27B685A8378680D
:10F03000FEF78AFE3B687B607B68002BE7D100BF50
:10F0400000BF0837BD4680BD143A012080B584B0AA
:10F0500000AF0346FB710120FDF71CFBF860FB6865
:10F06000002B26D1FFF7CCFFFFF79AFF0120FDF719
:10F0700011FBF860FB68002B1BD10920FFF746FF4E
:10F080000120FDF707FBF860FB68002B11D1082079
:10F09000FFF73CFF0120FDF7FDFAF860FB68002B4D
:10F0A00007D1FB791846FFF7E3FE0120FDF7F2FADE
:10F0B000F860FB68002B3FD09C220021F86807F025
:10F0C000CFFDFB68FA795A75FB684FF48662A3F8A6
:10F0D0006420FB684FF406625A85FB685A8DFB6812
:10F0E0001A85FB68FF22DA72FB684FF406725A86B3
:10F0F000FB680622A3F84020FB680622DA87FB683B
:10F100004FF6FF721A86FB680122A3F848200D4BC8
:10F110001A68FB681A620C4B1A78FB689A77FB68CE
:10F120004FF48662A3F84A20FB68084AC3F884209B
:10F13000FB68074AC3F89420FB6818461037BD46A1
:10F1400080BD00BF083A01201E3A012005EE0008EC
:10F1500000DD6D0080B500AF4020FFF777FF03466C
:10F16000184680BD80B483B000AF786039607B689A
:10F17000002B02D07B683A681A6100BF0C37BD468D
:10F180005DF8047B7047000080B582B000AF786006
:10F1900039607B68002B0ED07B681B7D012B06D16C
:10F1A000074B40F2DF720749074807F09DFC7B6878
:10F1B0003A68C3F8842000BF0837BD4680BD00BF51
:10F1C0008891010824970108CC91010880B582B08C
:10F1D00000AF786039607B68002B0ED07B681B7DA8
:10F1E000012B06D1074B40F2F3720749074807F09D
:10F1F0007BFC7B683A68C3F8802000BF0837BD46B7
:10F2000080BD00BF889101084C970108CC9101088E
:10F2100080B582B000AF786039607B68002B0ED07B
:10F220007B681B7D012B06D1074B40F60D02074979
:10F23000074807F059FC7B683A68C3F8902000BF84
:10F240000837BD4680BD00BF88910108749701084A
:10F25000CC91010880B485B000AF786039607B68DC
:10F26000002B08D07B681B7D012B04D17B68FB60E1
:10F27000FB683A689A6100BF1437BD465DF8047BAD
:10F280007047000080B584B000AFF860B9601346E5
:10F29000FB71FB68002B07D10E4B40F63D020E4977
:10F2A0000E4807F021FC11E0FB681B7D012B06D105
:10F2B000084B40F63E020A49084807F015FCFB6877
:10F2C000BA68C3F88C20FB68FA795A771037BD46C4
:10F2D00080BD00BF889101089C970108CC9101086E
:10F2E000B497010880B582B000AF78607B68002BCE
:10F2F00007D1214B40F651022049214807F0F4FB89
:10F3000037E07B681B7D002B33D07B681B7D0A2B8D
:10F310002FD07B681B7D012B2BD07B689B6F002B34
:10F3200007D07B689B6F1846FEF7CEF87B680022FB
:10F330009A677B685B6F002B02D0786800F086F9D3
:10F340007B684FF6FF721A867B68DB6E1846FFF704
:10F35000E1FC7B681B6F1846FFF7DCFC7B68002232
:10F36000DA667B68DA6E7B681A677B680022A3F82E
:10F3700068200837BD4680BD88910108D4970108F0
:10F38000CC91010880B584B000AF786039603B68EB
:10F39000002B06D13E4B40F683023E493E4807F023
:10F3A000A3FB7B68002B06D1394B40F684023B4916
:10F3B000394807F099FB7B681B683A689A4205D187
:10F3C0007B681B68DA687B681A6013E07B681B68DF
:10F3D000FB600CE0FB68DB683A689A4204D13B684A
:10F3E000DA68FB68DA6005E0FB68DB68FB60FB68F5
:10F3F000002BEFD13B680022DA603868FFF772FF1C
:10F400003B681B7D0A2B13D03B681B7D012B0FD063
:10F410003B685B8B03F00103002B09D03B685B8BDF
:10F4200043F002039AB23B685A83386803F0C0FB8A
:10F430003B681B7D012B20D03B68DB6E002B06D088
:10F44000134B40F693021649134807F04DFB3B68F7
:10F450001B6F002B06D00E4B40F6940211490E484C
:10F4600007F042FB3B685B6F002B06D0084B40F671
:10F4700096020D49084807F037FB3B6800221A75D1
:10F480003B680022DA8200BF1037BD4680BD00BF56
:10F4900088910108F0970108CC9101080C980108A7
:10F4A0002C980108449801086098010880B582B042
:10F4B00000AF78607B68002B06D10A4B40F6AF02A4
:10F4C00009490A4807F010FB094B1A68094B1B68E9
:10F4D0001344074A1360064B1B6818460837BD469D
:10F4E00080BD00BF8891010878980108CC9101087F
:10F4F0002C000020083A012080B586B000AF0346FA
:10F50000B9607A60FB817B68002B06D1144B40F612
:10F51000C5021449144807F0E7FABB68002B01D173
:10F52000FB8919E0BB689B8CFB82FB8A002B12D005
:10F530002823BB82FA8ABB8A9A4204D9FA8ABB8AF8
:10F54000D31A9BB200E000237B827A8AFB89934224
:10F5500028BF1346FB81FB8918461837BD4680BD7E
:10F560008891010894980108CC91010880B584B075
:10F5700000AF786039603B68FB607B68002B19D175
:10F58000104B4FF410621049104807F0ADFA11E02B
:10F59000FB681A687B681B689A4208D1FB68DB68C5
:10F5A000BB60F868FEF724FDBB68FB6002E0FB6807
:10F5B000DB68FB60FB68002BEAD100BF00BF10379F
:10F5C000BD4680BD88910108BC980108CC91010816
:10F5D00080B584B000AF786039607B68002B2AD09A
:10F5E0007B681B68002B26D0154B1B681946786872
:10F5F000FFF7BCFF134B1B6819467868FFF7B6FF8F
:10F600003B68002B17D03B681B68002B13D00E4BB8
:10F610001B68FB600CE0FB681A687B681B689A42F9
:10F6200003D13B681A68FB681A60FB68DB68FB6003
:10F63000FB68002BEFD100BF1037BD4680BD00BF77
:10F64000143A01200C3A0120103A012080B582B012
:10F6500000AF78607B685B6F002B07D07B685B6FC7
:10F660001846FFF757FB7B6800225A6700BF083730
:10F67000BD4680BD90B58DB004AF786039607B68C1
:10F68000002B05D19B4B83229B499C4807F02CFA09
:10F690007B685B689A4A13607B685B89132B40F236
:10F6A000D183984B5B69974A12681146184606F059
:10F6B00099F80346002B40F0C783924B5B6903F037
:10F6C000F003E02B00F0C0838D4B1B689B899BB23D
:10F6D0001846FCF70BFB03461B0B9BB2DBB29B00EF
:10F6E000BB74BB7C132B40F2B183BB7C9AB27B68AA
:10F6F0001B899A4200F2AA83BB7C9BB2143B9AB24C
:10F70000814B1A80814B00221A607B685A89BB7C2E
:10F710009BB29A4209D37C4B1A887D4B1A80BB7CE2
:10F7200019467868FDF74AFE4EE07B681B68002B9F
:10F7300005D1704BC2227749704807F0D5F91421E2
:10F740007868FDF73BFE7B685A89714B1A806E4BD7
:10F750001A886F4B1B88D31A3B826D4B1B88194646
:10F760007868FDF72BFE7B681B685B893A8A9A42B2
:10F7700000F26E837B681B685B68644A13607B6879
:10F780001B683A8A11461846FDF718FE7B681A89ED
:10F790003B8AD31A9AB27B681A817B685B89002BFB
:10F7A00005D0544BDF225C49544807F09DF97B6833
:10F7B0001A897B681B681B899A4205D04D4BE02251
:10F7C00056494E4807F090F94D4B1B681B889BB279
:10F7D0004B4A14681846FCF789FA03462380484BC5
:10F7E0001B685B889BB2464A14681846FCF77EFA91
:10F7F00003466380424B1B685B68414A14681846A5
:10F80000FCF78AFA034663606368454A13603C4B21
:10F810001B689B683A4A14681846FCF77DFA034651
:10F82000A360A3683F4A1360354B1B68DB899BB21A
:10F83000334A14681846FCF759FA0346E381304B03
:10F840001B689B899BB21846FCF750FA0346DBB253
:10F8500003F03F03DAB2344B1A707B681A89334BDA
:10F860001A80314B1B7803F00303002B0CD02F4B75
:10F870001B8801339AB22D4B1A807B681A892B4B57
:10F880001B889A4200F2E6820023BB61284B1B686A
:10F89000FB619DE0FB691B7D002B05D1154BFB2215
:10F8A0002449164807F020F9FB691B7D0A2B05D176
:10F8B000104BFC222049114807F016F9FB691B7D0B
:10F8C000012B05D10B4BFD221C490C4807F00CF90C
:10F8D000FB691B7A002B33D0FB691A7A094B5B68F2
:10F8E00093F830300133DBB29A4229D0FB69BB6117
:10F8F0006BE000BFF0980108249901083C990108C9
:10F90000303A012008090120343A0120383A012018
:10F91000363A012064990108749901088099010818
:10F92000403A0120443A01204C3A01204A3A012051
:10F93000143A0120A0990108C8990108F499010816
:10F94000FB691A8B724B1B681B889BB29A423AD197
:10F95000FB69DA8A6E4B1B685B889BB29A4232D194
:10F96000FB695A686B4B1B699A422CD1FB691A6878
:10F97000684B5B699A4226D1FB69DB68FA699A4257
:10F9800006D1654B40F20D126449654807F0ACF8AA
:10F99000BB69002B0AD0FB69DA68BB69DA60614B8E
:10F9A0001A68FB69DA605F4AFB691360FB69DB6810
:10F9B000FA699A4211D1584B40F215125A495848E7
:10F9C00007F092F809E0FB69BB61FB69DB68FB614A
:10F9D000FB69002B7FF45EAF00E000BFFB69002BEA
:10F9E00040F0AA80514B1B68FB613FE0FB691B7D27
:10F9F0000A2B06D0484B40F21F124D49484807F0E9
:10FA000073F8FB691B7A002B09D0FB691A7A414B0A
:10FA10005B6893F830300133DBB29A4222D1FB6944
:10FA20001A8B3B4B1B681B889BB29A421BD1FB690C
:10FA3000DA8A374B1B685B889BB29A4213D1FB6909
:10FA40005A68344B1B699A420DD1FB691A68314BD5
:10FA50005B699A4207D1F86900F056FB7868FDF7B8
:10FA600033FDFDE100BFFB69DB68FB61FB69002B37
:10FA7000BCD10023BB612F4B1B687B612AE07B69F3
:10FA80001B7A002B0CD07B691A7A224B5B6893F8A7
:10FA900030300133DBB29A4202D07B69BB6116E0A1
:10FAA0007B69DA8A1A4B1B685B889BB29A420CD13D
:10FAB0007B691A68174B5B699A420FD07B69002BF0
:10FAC0000DD07B691B68002B09D07B69BB617B690A
:10FAD000DB687B617B69002BD1D100E000BF7B69D3
:10FAE000002B29D0BB69002B0AD07B69DA68BB697F
:10FAF000DA60104B1A687B69DA600E4A7B69136022
:10FB0000786900F003FA7868FDF7DEFCA8E100BF31
:10FB1000303A012008090120F09801081C9A0108D8
:10FB20003C990108143A0120489A0108183A01202A
:10FB3000749A0108103A0120FB69002B00F05881EB
:10FB4000954B00221A607B681A89934B1A81924A5E
:10FB50007B685360914B1B688F4AD360904B0022A7
:10FB60001A60904B00221A708F4B00221A808F4B24
:10FB70001B7803F00803002B06D07B685B7B43F007
:10FB80000103DAB27B685A73FB699B6F002B17D0B5
:10FB9000F869FFF743F8034613F10D0F07D0FB692F
:10FBA0009B6F002B0CD0824B1B88002B08D0FB696D
:10FBB0005B8D002B40F0E380F86903F0FFFDDEE091
:10FBC0007C4AFB691360F86900F018FB0346FB747C
:10FBD00097F9133013F10D0F00F0D380714B1B78A0
:10FBE00003F00803002B15D0FB69D3F89030002BED
:10FBF00008D0FB69D3F89030FA6912696FF00D01F3
:10FC000010469847F9696C48FFF7BCFBF869FDF7A7
:10FC100007FFDAE00023FB74634B1B88002B1DD029
:10FC2000614B1B88FB81FB69D3F88030002B0AD025
:10FC3000FB69D3F88030FA691069FA89F969984745
:10FC40000346FB7401E00023FB7497F9133013F1B2
:10FC50000D0F00F09880544B00221A80F86900F0D4
:10FC600015F90346002B40F090804D4B1B68002B8C
:10FC700041D0FB699B6F002B06D0504B4FF4F372C1
:10FC80004F49504806F030FFFB695B8B03F01003CF
:10FC9000002B08D0424B1B681846FDF715FCF8698D
:10FCA000FEF7A6F991E0FB69D3F88430002B0CD065
:10FCB000FB69D3F88440FB691869394B1A68002343
:10FCC000F969A0470346FB7408E0354B1A68002326
:10FCD000F9690020FFF796F80346FB7497F9133093
:10FCE00013F10D0F53D097F91330002B03D02C4B89
:10FCF0001A68FB699A672B4B1B7803F02003002BD3
:10FD000030D0FB699B6F002B09D0FB699B6F5A7B3E
:10FD1000FB699B6F42F02002D2B25A7322E0FB696A
:10FD20001B8DB3F5066F05D0FB691B8D01339AB2AD
:10FD3000FB691A85FB69D3F88430002B0BD0FB6973
:10FD4000D3F88440FB69186900230022F969A047B1
:10FD50000346FB7401E00023FB7497F9133013F1A1
:10FD60000D0F16D0134B00221A60F86900F08EF8C0
:10FD70000346002B28D1F86902F01AFF25E000BFE6
:10FD800023E000BF21E000BF1FE000BF1DE000BF77
:10FD90001BE000BF19E000BF203A0120303A0120EB
:10FDA000503A01204D3A0120483A01204C3A0120B6
:10FDB0004A3A0120543A0120143A0120F0980108EF
:10FDC000A49A01083C99010800BF274B00221A6041
:10FDD000264B00221A60264B5B68002B3FD0244B39
:10FDE0005B681846FDF770FB214B00225A6036E035
:10FDF000204B1B689B899BB21846FBF777FF034695
:10FE0000DBB203F00403002B18D11B4B19681B4B0A
:10FE10001B881A461A4B1B68D018164B1B685B8848
:10FE20009BB2144A1268128892B202920193154B47
:10FE30000093154B0246002003F06EFC7868FDF736
:10FE400043FB0CE000BF06E000BF04E000BF02E09F
:10FE500000BF00E000BF7868FDF736FB00E000BFA0
:10FE60002437BD4690BD00BF543A0120503A0120CE
:10FE7000203A0120303A0120443A01204A3A012038
:10FE8000403A0120180901201C09012080B582B0E8
:10FE900000AF78607B68002B06D1174B40F25A22E6
:10FEA0001649174806F020FE164B1B7803F0100386
:10FEB000002B1CD07B685B8B03F01003002B0DD153
:10FEC0007B68D3F89030002B08D07B68D3F8903053
:10FED0007A6812696FF00E011046984779680A48EF
:10FEE000FFF750FA7868FDF79BFD012300E000233F
:10FEF00018460837BD4680BDF0980108C09A010831
:10FF00003C9901084D3A0120143A012090B58BB07C
:10FF100004AF78606F4B1B7803F00403002B40F0B4
:10FF2000D2807B68002B06D16B4B40F281226B495B
:10FF30006B4806F0D9FD674B1B7803F01003002BCC
:10FF400019D0684B1968684B1B881A46674B1B68A9
:10FF5000D018674B1B685B889BB2654A1268128891
:10FF600092B202920193634B0093634B024678680E
:10FF700003F0D2FBA9E0574B1B7803F00203002BE0
:10FF800000F0A3807B685B7D1846FFF75FF878611F
:10FF90007B69002B11D17B689B69002B0AD07B68A1
:10FFA0009B697A6810694FF0FF3200219847034639
:10FFB000BB738BE0F023BB7388E0504B5A697B69BD
:10FFC0001A604E4B1A697B695A607B68DA8A7B69D2
:10FFD000DA82474B1B681B889AB27B691A837B695C
:10FFE00003221A75414B1B685A1C7B695A627B6954
:10FFF0005A6A7B69DA627869FFF758FA38617B6977
:020000040801F1
:100000003A699A657B693A691A657B693A695A6403
:100010007B693A69DA65354B1B685A1E7B695A65FC
:100020007B681A697B691A617B697A68DA677B6821
:100030005B7A03F00C03DAB27B695A727B681A7A36
:100040007B691A722E4B1A687B69DA602C4A7B69CD
:10005000136003F023FD2B4B01221A70786901F025
:100060008BFD234B1B68DB899AB27B69A3F8602068
:100070007B69B3F860207B69A3F862207B695C8EA2
:100080007B690433184605F017F901467B69043390
:100090001A462046FFF730FA03461A467B695A860D
:1000A0001221786902F096FC0346FB7397F90F3032
:1000B000002B04D000217869FDF7DCFE06E07869AA
:1000C00002F076FD01E000BF00E000BF1C37BD4636
:1000D00090BD00BF4C3A0120F0980108E89A010851
:1000E0003C990108443A01204A3A0120403A012053
:1000F000303A0120180901201C09012008090120BB
:10010000143A01201C3A012080B586B004AF786013
:100110002F4B1B7803F00403002B53D17B68002B7B
:1001200006D12C4B40F2EE222B492C4806F0DCFC89
:10013000274B1B7803F00203002B2AD0284B1A68A8
:100140007B685B6AD31A002B2DDB254B1A687B6812
:100150005B6A7968098D0B44D31A002B23DC214B91
:100160001968214B1B881A461D4B1B68D0181F4B62
:100170001B685B889BB21D4A1268128892B2029279
:1001800001931B4B00931B4B0246786803F0C4FAA3
:100190001BE00F4B1B7803F00103002B03D0164B21
:1001A0001A687B681A62104B1B88002B0CD07B6886
:1001B0005B8B43F002039AB27B685A83786802F043
:1001C000F7FC01E000BF00E000BF0837BD4680BD7E
:1001D0004C3A0120F0980108089B01083C9901085D
:1001E000403A0120443A01204A3A0120303A0120A5
:1001F000180901201C090120083A012090B58DB092
:1002000004AF78600023FB760023BB767B68002B6D
:1002100006D19D4B4FF447729C499D4806F064FC03
:100220009C4B1B7803F00403002B4ED07B681B7D96
:10023000022B08D17B681A6D974B1B689A4223D119
:100240000123FB7620E07B685A6A944B1B689A4234
:1002500002D10123FB7617E0904B1A687B685B6A3A
:10026000D31A002B10DB8D4B1A687B685B6A7968A8
:10027000098D0B44D31A002B06DC7B685B8B43F0A3
:1002800002039AB27B685A83FB7E002B1BD07B68EB
:100290001B7D002B06D17C4B4FF44E7280497C486D
:1002A00006F022FC7F4B1B7843F00803DAB27D4B4B
:1002B0001A707B685B8B23F001039AB27B685A83C8
:1002C0006FF00D037AE3002378E3724B1B7803F0A1
:1002D0000203002B10D07B681B7D022B0CD07B68A7
:1002E0001B7D032B08D07B685B8B43F002039AB223
:1002F0007B685A83002361E37B685B8B03F0100308
:10030000002B03D1684B1A687B681A627B68002255
:1003100083F89B207B68002283F89A20786801F09C
:100320002BFC7B681B7D023B072B00F2378301A26D
:1003300052F823F05503010885050108FD06010860
:10034000270701084B080108FD060108D708010826
:10035000670901084F4B1B7803F01003002B00F0D6
:10036000E4804C4B1B7803F00203002B00F0DD808F
:100370007B685B6C5A1C484B1B689A4240F0D580E6
:10038000464B1B685A1C7B685A627B685A6A7B68BA
:10039000DA62414B1A687B685A64444B1B68DB89FC
:1003A0009AB27B68A3F860207B68B3F860207B6812
:1003B000A3F86220394B1B685A1E7B685A657B681C
:1003C00004221A757B685C8E7B680433184604F03F
:1003D00073FF01467B6804331A462046FFF78CF80A
:1003E00003461A467B685A867B685B8E9A007B6858
:1003F0005B8E5B0041F21C118B4238BF0B469A4268
:1004000004D27B685B8E9B009BB20DE07B685B8EA9
:100410005B0041F21C12934204D97B685B8E5B0047
:100420009BB201E041F21C137A68A2F848307B6865
:10043000B3F86630002B06D1134B4FF45B721C49A6
:10044000134806F051FB7B68B3F86630013B9AB263
:100450007B68A3F866207B681B6FFB61FB69002B40
:100460002AD17B68DB6EFB61FB69002B06D1064B52
:100470004FF45D720F49064806F036FBFB691A68B7
:100480007B68DA661CE000BFF0980108289B010831
:100490003C9901084C3A0120443A0120403A01209D
:1004A000449B01084D3A0120083A0120303A0120CE
:1004B000649B01087C9B0108FB691A687B681A67CA
:1004C000F869FEF73CFC7B681B6F002B04D17B684E
:1004D0004FF6FF721A8606E07B6800221A867B6858
:1004E000002283F842207B68D3F88830002B0AD0A2
:1004F0007B68D3F888307A68106900227968984759
:100500000346BB7601E00023BB7697F91A3013F15E
:100510000D0F02D16FF00C0350E27B685B8B43F050
:1005200002039AB27B685A833AE2984B1B7803F035
:100530001003002B00F03482954B1968954B1B88F3
:100540001A46954B1B68D018944B1B685B889BB26E
:10055000924A1268128892B202920193904B0093D1
:10056000904B0246786803F0D7F87B6893F84230E6
:10057000052B00F215827B6800221A86786802F04B
:10058000A3FE0DE2814B1B7803F01003002B00F05B
:10059000A1807F4B1A687B685B6CD31A013B002BF0
:1005A0007EDB7B4B1A687B681B6DD31A002B77DCD4
:1005B0007B6804221A757B68DB6F002B02D1FA235B
:1005C000BB761DE07B68DB6F9B69002B06D1764B09
:1005D0004FF46A727549764806F086FA7B68DB6FDD
:1005E0009B69002B0AD07B68DB6F9B697A68106976
:1005F0000022796898470346BB7601E0F023BB767A
:1006000097F91A30002B0AD097F91A3013F10D0F11
:1006100002D07868FDF7ECFC6FF00C03CEE178684F
:1006200000F0E0FA634B1B88002B05D0614B1B8860
:10063000013B9AB25F4B1A807B685B8E9A007B68A5
:100640005B8E5B0041F21C118B4238BF0B469A4215
:1006500004D27B685B8E9B009BB20DE07B685B8E57
:100660005B0041F21C12934204D97B685B8E5B00F5
:100670009BB201E041F21C137A68A2F848304E4B5D
:100680001B7803F02003002B37D07B685B8B43F093
:1006900002039AB27B685A837B6807221A752CE0A2
:1006A0003B4B19683B4B1B881A463B4B1B68D018C9
:1006B0003A4B1B685B889BB2384A1268128892B228
:1006C00002920193364B0093364B0246786803F052
:1006D00023F867E12D4B1B7803F00203002B00F099
:1006E00061817B685B6A5A1E2B4B1B689A4240F003
:1006F0005981786802F00AFE54E153E1786800F00D
:1007000071FA2D4B1B7803F02003002B00F04C8175
:100710007B685B8B43F002039AB27B685A837B68E9
:1007200007221A7540E1786800F05CFA224B1B78CA
:1007300003F02003002B71D0144B1B7803F010033F
:10074000002B60D07B681A6D114B1B689A425AD1FE
:100750007B68DB6E002B56D17B685B8B43F002031A
:100760009AB27B685A837868FEF7BCFD134B1B680E
:100770007A689A4205D1114B1B68DB680F4A1360F7
:100780002EE00E4B1B687B6127E000BF4C3A012036
:10079000443A01204A3A0120403A0120303A0120EF
:1007A000180901201C090120F0980108909B0108FC
:1007B0003C990108483A01204D3A0120143A0120A1
:1007C0007B69DB687A689A4204D17B68DA687B6966
:1007D000DA6005E07B69DB687B617B69002BEFD128
:1007E0007B680022DA60774B01221A707B680A224C
:1007F0001A75754B1A687B68DA60734A7B681360F8
:1008000003F04CF9D2E07B685B8B43F002039AB2B1
:100810007B685A837B6808221A75C7E06B4B1B788C
:1008200003F01003002B00F0C1807B681A6D684B49
:100830001B689A4240F0BA807B68DB6E002B40F068
:10084000B5807B6806221A75B0E0786800F0CAF9B6
:10085000604B1B7803F02003002B00F0A9807B681D
:100860005B8B43F002039AB27B685A837868FEF789
:1008700039FD594B1B687A689A4205D1564B1B6863
:10088000DB68554A136013E0534B1B683B610CE077
:100890003B69DB687A689A4204D17B68DA683B6915
:1008A000DA6005E03B69DB683B613B69002BEFD117
:1008B0007B680022DA60434B01221A707B680A22AF
:1008C0001A75414B1A687B68DA603F4A7B6813608F
:1008D00003F0E4F86CE0786800F084F93B4B1B7897
:1008E00003F01003002B65D07B681A6D384B1B6832
:1008F0009A425FD17B68DB6E002B5BD17868FEF794
:10090000F1FC354B1B687A689A4205D1324B1B6863
:10091000DB68314A136013E02F4B1B68FB600CE06F
:10092000FB68DB687A689A4204D17B68DA68FB6806
:10093000DA6005E0FB68DB68FB60FB68002BEFD149
:100940007B680022DA601F4B01221A707B680A2242
:100950001A751D4B1A687B68DA601B4A7B68136046
:1009600003F09CF826E0786800F03CF9174B1B7800
:1009700003F01003002B1FD07B681A6D144B1B680B
:100980009A4219D17B68DB6E002B15D1114B1B7875
:1009900043F01003DAB20F4B1A700DE000BF0CE009
:1009A00000BF0AE000BF08E000BF06E000BF04E0AF
:1009B00000BF02E000BF00E000BF0023184624375C
:1009C000BD4690BD1C3A0120183A01204C3A012046
:1009D000443A01204D3A0120143A012090B585B0E7
:1009E00000AF786039607B68002B06D13B4B40F24A
:1009F0001F423B493B4806F077F87B68DB689B89E0
:100A00009BB21846FBF772F90346DBB203F0010311
:100A1000002B28D03868FEF77DF900233B6056E0B4
:100A20003B68DB689B899BB21846FBF75FF903467E
:100A3000DBB203F00103002B0DD07B68DB689B89E0
:100A40009CB20120FBF752F903461A467B68DB682B
:100A5000224392B29A813B68FB603B681B683B6013
:100A6000F868FEF76CF93B68002B0ED07B681B8999
:100A70001A461D4B1B681A443B68DB685B68396883
:100A800009890B44D31A002BCADA3B68002B1ED00D
:100A90007B681B891A46144B1B681A443B68DB6849
:100AA0005B68D31A002B12DD3B68DB685B689AB287
:100AB0000D4B1B689BB2D31A9AB27B681A817B6874
:100AC0005A687B681B8919461046FCF777FB7B68E0
:100AD0003A681A6000BF1437BD4690BDF09801080F
:100AE000B09B01083C990108403A0120B0B586B09E
:100AF00000AFF860B9607A603B603EE0BB687B6144
:100B0000BB681B68BB607B695B681846FCF76AFDC5
:100B100003467B82FB68B3F866307A8A9A4206D92C
:100B20002A4B40F257422A492A4805F0DDFFFB686C
:100B3000B3F866207B8AD31A9AB2FB68A3F86620C2
:100B40007B691A89244B1B8813449AB2224B1A8062
:100B50007869FEF7F4F8FB68B3F86630002B0CD028
:100B6000BB68002B09D13B68002B06D1174B40F224
:100B700061421A49174805F0B7FFBB68002B20D027
:100B8000BB68DB685B681846FBF7C6F80446BB68C1
:100B90001B891D46BB68DB689B899BB21846FBF727
:100BA000A5F80346DBB203F00303002B01D00123B9
:100BB00000E000232B44E218094B1B68D31A002BDA
:100BC0009CDDBB6818461837BD46B0BDF0980108DB
:100BD000D89B01083C990108483A0120009C010873
:100BE000443A0120B0B594B000AF78600023BB64F4
:100BF0007B68002B06D1914B40F27B429049914893
:100C000005F072FF7B681B7D032B06D88B4B40F2EF
:100C10007C428D498B4805F067FF8C4B1B7803F0B5
:100C20001003002B00F064827B68B3F860301A4632
:100C30007B689B6D13443B637B685A6D844B1B68D8
:100C4000D31A002B1BDB7B685A6D814B1B689A42C1
:100C500006D17B689A6D7F4B1B68D31A002B0EDB85
:100C60007B689A6D7B4B1B689A4225D17A4B1B6837
:100C7000DB899AB27B68B3F860309A421CD9764B14
:100C80001B68DB899AB27B68A3F860207B68B3F8A5
:100C900062207B68B3F860309A4205D27B68B3F873
:100CA00060207B68A3F86220694B1A687B685A65EC
:100CB000684B1A687B689A65664B1A687B685B6C40
:100CC000D31A002B58DC654B1B88002B4BD17B685B
:100CD0009B6D7A68B2F8602013443A6B9A4242D115
:100CE0007B68B3F93030002B3DDB7B685A6C594B85
:100CF0001B689A4237D10123BB647B6893F8433069
:100D0000FF2B07D07B6893F843300133DAB27B685E
:100D100083F843207B6893F84330032B1BD97B680F
:100D2000B3F848207B685B8E13449AB27B68B3F8B3
:100D300048309A420AD37B68B3F848207B685B8EC0
:100D400013449AB27B68A3F8482004E07B684FF60E
:100D5000FF72A3F848207B6893F84330022B02D936
:100D6000786802F03FFBBB6C002B40F061817B6830
:100D7000002283F843205BE1364B1A687B685B6C8A
:100D8000D31A013B002BC0F24E81324B1A687B68AC
:100D90001B6DD31A002B00F346817B685B8B03F03D
:100DA0000403002B10D07B685B8B23F004039AB202
:100DB0007B685A837B68B3F84A207B68A3F8482095
:100DC0007B680022A3F86A207B68002283F8422017
:100DD0007B68B3F93C30DB101BB29AB27B68B3F985
:100DE0003E309BB213449BB21AB27B68A3F84020FA
:100DF000184B1B689AB27B685B6C9BB2D31AFB855D
:100E00007B68002283F84320124B1A687B685A647F
:100E10007B681B7D032B40F297807B68B3F84820EA
:100E20007B68B3F84A309A4245D27B685B8B03F407
:100E30000063002B14D0012313E000BFF0980108D9
:100E4000209C01083C9901083C9C01084C3A012077
:100E5000403A0120443A0120303A01204A3A012028
:100E6000022387F82D3097F82D309AB27B685B8E7D
:100E700012FB03F39BB2FA8D934228BF13467B8586
:100E80007B68B3F848207B8D13449AB27B68B3F833
:100E900048309A4209D37B68B3F848207B8D1344CD
:100EA0009AB27B68A3F848204EE07B684FF6FF7249
:100EB000A3F8482048E07B68B3F86A20FB8D134410
:100EC0009AB27B68B3F86A309A4209D37B68B3F868
:100ED0006A20FB8D13449AB27B68A3F86A2004E071
:100EE0007B684FF6FF72A3F86A207B68B3F86A202C
:100EF0007B68B3F848309A4226D37B68B3F86A20FF
:100F00007B68B3F84830D31A9AB27B68A3F86A209A
:100F10007B68B3F848207B685B8E13449AB27B6889
:100F2000B3F848309A420AD37B68B3F848207B680C
:100F30005B8E13449AB27B68A3F8482004E07B6878
:100F40004FF6FF72A3F848207B68196F7B68DB6E51
:100F5000984A7868FFF7CAFD02467B681A677B6883
:100F6000D96E7B681B6F944A7868FFF7BFFD024615
:100F70007B68DA667B681B6F002B04D17B684FF6B9
:100F8000FF721A8602E07B6800221A867B680022C4
:100F90001A777B68DB6E002B03D17B680022A3F8F5
:100FA00068207B68B3F86420844B1B8813449AB292
:100FB0007B68A3F864207B685B8B03F40063002BE1
:100FC00035D07B681B6F002B18D17B68DB6E002B44
:100FD0000CD07B68DC6C7B68DB6EDB685B6818467A
:100FE000FAF79AFE0346E31A002B20DC7B685B8B42
:100FF00023F400639AB27B685A8318E07B68DC6C48
:101000007B681B6FDB685B681846FAF785FE034652
:10101000E31A002B0BDC7B685B8B23F400639AB232
:101020007B685A8303E0786802F0C8FB00E000BFE9
:101030007B685B6B002B5BD07B689A6B604B1B689B
:10104000D31A002B54DA5F4B1B689AB27B685B6B38
:101050009BB2D31A9BB2A7F84E30B7F84E207B68EC
:10106000B3F93C30DB101BB29BB2D31A9BB2A7F88A
:101070004E307B68B3F93C309AB2B7F84E30134427
:101080009BB21AB27B689A87B7F94E30002B05DA0B
:10109000B7F84E305B429BB2A7F84E30B7F84E20FF
:1010A0007B68B3F93E309B101BB29BB2D31A9BB244
:1010B000A7F84E307B68B3F93E309AB2B7F84E309D
:1010C00013449BB21AB27B68DA877B68B3F93C3071
:1010D000DB101BB29AB27B68B3F93E309BB213446B
:1010E0009BB21AB27B68A3F840207B6800225A6347
:1010F000354B1B88002B00F0DF847B681B7D062BA3
:1011000000F2DA847B685A6A304B1B68D31A013BC1
:10111000002BC0F28F807B685A6A2B4B1B881946C4
:101120002A4B1B680B44D31A0133002B00F3828037
:10113000274B5B687B647B685A6A244B1B68D31A15
:101140007B62234B5B68002B06D1224B40F294520A
:101150002149224805F0C8FC7B6A4FF6FE72934293
:1011600006D91C4B40F295521D491C4805F0BCFCA9
:101170007B6AA7F84230164B5B681B89B7F84220A0
:101180009A4206D9134B40F297521649134805F07C
:10119000ABFC0F4B1A89B7F84230D31A9AB20C4BFA
:1011A0001A810B4B5B681A89B7F84230D31A7B84DB
:1011B0002AE000BF589C0108609C0108483A0120C1
:1011C000443A0120083A01204A3A0120403A0120DD
:1011D000203A0120F0980108689C01083C99010818
:1011E000789C0108889C01087B6C5B89B7F84220D9
:1011F000D31AA7F842307B6C7A8C1A817B6C002260
:101200005A817B6C1B687B647B6C5B89B7F84220DE
:101210009A42E9D8B7F842301946786CFCF7CEF814
:101220007B685B6A904A1360904BDB688E4A126859
:101230005A600DE08C4B1A687B685B6AD31A002BEE
:1012400006DA7B685B8B43F002039AB27B685A83B1
:10125000854B1A687B685B6AD31A002BC0F227841F
:10126000814B1A687B685B6A7968098D0B44D31AD5
:101270000133002B00F31B847B685A6A7A4B1B688E
:101280009A4240F09882794B1C89784BDB689B89A5
:101290009BB21846FAF72AFD0346DBB203F00303BC
:1012A000002B01D0012300E0002323449AB2704BAD
:1012B0001A807B681A8D6E4B1B889A4274D26B4BD6
:1012C000DB689B899BB21846FAF710FD0346DBB238
:1012D00003F00103002B1ED0644BDB689B899BB29B
:1012E0001BB223F47C531CB2604BDB689B899BB21E
:1012F0001846FAF7FBFC0346DBB203F03E039BB251
:101300001846FAF7F3FC03461BB223431AB2574BB5
:10131000DB6892B29A817B681A8D544B1A81534BC9
:10132000DB689B899BB21846FAF7E0FC0346DBB208
:1013300003F00203002B05D04C4B1B89013B9AB2F2
:101340004A4B1A81494B5B68484A12891146184634
:10135000FBF734FF454B1C89444BDB689B899BB2F0
:101360001846FAF7C3FC0346DBB203F00303002B75
:1013700001D0012300E0002323449AB23C4B1A80A1
:101380003B4B1B881A46384B1B681A447B685B6AC8
:101390007968098D0B449A4206D0364B40F2CB5205
:1013A0003549364805F0A0FB7B685B6F002B00F0E9
:1013B000E6802E4BDB689B899BB21846FAF796FCB9
:1013C0000346DBB203F00103002B10D00AE07B6878
:1013D0005B6FFB607B685B6F1A687B685A67F868B5
:1013E000FDF7ADFC7B685B6F002BF0D1C7E07B683D
:1013F0005B6FFB6351E0FB6BDB689B899BB218461C
:10140000FAF774FC0346DBB203F00103002B3CD077
:10141000164BDB689B899BB21846FAF767FC0346BC
:10142000DBB203F00203002B2FD1104BDB689B894A
:101430009CB20120FAF75AFC03461A460B4BDB68B4
:10144000224392B29A81094B1C89084BDB689B8925
:101450009BB21846FAF74AFC0346DBB203F00303DB
:10146000002B0DD001230CE0403A0120203A01204E
:101470004A3A0120F0980108989C01083C9901081B
:10148000002323449AB2984B1A80FB6B3B61FB6BA1
:101490001B68FB633869FDF752FCFB6B002B0ED019
:1014A000914B1B881A46914B1B681A44FB6BDB68F7
:1014B0005B68F96B09890B44D31A002B9BDAFB6B31
:1014C000002B59D0884B1B881A46884B1B681A443E
:1014D000FB6BDB685B68D31A002B4DDDFB6BDB68B5
:1014E0005B689AB2814B1B689BB2D31A9AB2804B4D
:1014F0001A817F4BDB689B899BB21846FAF7F6FB93
:101500000346DBB203F00203002B05D0784B1B89A6
:10151000013B9AB2764B1A81754B5B68744A12890B
:1015200011461846FBF74AFE714B1C89704BDB686D
:101530009B899BB21846FAF7D9FB0346DBB203F04E
:101540000303002B01D0012300E0002323449AB2BF
:10155000654B1A80644B1B881A46644B1B681A44FF
:10156000FB6BDB685B689A4206D0624B40F2FC5230
:101570006149624805F0B8FA7B68FA6B5A675A4BC2
:101580001B881A46594B1B681A447B685A627B6851
:101590001A8D554B1B889A4206D2564B40F2076271
:1015A0005749564805F0A0FA7B681A8D4E4B1B88A8
:1015B000D31A9AB27B681A857868FCF799FE4C4B6F
:1015C0005B681B89002B06D0494B5B684D4A136052
:1015D000474B00225A60464BDB689B899BB21846FA
:1015E000FAF784FB0346DBB203F00103002B00F0A3
:1015F000B880454B1B7843F02003DAB2424B1A7097
:10160000AFE07B685B6FBB607B685B6FDB685B68D0
:10161000364A1360BB681B891C46BB68DB689B8924
:101620009BB21846FAF762FB0346DBB203F00303F2
:10163000002B01D0012300E000231A197B685B6AAC
:101640001A447B685A627B681B8D1C46BB681B89E9
:101650001D46BB68DB689B899BB21846FAF746FBC0
:101660000346DBB203F00303002B01D0012300E0AB
:1016700000232B449C4206D21E4B40F22B6223498E
:101680001E4805F031FABB681B891C46BB68DB6845
:101690009B899BB21846FAF729FB0346DBB203F09D
:1016A0000303002B01D0012300E0002319197B68FC
:1016B0001A8D8BB2D31A9AB27B681A857868FCF7B8
:1016C00017FEBB685B681B89002B28D00D4B1B687D
:1016D000002B1DD00B4B1A68BB685B68194610467F
:1016E000FBF7C0FF18E000BF4A3A0120403A012052
:1016F000203A0120F0980108D09C01083C9901088B
:101700000C9D0108503A01204D3A01202C9D010802
:10171000BB685B68704A1360BB6800225A60BB6894
:10172000DB689B899BB21846FAF7E0FA0346DBB206
:1017300003F00103002B0DD0684B1B7843F020030E
:10174000DAB2664B1A707B681B7D042B02D17B6872
:1017500007221A75BB681A687B685A67B868FDF774
:10176000EEFA7B685B6F002B08D07B685B6FDB68F1
:101770005A687B685B6A9A423FF443AF7B685B8B35
:1017800003F00103002B0ED07B685B8B23F0010379
:101790009AB27B685A837B685B8B43F002039AB2F0
:1017A0007B685A8387E17B685B8B43F001039AB2C5
:1017B0007B685A837FE17B685B6F002B06D14848CA
:1017C000FDF7F4FA02467B685A676CE100237B63FD
:1017D0007B685B6FBB6356E1BB6BDB685A68414B50
:1017E0001B689A421DD13E4B1A89BB6B1B899A42DA
:1017F00040F24E813A48FDF7D9FA78617B69002BB7
:1018000000F048817B6B002B03D07B6B7A691A60F8
:1018100002E07B687A695A67B96B7869FFF7DEF88E
:1018200038E17B6B002B17D12E4B1A68BB6BDB6842
:101830005B68D31A002B57DA2948FDF7B7FAB8616D
:10184000BB69002B00F028817B68BA695A67B96BC5
:10185000B869FFF7C3F81FE1224B1A687B6BDB689E
:101860005B68D31A013B002B3EDB1E4B1A68BB6B37
:10187000DB685B68D31A0133002B35DC1848FDF7B1
:1018800095FAF861FB69002B00F008817B6BDB683F
:101890005B687A6B12891A44124B1B68D31A002BAF
:1018A00012DD104B1B689AB27B6BDB685B689BB2E6
:1018B000D31A9AB27B6B1A817B6B5A687B6B1B893C
:1018C00019461046FBF77AFC7B6BFA691A60B96B14
:1018D000F869FFF783F8E1E0503A01204D3A012022
:1018E000203A0120403A0120BB6B7B63BB6B1B6835
:1018F000002B40F0C5807F4B1A68BB6BDB685B68D0
:10190000D31A002B40F3BC80BB6BDB689B899BB276
:101910001846FAF7EBF90346DBB203F00103002B9C
:1019200040F0BE807448FDF741FA0246BB6B1A6076
:10193000BB6B1B68002B00F0B580BB6BDB685B6882
:10194000BA6B12891A446B4B1B68D31A002B12DD39
:10195000684B1B689AB2BB6BDB685B689BB2D31A9F
:101960009AB2BB6B1A81BB6B5A68BB6B1B89194659
:101970001046FBF723FC614B1B881A465D4B1B6826
:101980001A447B685B6A7968098D0B44D31A002B73
:1019900040F38880BB6B1B68DB689B899BB2184651
:1019A000FAF7A4F90346DBB203F00103002B21D0C0
:1019B000BB6B1B68DB689B899BB21BB223F47C5317
:1019C0001CB2BB6B1B68DB689B899BB21846FAF79D
:1019D0008DF90346DBB203F03E039BB21846FAF7DB
:1019E00085F903461BB223431AB2BB6B1B68DB6845
:1019F00092B29A817B685B6A9AB27B681B8D1344B2
:101A000099B23C4B1B689AB2BB6B1B688A1A92B2A4
:101A10001A81BB6B1B685A68BB6B1B681B89194614
:101A20001046FBF7CBFBBB6B1B681C89BB6B1B68B1
:101A3000DB689B899BB21846FAF758F90346DBB27C
:101A400003F00303002B01D0012300E00023234413
:101A50009AB22A4B1A80294B1B881A46254B1B68C1
:101A60001A447B685B6A7968098D0B449A4219D0E5
:101A7000234B4FF4DF622349234805F035F811E08A
:101A8000BB6B1B68BB63BB6B002B7FF4A5AE0AE08E
:101A900000BF08E000BF06E000BF04E000BF02E0B6
:101AA00000BF00E000BF786801F088FE03E07868BE
:101AB00001F084FE1AE019E00E4B1A687B685B6A3D
:101AC000D31A002B0ADB0B4B1A687B685B6A7968B8
:101AD000098D0B44D31A0133002B07DD7B685B8B28
:101AE00043F002039AB27B685A83FFE700BF503786
:101AF000BD46B0BD403A0120203A01204A3A0120BB
:101B0000F0980108989C01083C99010880B483B0C2
:101B100000AF154B1B885A1C91B2134A1180FB80F1
:101B2000124B1B68002B04D0114B1B88FA889A4279
:101B300008D2104B1B6814333B60FB883A6813448F
:101B40001B780BE0FB88DAB2094B1B88DBB2D31A97
:101B50007B71064B1A687B7913441B7818460C3747
:101B6000BD465DF8047B70473C3A0120383A0120BD
:101B7000363A0120303A012080B584B000AF786059
:101B80007B68002B06D1324B40F27D7231493248DE
:101B900004F0AAFF314B1B88002B56D0304B00229B
:101BA0001A8046E0FFF7B2FF0346FB73FB7B022B74
:101BB00006D0022B2ADC002B42D0012B38D025E0A6
:101BC000FFF7A4FF0346042B3CD1254B1B880133B0
:101BD000224A1288934235DAFFF798FF03461B0228
:101BE000BB81FFF793FF03461A46BB891343BB81B2
:101BF000BB89B3F5067F04D8BB89002B01D0BA8915
:101C000001E04FF406727B685A8612E0FFF77EFF10
:101C10000346FB72FB7A012B16D9FB7A9AB2104B62
:101C20001B8813449BB2023B9AB20D4B1A8000E012
:101C300000BF0B4B1A88094B1B889A42B2D304E0B1
:101C400000BF02E000BF00E000BF1037BD4680BD0E
:101C5000F0980108549D01083C990108343A01208C
:101C60003C3A012080B400AF054B1B7843F01003D1
:101C7000DAB2034B1A7000BFBD465DF8047B7047B3
:101C80004D3A012080B584B000AFF860B9607A6049
:101C9000FB68002B0AD0FB681B7A002B06D0FB6880
:101CA0001B7A1846FBF782F8034603E0786803F0D6
:101CB00003FB034618461037BD4680BD90B587B07C
:101CC00000AFF860B9603B601346FB71FB68002B06
:101CD00005D1434BA3224349434804F005FFBB68A9
:101CE000002B05D13E4BA42240493F4804F0FCFEA6
:101CF00097F828309B00DBB203F00403FB75032048
:101D0000FAF7C8FC38613B69002B04D1B868FBF7CF
:101D1000DBFB002360E03B6997F828209A723B695F
:101D200000221A603B69BA685A60BB681A89FB7D59
:101D30009BB29A4205D22A4BB0222D492A4804F080
:101D4000D3FEBB681A89FB7D9BB2D31A9AB23B695A
:101D50001A811421B868FBF721FB0346002B04D03D
:101D60003869FCF7ECFF002336E03B695B685A6892
:101D70003B69DA60FB68DA8A3B69DC681046F9F790
:101D8000B5FF03462380FB681A8B3B69DC6810466D
:101D9000F9F7ACFF034663803B69DC683868F9F704
:101DA000BBFF03466360FB7D9B08DBB205339BB240
:101DB0001B039AB2FB799BB213439AB23B69DC686E
:101DC0001046F9F793FF0346A3813B69DB680022C5
:101DD0009A740022DA743B6918461C37BD4690BDE0
:101DE000709D0108A49D0108C49D0108EC9D010897
:101DF000109E010880B586B000AF7B600346FB7380
:101E00000B46BB8113467B81BB89FB827B68002B21
:101E100005D1304BE8223049304804F065FE3B6A7A
:101E2000002B05D12B4BE9222D492C4804F05CFEF8
:101E3000BA897B899A4221D297F8243003F00203B1
:101E4000002B11D13B6A5B8B03F04003002B15D1B3
:101E500097F82830002B07D03B6ADB6E002B03D1AC
:101E60003B6A1B6F002B09D0BB8903F21B2323F0B5
:101E700003027B89934228BF1346FB82F98AFB7BCE
:101E80004FF420721846FBF73BF838613B69002B92
:101E900001D1002319E03B691B68002B06D00D4BD4
:101EA00040F20B120F490D4804F01EFE3B695A899F
:101EB000BB89D31A9AB27B681A803B69BA891A81A6
:101EC0003B691A893B695A813B6918461837BD46F8
:101ED00080BD00BF709D0108289E0108C49D0108B7
:101EE0004C9E01086C9E010880B582B000AF7860FE
:101EF0000B467B807B68002B06D1334B40F23312BC
:101F00003249334804F0F0FD7B681B7D042B0ED072
:101F10007B681B7D072B0AD07B681B7D022B06D0BC
:101F20007B681B7D032B02D06FF00A0348E07B889F
:101F3000002B01D1002343E07B68B3F864307A883A
:101F40009A4209D97B685B8B43F080039AB27B6825
:101F50005A834FF0FF3333E07B68B3F86630082BC9
:101F600009D97B685B8B43F080039AB27B685A8304
:101F70004FF0FF3324E07B68B3F86630002B0FD0BE
:101F80007B681B6F002B1AD17B68DB6E002B16D190
:101F90000D4B40F255120F490D4804F0A5FD0EE01F
:101FA0007B681B6F002B03D17B68DB6E002B06D098
:101FB000054B4FF4AC720849054804F095FD002329
:101FC00018460837BD4680BD709D0108809E0108F7
:101FD000C49D0108A09E0108DC9E010890B59BB03D
:101FE00004AFF860B96011461A460B46FB801346F1
:101FF0007B7100237B6500233B650023FB6400238A
:10200000BB6400237B640023A7F84230002387F8D9
:10201000273000237B820023FB870023BB87FB68DC
:10202000002B09D1A44B4FF4CF72A449A44804F06B
:102030005BFD6FF00F032AE3FB68B3F862305B08C7
:102040009AB2FB685B8E934228BF1346BB84BB8C5D
:10205000002B02D1FB685B8E00E0BB8CBB84BB68AD
:10206000002B09D1944B40F2AD129649944804F0EC
:102070003BFD6FF00F030AE3FB881946F868FFF792
:1020800033FF034687F8233097F92330002B02D023
:1020900097F92330FBE2FB68B3F86630A7F84030CD
:1020A000002387F82230FB68DB6E002B00F0F680FF
:1020B000FB68DB6E3B6502E03B6D1B683B653B6D7F
:1020C0001B68002BF8D13B6D9B7A9B009BB203F001
:1020D00004033B84BA8C3B6D1B8919463B8C0B4433
:1020E0009A4206DA744B4FF4F3727749744804F05D
:1020F000FBFC3B6D1A893B8C13449BB2BA8CD31A00
:102100007B87FB68B3F868307B827B8A002B26D004
:102110007B8A7A8F9A4206D2674B4FF4FC726B49E6
:10212000674804F0E1FC3B6DFB647B8AFA889342CC
:1021300028BF13469BB27A8F934228BF1346FB8772
:10214000B7F84220FB8F1344A7F842307A8AFB8FFE
:10215000D31A9BB27B827A8FFB8FD31A7B877B8AC1
:10216000002B0BD0B7F84220FB889A4206D0524B86
:102170004FF400725649524804F0B6FCB7F84220BA
:10218000FB889A4280F067817B8F002B00F063818F
:102190003B6D1B89002B00F05E81FA88B7F8423056
:1021A000D21A7B8F9342A8BF1346FB833B6DFB641F
:1021B0007B7903F00103002B27D007F112007A8FFF
:1021C000F98B012302937B790193FB68009303460B
:1021D0000020FFF70FFE78657B6D002B00F0258255
:1021E0007B6D5868B7F84230BA681344FA8B1946C9
:1021F00004F009FE786DFBF7F5F903461A46B7F8C7
:1022000040301344A7F8403041E03B6D5B687B638E
:1022100002E07B6B1B687B637B6B1B68002BF8D138
:102220007B6B1B7B03F0C003002B15D17B6B5B68C2
:102230007A6B52891344BA689A420DD1B7F842308A
:10224000002B06D01C4B40F2312222491C4804F0DE
:102250004BFCFB8BBB871AE0FB8B0122194600204D
:10226000FAF74EFE78657B6D002B00F0E081B7F841
:102270004230BA681A447B6D5A60786DFBF7B2F948
:1022800003461A46B7F840301344A7F84030B7F871
:102290004220FB8B1344A7F84230DCE0FB68B3F824
:1022A0006830002B00F0D780034B40F24A220A49E5
:1022B000034804F019FCCEE0709D0108109F01084E
:1022C000C49D0108289F01085C9F0108749F0108B4
:1022D000949F0108B49F0108E09F0108FA88B7F8AD
:1022E0004230D31ABB8397F822309BB2BA8CD31AF0
:1022F0007B837A8BBB8B934228BF13463B837B79CE
:1023000003F00103002B36D097F822309AB23B8BB2
:10231000134499B27B6C002B0CBF01230023DBB26A
:1023200007F11200BA8C02937B790193FB6800934A
:1023300003463620FFF75EFD38633B6B002B00F051
:1023400078813B6B5B893A8B9A4206D98C4B40F281
:1023500066228C498C4804F0C7FB3B6B5A6897F89F
:102360002230D018B7F84230BA6813443A8B194675
:1023700004F049FD2FE07B8A002B06D0804B40F211
:1023800071228249804804F0AFFB3B8B0122194641
:102390003620FAF7B5FD78617B69002B00F04B81A0
:1023A000B7F84230BA681A447B695A6097F822300D
:1023B0009BB24FF4207219463620FAF7A1FD38631C
:1023C0003B6B002B03D17869FBF77EF836E1796926
:1023D000386BFBF747F9386BFBF704F903461A46ED
:1023E000B7F840301344A7F84030B7F84030092B15
:1023F00003D9386BFBF768F820E1FB68DA6DB7F8B2
:1024000042301A4497F82730009313460022396B64
:10241000F868FFF753FCF864FB6C002B00F00D81AB
:102420007B6C002B02D1FB6C7B640CE0BB6C002B43
:1024300006D1534B40F2AB225549534804F054FBAC
:10244000BB6CFA6C1A60FB6CBB64B7F842203B8B28
:102450001344A7F84230B7F84220FB889A42FFF4B1
:102460003DAFFB8F002B2CD03B6D5B68FB621EE009
:10247000FB6A1A89FB8F13449AB2FB6A1A81FB6AC2
:102480001B68002B10D1FB6A5B68FA6A52891344FF
:10249000FA8FB968184604F0B6FCFB6A5A89FB8FBC
:1024A00013449AB2FB6A5A81FB6A1B68FB62FB6A9F
:1024B000002BDDD13B6D1A89FB8F13449AB23B6D23
:1024C0001A817A8AFB68A3F868207B6D002B18D0EC
:1024D0003B6D002B06D12A4B4FF438722D492A4808
:1024E00004F002FB3B6D5B68796D1846FBF7BAF8A8
:1024F0003B6D1A897B6D1B8913449AB23B6D1A811F
:1025000037E0BB8F002B34D03B6D002B03D03B6DED
:102510005B68002B06D11A4B40F2E6221E491A488E
:1025200004F0E2FA3B6D5B68BB6209E0BB6A1A89A2
:10253000BB8F13449AB2BB6A1A81BB6A1B68BB6229
:10254000BB6A1B68002BF1D1BB6A1A89BB8F13448D
:102550009AB2BB6A1A81BB6A5A89BB8F13449AB27A
:10256000BB6A5A813B6D1A89BB8F13449AB23B6D8B
:102570001A813B6D002B11D1FB687A6CDA6610E092
:10258000709D010810A00108C49D010850A0010819
:1025900060A0010874A00108ACA001083B6D7A6C32
:1025A0001A60FB68DA6DFB881A44FB68DA65FB6821
:1025B000B3F86420FB88D31A9AB2FB68A3F86420AE
:1025C000FB68B7F84020A3F86620FB68B3F86630D4
:1025D000002B0ED0FB681B6F002B0AD1FB68DB6E53
:1025E000002B06D12C4B40F212322C492C4804F01F
:1025F0007BFAFB6C002B16D0FB6CDB68002B12D037
:102600007B7903F00203002B0DD1FB6CDB689B8907
:102610009CB20820F9F76AFB03461A46FB6CDB689C
:10262000224392B29A81002331E000BF06E000BF4E
:1026300004E000BF02E000BF00E000BFFB685B8B6E
:1026400043F080039AB2FB685A837B6D002B02D063
:10265000786DFAF739FF7B6C002B02D0786CFCF7B1
:1026600059FBFB68B3F86630002B0ED0FB681B6F7C
:10267000002B0AD1FB68DB6E002B06D1064B40F223
:1026800027320649064804F02FFA4FF0FF33184668
:102690005C37BD4690BD00BF709D0108E4A00108F5
:1026A000C49D010890B58BB002AF78600B467B806B
:1026B0000023FB6100237B6100233B617B68002BCF
:1026C00006D1954B40F24B329449954804F00CFAF0
:1026D0007B68DB6E7B617B69002B02D14FF0FF339F
:1026E00016E17B88002B09D18B4B40F253328D4988
:1026F0008B4804F0F9F96FF0050309E17B691B8948
:102700007A889A4201D3002302E17B685B8E7A8843
:102710009A4206D9804B40F25B328349804804F0EC
:10272000E3F97B691B89002B06D17B4B4FF4577271
:102730007E497B4804F0D8F97B699B7AFB73FB7B6D
:102740009B00DBB203F00403BB737B691A897B88AF
:10275000D31ABB81BB7B9AB2BB8913449BB24FF4A3
:10276000207219463620FAF7CBFB38613B69002B03
:1027700000F0B7807B695B681A897B691B89D31A73
:102780009AB27B8813447B817B6958683B695A689D
:10279000BB7BD1187B89BA89FBF78CF803461A46B4
:1027A000BB89934240F09F807B69DB689B899BB229
:1027B0001846F9F79BFA0346DBB203F03F03FB76BA
:1027C0000023BB76FB7E03F00803002B07D0FB7EC3
:1027D00023F00803FB76BB7E43F00803BB76FB7E49
:1027E00003F00103002B07D0FB7E23F00103FB76EF
:1027F000BB7E43F00103BB767B69DB685B681846F0
:10280000F9F78AFA02467B88D118BA7EFB7B0093DF
:102810000B4639697868FFF751FAF861FB69002BBC
:1028200063D07B695B681846FAF7DCFE03461A46FC
:102830007B68B3F866309B1A9AB27B68A3F866206F
:102840007B6958687B695B681A89BB89D31A9BB21C
:102850001946FAF7B3FC7B691A89BB89D31A9AB275
:102860007B691A817B69DB689B899CB2FB7E9BB28A
:102870001846F9F73BFA03461A467B69DB682243A0
:1028800092B29A817B695B681846FAF7ABFE034601
:102890001A467B68B3F8663013449AB27B68A3F893
:1028A0006620FB695B681846FAF79CFE03461A46E9
:1028B0007B68B3F8663013449AB27B68A3F866204D
:1028C0007B691A68FB691A607B69FA691A60FB699F
:1028D0001B68002B03D17B680022A3F8682000232B
:1028E00016E000BF02E000BF00E000BFFB69002B64
:1028F00006D0094B4FF476720D49094804F0F4F8FC
:102900003B69002B02D03869FAF7DEFD4FF0FF3348
:1029100018462437BD4690BD709D010804A10108EA
:10292000C49D010828A101084CA101085CA101086F
:102930006CA1010890B585B000AF78607B68002B72
:1029400006D1214B40F2EB322049214804F0CCF86B
:102950007B68DB6E002B2ED07B68DB6EFB6002E0B9
:10296000FB681B68FB60FB681B68002BF8D1FB68E9
:10297000DB689B899BB21846F9F7B8F90346DBB2CE
:1029800003F00703002B16D1FB68DB689B899CB220
:102990000120F9F7ABF903461A46FB68DB682243CE
:1029A00092B29A817B685B8B43F020039AB27B687A
:1029B0005A83002304E00121786800F00BF80346F5
:1029C00018461437BD4690BD709D010878A10108D6
:1029D000C49D010880B58AB002AF78600B46FB70D9
:1029E0000023FB770023FB75FB7803F00303002B28
:1029F00006D1674B40F211426649674804F074F80B
:102A00007B68002B06D1624B40F213426349624857
:102A100004F06AF8FB7803F00203002B01D00123D5
:102A2000FB77FB7F9B00DBB203F00403FB75FB7DB0
:102A30009BB24FF4207219463620FAF761FA3861DA
:102A40003B69002B09D17B685B8B43F080039AB212
:102A50007B685A834FF0FF3395E03B695A89FB7DD1
:102A60009BB29A4206D24A4B40F239424C494A48FC
:102A700004F03AF87B68D96DFA78FB7F00930B4637
:102A800039697868FFF71AF9F860FB68002B09D1FB
:102A90007B685B8B43F080039AB27B685A834FF06C
:102AA000FF3370E0FB68DB6803F00303002B06D004
:102AB000374B40F242423B49374804F015F8FB6877
:102AC0001B89002B06D0324B40F243423649324834
:102AD00004F00AF87B68DB6E002B03D17B68FA6890
:102AE000DA660DE07B68DB6EBB6102E0BB691B68E8
:102AF000BB61BB691B68002BF8D1BB69FA681A601F
:102B00007B680022A3F86820FB7803F00203002B07
:102B100004D1FB7803F00103002B04D07B68DB6D4C
:102B20005A1C7B68DA65FB7803F00103002B06D0A2
:102B30007B685B8B43F020039AB27B685A83FB6807
:102B40005B681846FAF74EFD03461A467B68B3F8F1
:102B5000663013449AB27B68A3F866207B68B3F8AA
:102B60006630002B0ED07B681B6F002B0AD17B6870
:102B7000DB6E002B06D1064B40F265420B4906483E
:102B800003F0B2FF002318462037BD4680BD00BFCA
:102B9000709D010894A10108C49D0108ECA10108E1
:102BA0000CA2010848A2010860A201088CA2010839
:102BB000B0B58AB000AF78607B68002B06D18A4B35
:102BC00040F2E14289498A4803F08EFF7B681B7D11
:102BD000012B06D1844B40F2E3428649844803F03E
:102BE00083FF854B1B687A689A4201D10023CEE1AE
:102BF0007B68B3F848207B68B3F86030934228BF05
:102C000013469BB2BB617B68DB6E7B627B6A002BE9
:102C10000BD17B685B8B03F00203002B00F0AA81D1
:102C2000786800F0CBFD0346B1E179687B68043336
:102C30001A467868FFF726F878617B69002B02D185
:102C40006FF00303A3E17B68002B03D07B681B6854
:102C5000002B11D17B69002B02D07B69043300E08B
:102C600000233B613B69002B02D16FF003038EE12F
:102C70003B691A687B681A607B6ADB685B68184688
:102C8000F9F74AF802467B685B6CD31A7A6A1289B4
:102C90001344BA699A4227D27B68B3F860301A4667
:102CA000BB69934214D17B681B6F002B10D17B68EA
:102CB00093F89930002B0BD17B68002283F8982081
:102CC0007B68012283F899207B68002283F89A2090
:102CD0007B685B8B03F00203002B00F04D8178686A
:102CE00000F06CFD034652E17B68002283F89920D6
:102CF0007B681B6F3B623B6A002B00F01C8102E08B
:102D00003B6A1B683B623B6A1B68002BF8D112E1EF
:102D10007B6ADB689B899BB21846F8F7E7FF03469E
:102D2000DBB203F00403002B06D02F4B40F23652E7
:102D300032492F4803F0D8FE7B681B6F002B1FD051
:102D40007B685B8B03F04403002B19D17B68DB6E3F
:102D5000002B0BD07B68DB6E1B68002B10D17B68CF
:102D6000DB6E1A897B685B8E9A4209D27B68B3F866
:102D70006430002B04D07B68B3F86630082B01D98F
:102D8000012300E00023002B06D17B685B8B03F05E
:102D9000A003002B00F0E4807B681B7D022B0DD08C
:102DA0007B6ADB689B899CB21020F8F79FFF034683
:102DB0001A467B6ADB68224392B29A817A69796803
:102DC000786A00F009F90346FB7397F90F30002B7E
:102DD00016D07B685B8B43F080039AB27B685A8382
:102DE00097F90F30D3E000BF709D0108B4A201082D
:102DF000C49D0108CCA20108543A0120F4A20108A4
:102E00007B6A1A687B68DA667B681B7D022B06D0BA
:102E10007B685B8B23F003039AB27B685A837B6ADF
:102E2000DB685B681846F8F777FF04467B6A1B8906
:102E30001D467B6ADB689B899BB21846F8F756FFF4
:102E40000346DBB203F00303002B01D0012300E0B3
:102E500000232B442344BB607B681A6DBB68D31AE4
:102E6000002B02DA7B68BA681A657B6A1B891C46EC
:102E70007B6ADB689B899BB21846F8F737FF0346ED
:102E8000DBB203F00303002B01D0012300E0002399
:102E90002344002B49D07B6A00221A607B681B6F99
:102EA000002B05D17B687A6A1A677B6A3B623FE038
:102EB0007B6ADB685B681846F8F72EFF04463B6ABE
:102EC000DB685B681846F8F727FF0346E31A002B18
:102ED00024DA7B687033FB6102E0FB691B68FB61ED
:102EE000FB691B68002B11D0FB691B68DB685B6802
:102EF0001846F8F711FF04467B6ADB685B681846E2
:102F0000F8F70AFF0346E31A002BE6DBFB691A68B1
:102F10007B6A1A60FB697A6A1A6009E03B6A7A6A1E
:102F20001A603B6A1B683B6202E0786AFBF707FFA6
:102F30007B68DB6E7B627B6A002B12D07B6ADB686E
:102F40005B681846F8F7E8FE02467B685B6CD31AAC
:102F50007A6A12891344BA699A42BFF4D9AE00E082
:102F600000BF7B68DB6E002B08D17B680022A3F8D2
:102F7000682004E000BF02E000BF00E000BF7B6803
:102F80005B8B23F080039AB27B685A830023184638
:102F90002837BD46B0BD00BF80B582B000AF7860B5
:102FA0007B68002B06D1094B40F29A520849094828
:102FB00003F09AFD7B685B689B7B012B01D00123AA
:102FC00000E0002318460837BD4680BD709D01080B
:102FD0000CA30108C49D0108B0B58CB004AFF86023
:102FE000B9607A60FB68002B06D1644B4FF4B7627E
:102FF0006349644803F078FDBB68002B06D15F4B42
:1030000040F2B95260495F4803F06EFD7B68002BC7
:1030100006D15A4B40F2BA525C495A4803F064FD5B
:10302000F868FFF7B9FF0346002B01D00023A1E0A9
:10303000BB685A6AFB68DC681046F8F76DFE034609
:10304000A360BB685A8DFB68DC681046F8F74EFE3B
:103050000346E381BB685B6ABA68528D1A44BB6859
:10306000DA62FB68DB681433FB61FB689B7A03F070
:103070000103002B15D0BB6804331A4679684FF45E
:103080000670FCF739FA03467B837B8B43F00173B0
:103090001846F8F741FE0246FB691A60FB690433E3
:1030A000FB61BB68B3F93030002B02DABB68002249
:1030B0001A86BB685B6B002B0CD1354B1A68BB685A
:1030C0005A63FB68DB685B681846F8F725FE024622
:1030D000BB689A63FB68DA68FB685B685B68D31A55
:1030E0003B83FB685B685989FB685B683A8B8A1A8B
:1030F00092B25A81FB685B681989FB685B683A8BFE
:103100008A1A92B21A81FB685B68FA68D2685A60C0
:10311000FB68DB6800221A7400225A74FB68DA68C4
:10312000FB689B7A03F00103002B01D0182300E019
:1031300014231344FA699A4206D0104B40F21C62E1
:103140001449104803F0D0FCFB685868B968BB68A4
:103150001C1DBB68DD7ABB689B7A7A6802920622E6
:10316000019200932B46224602F064FA0346FB7557
:1031700097F9173018462037BD46B0BD709D01083D
:1031800034A30108C49D010854A3010874A30108D5
:10319000083A012098A30108B0B584B000AF786068
:1031A0007B68002B06D1314B40F2636230493148D5
:1031B00003F09AFC7B681B6F002B02D16FF00503B4
:1031C00050E07B681B6FFB600BE0F868FFF7E4FEE4
:1031D0000346002B02D06FF0050343E0FB681B6839
:1031E000FB60FB681B68002BEFD1F868FFF7D4FE8B
:1031F0000346002B02D06FF0050333E07B68DA6EE4
:10320000FB681A607B681A6F7B68DA667B6800224D
:103210001A677B685B8B43F400639AB27B685A83BE
:10322000FB68DB685B681846F8F776FD0446FB68C8
:103230001B891D46FB68DB689B899BB21846F8F723
:1032400055FD0346DBB203F00303002B01D001233D
:1032500000E000232B44E2187B68DA647B680022DC
:103260005A63002318461037BD46B0BD709D010853
:10327000ACA30108C49D010880B582B000AF78609E
:103280007B68002B06D10D4B4FF4D3620C490D48DF
:1032900003F02AFC7B6893F84230FF2B07D07B6851
:1032A00093F842300133DAB27B6883F842207868C1
:1032B000FFF77EFC00BF0837BD4680BD709D01084A
:1032C000D0A30108C49D010880B582B000AF78602A
:1032D0007B68002B06D10A4B40F2AD6209490A48CF
:1032E00003F002FC7868FFF757FF0346002B02D17A
:1032F0007868FFF7C1FF00BF0837BD4680BD00BF3B
:10330000709D0108F4A30108C49D010890B585B023
:1033100000AF78607B68002B06D12F4B40F2C16272
:103320002E492F4803F0E0FB7B681B6F002B02D176
:103330006FF005034CE07B681B6FBB60B868FFF75C
:103340002BFE0346002B02D06FF0050340E0BB6864
:103350001A687B681A677B686C33FB6002E0FB6865
:103360001B68FB60FB681B68002B11D0FB681B68A7
:10337000DB685B681846F8F7CFFC0446BB68DB687F
:103380005B681846F8F7C8FC0346E31A002BE6DB37
:10339000FB681A68BB681A60FB68BA681A60BB6889
:1033A0001B68002B03D17B680022A3F868207B6890
:1033B00093F84230FF2B07D07B6893F842300133FB
:1033C000DAB27B6883F842207B6800225A630023CC
:1033D00018461437BD4690BD709D010810A4010821
:1033E000C49D010880B582B000AF78607B68002B77
:1033F00006D12A4B40F2F96229492A4803F074FBAE
:103400007B681B6F002B45D07B685B8B03F004034C
:10341000002B3FD17868FFF779FF0346002B39D1A5
:103420007B68B3F860207B68B3F84830934228BFCC
:1034300013469BB2002B00DA01335B109AB27B6813
:10344000A3F84A207B68B3F84A301A467B685B8E43
:103450005B009A4206D27B685B8E5B009AB27B6807
:10346000A3F84A207B68B3F84A207B685B8E194634
:1034700049000B449BB213449AB27B68A3F84820DE
:103480007B685B8B43F004039AB27B685A837B684A
:1034900000221A8600BF0837BD4680BD709D010816
:1034A00028A40108C49D010880B586B000AFF8606B
:1034B0007B600B467B8113463B817A893B891344B1
:1034C0009BB214339BB24FF4207219462220F9F7B5
:1034D00017FD78617B69002B4DD07B8913337A69A6
:1034E0005289934206DB264B40F223722549264837
:1034F00003F0FAFA7B695B683B613B8C1846F8F78E
:10350000F5FB03461A463B691A80BB8C1846F8F750
:10351000EDFB03461A463B695A803B697A685A605C
:10352000F868F8F7F9FB02463B699A607B899B08CB
:103530009BB205339BB21B039AB297F828309BB21B
:1035400013439BB21846F8F7D1FB03461A463B6972
:103550009A81BB8D1846F8F7C9FB03461A463B69AA
:10356000DA813B6900221A7400225A743B690022F6
:103570009A740022DA747B6918461837BD4680BDFC
:10358000709D010848A40108C49D0108B0B58AB027
:1035900004AFF8607B600B467B8113463B81FB6880
:1035A000002B06D1154B40F242721549154803F025
:1035B0009BFAFB68586AFB68DB8AFA68128BF96829
:1035C000498D3D897C8903911021029101920093DC
:1035D0007B682A462146FFF767FF78617B69002BED
:1035E00006D0FB685B6AFA68528D1A44FB68DA629F
:1035F0007B6918461837BD46B0BD00BF709D0108F5
:1036000078A40108C49D010880B588B000AFF860B7
:10361000B96011461A460B46FB711346BB71002375
:10362000FB83BB68002B06D1124B40F25672124945
:10363000124803F059FABB685B68BB61BB6914337D
:103640007B61FB8B9B001A46FB799B0003F0040314
:1036500013441433BA6913447A699A4206D0054B6D
:1036600040F275720649054803F03EFA00BF203764
:10367000BD4680BD709D0108A0A40108C49D01083D
:1036800098A3010880B58AB004AFF860B9607A6089
:103690003B60BB68002B06D11C4B40F287721C4973
:1036A0001C4803F021FA3A687968F868FEF7EAFAEC
:1036B00038613B69002B02D1FC23FB751CE0FB68E1
:1036C000002B06D0FB68DB7ABB75FB689B7A7B75A9
:1036D00003E0FF23BB7500237B75BA7D3B69029332
:1036E000062301937B7D009313463A687968B86896
:1036F00001F0A0FF0346FB75B868F9F7E5FE97F9FE
:10370000173018461837BD4680BD00BF709D0108B0
:10371000C8A40108C49D010890B58BB004AFF8603F
:10372000B9607A603B603B68002B06D11F4B40F2CA
:10373000C4721F491F4803F0D7F9BB6A002B06D19A
:103740001A4B40F2C5721C491A4803F0CDF9002308
:10375000FB7546F20803BB82FB7D9CB2B868F8F7A4
:10376000DBFA0246BB8A0393142302933B8E019338
:10377000BB8D00931346002221467868FFF794FE24
:1037800038613B69002B0CD0FB7D00223969F86859
:10379000FFF73AFFBB6A3A683969F868FFF772FFCA
:1037A00000E000BF1C37BD4690BD00BF709D010802
:1037B000F4A40108C49D010810A5010890B587B0C4
:1037C00000AF78600023FB750023BB757B68002B7E
:1037D00006D1284B40F2EA722749284803F084F9C1
:1037E000FB7D9B00DBB203F004037B757B7D9CB209
:1037F0007B681B6D1846F8F78FFA034600222146B6
:103800007868FFF7C3FE38613B69002B09D17B68FC
:103810005B8B43F003039AB27B685A836FF001031A
:1038200023E0BB7DFA7D39697868FFF7EDFE7A68A1
:103830007B68043339697868FFF724FF0346FB731C
:1038400097F90F30002B07D07B685B8B43F00303A5
:103850009AB27B685A8306E07B685B8B23F0030394
:103860009AB27B685A8397F90F3018461C37BD46C9
:1038700090BD00BF709D01082CA50108C49D0108E2
:1038800090B587B000AF78600023FB757B68002B94
:1038900006D1184B40F624021749184803F024F9C2
:1038A000FB7D9CB27B681B6D013B1846F8F734FA30
:1038B0000346002221467868FFF768FE38613B69BD
:1038C000002B02D14FF0FF3310E0FB7D002239695D
:1038D0007868FFF799FE7A687B68043339697868FD
:1038E000FFF7D0FE0346FB7397F90F3018461C37DD
:1038F000BD4690BD709D01084CA50108C49D0108FE
:1039000090B58BB000AF7860002387F827307B68D4
:10391000002B06D14C4B40F64F024C494C4803F06B
:10392000E3F87B68DB6E3B623B6A002B01D100232E
:1039300086E07B6893F89A30FF2B07D07B6893F87A
:103940009A300133DAB27B6883F89A203B6ADB68ED
:103950009B899BB21846F8F7C9F90346DBB203F01E
:103960000103002B05D03B6A1B89002B01D10123E9
:1039700000E00023FB77FB7F002B0CBF012300231B
:10398000DBB2BB8397F8273099B23B6ADB685B6890
:10399000BA8B7868FFF7FAFDB861BB69002B02D1DA
:1039A0004FF0FF334CE0BB695B687B61FB7F002B12
:1039B00011D07B699B899BB21BB223F47C531CB250
:1039C0001120F8F793F903461BB223431BB29AB2B6
:1039D0007B699A8110E0BB695B6814333B613B6A89
:1039E00058683B6A5B681A893B6A1B89D31A9BB289
:1039F00001223969F9F75EFF3B6ADB685B681846AC
:103A0000F8F78AF903460133FB607B681A6DFB689F
:103A1000D31A002B02DA7B68FA681A6597F8273008
:103A20000022B9697868FFF7EFFD7A687B68043394
:103A3000B9697868FFF726FE0346FB7297F90B30E9
:103A400018462C37BD4690BD709D010868A5010839
:103A5000C49D010880B582B000AF7860FAF718F80D
:103A60000A4B1B68002B03D1094B1B68002B05D0A8
:103A700000220849FA2000F0F3F803E0064B002288
:103A80001A6000BF00BF0837BD4680BD143A012050
:103A9000183A0120553A0108603A012080B500AF7C
:103AA0000A4B1B68002B0FD1094B1B68002B03D15D
:103AB000084B1B68002B07D0044B01221A60002220
:103AC0000549FA2000F0CCF800BF80BD603A012023
:103AD000143A0120183A0120553A010880B586B001
:103AE00000AFF860B9607A600A20F8F7D3FD38615A
:103AF0003B69002B09D13B69002B51D12A4BBE22D7
:103B00002A492B4802F0F0FF4AE03B6900221A6084
:103B10003B69BA689A603B697A68DA603B69FA681F
:103B20005A60244B1B68002B03D1224A3B69136067
:103B300037E03B695A681F4B1B685B68D31ADB0F81
:103B400003F00103DBB2002B07D01A4B1A683B6964
:103B50001A60184A3B69136023E0164B1B687B61AF
:103B60001AE07B691B68002B0BD03B695A687B69A4
:103B70001B685B68D31ADB0F03F00103DBB2002B79
:103B800007D07B691A683B691A607B693A691A60D9
:103B900007E07B691B687B617B69002BE1D100E05A
:103BA00000BF1837BD4680BD8CA50108C0A501081F
:103BB00000A60108583A012080B586B000AF7860B1
:103BC0007B687B617B695B689847F4F773FB3861BE
:103BD0007B691A680F4B1B681344FB60FA683B69EA
:103BE000D31ADB0F03F00103DBB2002B09D07B6992
:103BF0001A683B6913447A6807491846FFF76EFF55
:103C000004E07A680449F868FFF768FF00BF1837D6
:103C1000BD4680BD5C3A0120B93B010880B582B049
:103C200000AF01237B600EE00B4A7B6852F8330043
:103C30007B68DB00084A13441A46084900F010F874
:103C40007B6801337B607B68022BEDD900BF00BF2E
:103C50000837BD4680BD00BFECB10108B93B010883
:103C600080B586B000AFF860B9607A60FB68B3F1E8
:103C7000804F06D30A4B40F229120A490A4802F043
:103C800033FFF4F717FB0246FB6813447B617A6845
:103C9000B9687869FFF722FF00BF1837BD4680BDBD
:103CA0008CA5010828A6010800A6010880B584B0EB
:103CB00000AFF4F7FFFAF860174B1B68BB60BB68F6
:103CC000002B22D0BB685B68FA68D31ADB0F03F0C5
:103CD0000103DBB2002B1AD1BB681B680E4A1360CC
:103CE000BB689B687B60BB68DB683B60BB685B68EC
:103CF0000A4A1360B9680A20F8F742FD7B68002B76
:103D0000DAD07B6838689847D6E700BF00E000BF8C
:103D10001037BD4680BD00BF583A01205C3A0120F3
:103D200080B582B000AF164B1B68002B02D14FF05C
:103D3000FF3320E0F4F7BEFA7860114B1B685A6835
:103D40007B68D31ADB0F03F00103DBB2002B01D039
:103D5000002310E00A4B1B685A687B68D31A3B604B
:103D60003B68002B06DA074B4FF4DC720649074824
:103D700002F0BAFE3B6818460837BD4680BD00BF5A
:103D8000583A01208CA5010860A6010800A6010888
:103D900080B500AF02F0A8FD03469BB2C3F30D034C
:103DA0009BB2A3F580439AB2014B1A8000BF80BD3D
:103DB0003000002080B584B000AFF860B9601346D1
:103DC000FB71FB68002B05D1274B87222749284828
:103DD00002F08AFEBB68002B05D1234B88222549BF
:103DE000234802F081FEFB681B7A002B0BD0FB6896
:103DF0001A7A214B5B6893F830300133DBB29A4278
:103E000001D000232BE0FB79002B18D0FB68002B9E
:103E100013D0FB681B68002B0FD0174B5B69B3F105
:103E2000FF3F0AD0FB681A68134B5B695A40BB68B6
:103E300008331B681340002B10D101230FE0FB68EF
:103E4000002B09D0FB681B68002B05D0FB681A68A3
:103E5000094B5B699A4201D1012300E00023184617
:103E60001037BD4680BD00BF74A60108A4A6010896
:103E7000C8A60108F0A601080809012090B58DB078
:103E800002AF786039600023FB767B68002B05D198
:103E90007C4BCF227C497D4802F026FE3B68002BFC
:103EA00005D1784BD0227A49784802F01DFE7B6814
:103EB0005B89072B03D87868F9F706FBDEE07B689F
:103EC0005B687B61734B5B69724A126811461846E6
:103ED00001F088FC0346FB747B691B889BB2184683
:103EE000F7F704FF03463B827B695B889BB2184669
:103EF000F7F7FCFE0346FB8100237B6200233B6255
:103F00000023FB61644B1B687B6254E07B6A5B8A25
:103F1000FA899A424AD1FB7C1A463968786AFFF7D7
:103F200049FF0346002B41D07B6A1B7C03F004034E
:103F3000002B1DD1FB69002B02D17B6AFB6117E0CE
:103F4000FB7C002B14D0534B5B69B3F1FF3F0FD1C7
:103F5000FB691A683B6804331B689A4208D07B6A85
:103F60001A683B6804331B689A4201D17B6AFB6183
:103F70007B6A9B8A3A8A9A4218D17B6A5B68002BDB
:103F800005D07B6A5A68434B1B699A420ED13B6A43
:103F9000002B14D07B6ADA683B6ADA603E4B1A6801
:103FA0007B6ADA603C4A7B6A136008E07B6A3B62AA
:103FB0007B6ADB687B627B6A002BA7D100E000BFD5
:103FC0007B6A002B01D1FB697B627B6A002B02D0EC
:103FD0000123FB760AE03B6804331A682D4B5B69CA
:103FE0009A420CBF01230023DBB2FB76FB7E002B41
:103FF00041D008217868F9F7E1F90346002B0AD08F
:10400000204B4FF4B8722549204802F06DFD7868C6
:10401000F9F75AFA32E07B6A002B12D07B6A9B696F
:10402000002B0AD07B6A9C697B6AD8693B8A009323
:104030001B4B7A68796AA04721E07868F9F744FA5F
:104040001CE0FB7C002B12D1124B5B6903F0F003E8
:10405000E02B0CD00F4B9B8908339BB21BB2194647
:104060007868F9F71EFA0321786801F09BF8786800
:10407000F9F72AFA03E07868F9F726FA00BF2C3737
:10408000BD4690BD74A6010818A70108C8A601087E
:1040900030A7010808090120643A01204CA7010853
:1040A0001809012080B485B000AF786039607B6862
:1040B000002B1ED07B681B68002B1AD03B68002B9E
:1040C00017D03B681B68002B13D00D4B1B68FB609F
:1040D0000CE0FB681A687B681B689A4203D13B6856
:1040E0001A68FB681A60FB68DB68FB60FB68002BE2
:1040F000EFD100BF1437BD465DF8047B704700BFA9
:10410000643A012080B582B000AF786015497A68C2
:1041100013465B001344DB000B441B68002B13D0D9
:1041200010497A6813465B001344DB000B441B689C
:104130001846F9F7C9F90B497A6813465B0013442E
:10414000DB000B4400221A6006497A6813465B00C4
:104150001344DB000B44143300221A7000BF0837ED
:10416000BD4680BD683A012080B582B000AF002313
:104170007B6096E04F497A6813465B001344DB008E
:104180000B4414331B78FB70FB78002B00F0868007
:1041900048497A6813465B001344DB000B44123332
:1041A0001B88013398B243497A6813465B00134475
:1041B000DB000B44123302461A803E497A681346EC
:1041C0005B001344DB000B4412331B88B3F5967F6E
:1041D00015D238497A6813465B001344DB000B4460
:1041E00014331B78012B0ED132497A6813465B00D9
:1041F0001344DB000B4412331B88042B03D978686B
:10420000FFF780FF4AE02B497A6813465B001344AE
:10421000DB000B4414331B78032B0AD125497A6841
:1042200013465B001344DB000B44143304221A7062
:1042300034E020497A6813465B001344DB000B44EA
:1042400014331B78042B0AD11A497A6813465B0091
:104250001344DB000B44143302221A701EE015498C
:104260007A6813465B001344DB000B4414331B785D
:10427000012B13D10F497A6813465B001344DB000E
:104280000B44083318687A6813465B001344DB005C
:10429000084A13440433194600F06EFE7B6801336C
:1042A0007B607B68092B7FF765AF00BF00BF0837D5
:1042B000BD4680BD683A012080B58AB000AFF86085
:1042C0000B467A60FB720A23FB840A23BB840A2311
:1042D0007B8400233B840A23FB830023BB830023CE
:1042E0007B8300233B8300233B84AEE0B7F920208F
:1042F000A64913465B001344DB000B4414331B78C0
:10430000FB75B7F922300A2B05D1FB7D002B02D1BA
:104310003B8C7B8495E0FB7D002B00F09280FB7D45
:10432000012B09D0FB7D012B06D8994B40F22312BB
:104330009849994802F0D8FBFB68002B20D0FB6815
:104340001968B7F92020914813465B001344DB003D
:10435000034404331B68994212D17B68002B0CD0B4
:10436000B7F92020894913465B001344DB000B4456
:1043700008331B687A689A4202D1B7F9203000E10D
:10438000FB7D012B40D1B7F92020804913465B000B
:104390001344DB000B441B68002B1AD0B7F9202014
:1043A0007A4913465B001344DB000B4412331B882D
:1043B000BA8B9A4245D83B8CFB83B7F920207349CE
:1043C00013465B001344DB000B4412331B88BB8392
:1043D00037E0B7F920206D4913465B001344DB003A
:1043E0000B4412331B887A8B9A422AD83B8CFB846D
:1043F000B7F92020654913465B001344DB000B44EA
:1044000012331B887B831CE0FB7D012B19D9B7F984
:1044100020205E4913465B001344DB000B4412333B
:104420001B883A8B9A420CD83B8CBB84B7F920206E
:10443000564913465B001344DB000B4412331B88C0
:104440003B833B8C01339BB23B84B7F92030092B73
:104450007FF74CAFFB7A03F00203002B08D1B7F9CA
:1044600022300A2B07D1FB7A03F00103002B02D183
:104470004FF0FF3385E0B7F92230092B02DC7B8C4B
:104480003B8439E0B7F92430092B14DCBB8C3B8426
:10449000B7F920203D4913465B001344DB000B4471
:1044A0001B68002B18D03A4B40F26D123B493A483A
:1044B00002F01AFB10E0B7F92630092B02DCFB8C66
:1044C0003B8409E0B7F91E30092B02DCFB8B3B84EF
:1044D00002E04FF0FF3354E0B7F92030092B06DD3E
:1044E0002B4B40F27F122E492B4802F0FDFAB7F910
:1044F00020301846FFF706FEB7F92030092B06DDFD
:10450000234B40F283122649234802F0EDFAB7F913
:1045100020201E4913465B001344DB000B44143378
:104520001B78002B06D01A4B4FF4C2721D491A4853
:1045300002F0DAFAFB68002B0BD0B7F92020FB68F9
:104540001968124813465B001344DB00034404332C
:104550001960B7F920200D4913465B001344DB00B6
:104560000B44123300221A80B7F920200749134662
:104570005B001344DB000B4408337A681A60B7F918
:10458000203018462837BD4680BD00BF683A01205C
:10459000D8A9010810AA010850AA010878AA0108A0
:1045A00090AA0108A4AA010880B588B002AFF860FB
:1045B000B9607A60FB70FB6893F82C30062B06D04C
:1045C000484B40F2A9124849484802F08DFABB68AE
:1045D000002B12D0BB681B68002B0ED0BB681B6879
:1045E000F968184601F0FEF80346002B05D1BB68B8
:1045F0001B6803F0F003E02B02D16FF00F036CE0B7
:10460000FB78FA681946B868FFF756FE0346FB8246
:10461000B7F91630002B02DAFB8A5BB25DE0B7F91E
:104620001620334913465B001344DB000B4414335C
:1046300002221A70B7F916202D4913465B00134465
:10464000DB000B440833FA681A60B7F916201346EA
:104650005B001344DB000833254A1344043306226D
:104660007968184602F0CFFBB7F9162020491346A7
:104670005B001344DB000B44123300221A80B7F9AD
:1046800016201B4913465B001344DB000B441B68D8
:10469000002B21D0B7F91620154913465B001344AF
:1046A000DB000B441B683B61B7F916201049134629
:1046B0005B001344DB000B4400221A60FB6803F12B
:1046C00026024FF4006300937B683969F86801F0B3
:1046D00097FF3869F8F7F8FE002318461837BD46EB
:1046E00080BD00BFD8A90108D0AA010850AA0108BE
:1046F000683A012080B584B000AF78600023FB6089
:104700001EE01349FA6813465B001344DB000B44B8
:1047100014331B78FB72FB7A002B0ED00C49FA681D
:1047200013465B001344DB000B4408331B687A68B4
:104730009A4202D1F868FFF7E5FCFB680133FB60A1
:10474000FB68092BDDDD00BF00BF1037BD4680BD13
:10475000683A0120B0B58AB004AF786039603B6830
:10476000002B07D13D4B40F28A223D493D4802F0E3
:10477000BBF96FE07B685B683B613B691B889BB260
:10478000B3F5807F0CD13B691B79062B08D13B69BF
:104790005B79042B04D13B695B889BB2082B03D067
:1047A0007868F8F791FE55E03B690E331B68FB60B3
:1047B0003B6918331B68BB603B6804331B68002BE4
:1047C00002D10023FB7509E0BA683B6804331B681B
:1047D0009A420CBF01230023DBB2FB753B6903F156
:1047E0000802FB7D002B01D0012300E0022307F12A
:1047F0000C013868FFF7D8FE3B69DB889BB2B3F544
:10480000807F03D0B3F5007F1ED020E0FB7D002B1E
:104810001CD03B6803F126003B6903F108043B68A8
:1048200003F126053B6804333A69083202210391FB
:1048300007F10C010291019200932B46224601469A
:10484000386800F0EBFA01E000BF00E000BF7868D4
:10485000F8F73AFE1837BD46B0BD00BFD8A9010829
:1048600028AB010850AA010880B586B002AFF860F5
:10487000B9601346FB71FA79444913465B0013444F
:10488000DB000B4414331B78012B06D8404B40F25D
:10489000EE224049404802F027F9FA793B49134695
:1048A0005B001344DB000B4414331B78022B53D101
:1048B000FA79364913465B001344DB000B4412338C
:1048C0001B88B3F58E7F19D9FA7913465B00134420
:1048D000DB002E4A134404331946F86800F04CFB01
:1048E0000346002B38D1FA79284913465B0013445C
:1048F000DB000B44143303221A702DE0FA792349AC
:1049000013465B001344DB000B4412331B88B3F5E2
:10491000877F21D3FA7913465B001344DB001B4ADF
:104920001344191DFA7913465B001344DB00083366
:10493000164A134404331A46F86800F0FBFA03469B
:10494000002B09D1FA79114913465B001344DB00AF
:104950000B44143303221A70FB6803F12601FA7921
:1049600013465B001344DB000833084A1344043346
:104970004FF4006200920A46B968F86801F040FE00
:10498000034618461037BD4680BD00BF683A012077
:10499000D8A9010848AB010850AA010880B58AB01F
:1049A00002AFF860B9607A607B68BB61FB68002B7E
:1049B00006D1734B40F21E327249734802F094F8EC
:1049C000BB68002B06D16E4B40F21F326F496E4818
:1049D00002F08AF87B68002B06D1694B4FF44872CD
:1049E0006B49694802F080F87B681B68F9681846D3
:1049F00000F0F8FE0346002B02D0664BFB61AFE0EF
:104A00007B681B6803F0F003E02B18D101233B7493
:104A100000237B745E23BB747B6801331B7803F037
:104A20007F03DBB2FB747B6802331B783B757B68CA
:104A300003331B787B7507F11003FB6190E07B6803
:104A40001A68FB6804331B685A40FB6808331B680C
:104A50001340002B12D07B681B689BB24FF6A962F3
:104A600093420BD0FB680C331B68002B03D0FB6810
:104A70000C33BB6102E06FF003037DE0464B1B7813
:104A80001946464A0B465B000B44DB0013441433C3
:104A90001B78012B25D9404B1B7819463F4A0B4602
:104AA0005B000B44DB00134408331B68FA689A422E
:104AB00017D1BB691A68384B1B781846374903462B
:104AC0005B000344DB000B4404331B689A4208D1AB
:104AD000314B1B781A46B968F868FFF7C5FE0346E4
:104AE0004AE00023FB7531E0FA7D2C4913465B0058
:104AF0001344DB000B4414331B78012B23D9FA7DBC
:104B0000264913465B001344DB000B4408331B6843
:104B1000FA689A4217D1BB691968FA7D1F48134693
:104B20005B001344DB00034404331B6899420AD141
:104B3000194AFB7D1370FB7D1A46B968F868FFF7C8
:104B400093FE034618E0FB7D0133FB75FB7D092BCB
:104B5000CAD9BA68B969F86800F022F803460BE0D0
:104B6000FB6803F126024FF400630093FB69B96808
:104B7000F86801F045FD034618462037BD4680BD64
:104B8000D8A9010828AB010850AA010878AB010890
:104B900018AB010808B20108583B0120683A01200F
:104BA00080B58CB002AFF860B9607A60FB682633DC
:104BB0007B61FF2387F8273000233B62BB681B68BB
:104BC000F968184600F00EFE0346002B0CD1BB68B6
:104BD0001B6803F0F003E02B06D0BB68002B03D06A
:104BE000BB681B68002B02D16FF00F0301E1FA686C
:104BF0000121B868FFF760FB03467B82B7F91230EA
:104C0000002B02DA7B8A5BB2F3E07B8A7E2B06D92B
:104C10007A4B40F2C1327A497A4801F065FF7B8ACB
:104C20007B747A7C784913465B001344DB000B44A9
:104C300014331B78002B15D101233B627A7C724917
:104C400013465B001344DB000B44143301221A703B
:104C50007A7C6D4913465B001344DB000B44083338
:104C6000FA681A607A7C684913465B001344DB00DB
:104C70000B4414331B78012B11D07A7C6249134604
:104C80005B001344DB000B4414331B78012B06D864
:104C90005A4B40F2CD325D495A4801F025FF3B6A3C
:104CA000002B02D17B68002B0CD1B968F86800F0AA
:104CB00063F9034687F827307B68002B02D197F908
:104CC000273096E07B68002B06D14C4B40F2E13256
:104CD0004F494C4801F008FF7A7C4B4913465B0072
:104CE0001344DB000B4414331B78012B17D9494ABA
:104CF0007B7C13707A7C13465B001344DB00083323
:104D0000414A134404334FF4006200927A6979688F
:104D1000F86801F075FC034687F8273067E07A7C75
:104D2000394913465B001344DB000B4414331B78F2
:104D3000012B5CD10023BB617B68FB611CE0FB693C
:104D40005A89FB691B899A420AD1FB691B68002BAF
:104D500006D02A4B40F2F1322F492A4801F0C4FE16
:104D6000FB691B7B03F04003002B02D00123BB61D6
:104D700005E0FB691B68FB61FB69002BDFD1BB69A8
:104D8000002B07D07A684FF420710E20F8F704FE4C
:104D9000F86104E07B68FB61F869F8F73BFCFB69AC
:104DA000002B21D07A7C184913465B001344DB00AA
:104DB0000B441B68002B0AD07A7C134913465B0016
:104DC0001344DB000B441B681846F8F77DFB7A7C24
:104DD0000D4913465B001344DB000B44FA691A606B
:104DE000002387F8273002E0FF2387F8273097F960
:104DF000273018462837BD4680BD00BFD8A9010816
:104E000084AB010850AA0108683A012094AB01085C
:104E100078AB0108583B0120BCAB010880B58AB0D3
:104E200002AFF860B9607A603B600023FB77FB68F3
:104E3000002B06D13A4B40F257423A493A4801F02A
:104E400053FE4FF420721C210E20F8F759F8B86178
:104E5000BB69002B02D14FF0FF335DE0BB695B897A
:104E60001B2B06D82E4B40F2624230492E4801F0EF
:104E70003BFEBB695B687B61BB8E1846F6F736FF6D
:104E800003461A467B69DA80FB6893F82C30062BC0
:104E900006D0234B40F269422549234801F024FE05
:104EA0007B69083306223968184601F0ACFF7B693C
:104EB00012330622F96A184601F0A5FF7B690E330A
:104EC000BA6A12681A607B6918333A6B12681A6002
:104ED0007B6900221A70002242F001025A707B693D
:104EE000002242F008029A700022DA707B690622E2
:104EF0001A717B6904225A7140F6060300937B689D
:104F0000BA68B969F86801F07BFBB869F8F7DCFAB0
:104F10000023BB6197F91F3018462037BD4680BD7E
:104F2000D8A9010828AB010850AA0108D8AB01088C
:104F30000CAC010880B588B004AFF860B9607A6045
:104F4000FB6803F12601FB6803F12600FB680433CC
:104F500001220392BA680292064A01920093034624
:104F60007A68F868FFF75AFF034618461037BD46BF
:104F700080BD00BF10B2010880B582B000AF78607C
:104F80003960054A39687868FFF7D4FF0346184648
:104F90000837BD4680BD00BF08B2010880B58EB09D
:104FA00004AF78603960794B9B687B627B6A1B78C1
:104FB00003F00F03DBB29B00DBB27B847B8C132BF3
:104FC00040F2CD807B685B89032B40F2CA807B680E
:104FD0005B681B7887F8213097F82130002B00F0B0
:104FE000B780082B40F0B780694BFB61674B5B696A
:104FF00003F0F003E02B00F0BB80644B5B69634A75
:1050000012681146184600F0EDFB0346002B40F0F5
:10501000B1807B681B89072B40F2A5807B8C0E3307
:1050200019467868F8F7BAF90346002B4BD07B682D
:105030001A897B8C13447B837B681B897A8B9A4209
:10504000C0F09A807B8B4FF4207219460E20F7F740
:1050500057FF78617B69002B00F090807B695B894A
:105060001A467B8C08339A4203D27869F8F72CFAF7
:1050700085E07B695B687A8C796A184601F0C3FE2B
:105080007B8C19467869F8F799F90346002B09D00B
:10509000404BB6224049414801F026FD7869F8F7B7
:1050A00013FA6CE079687869F8F732FB0346002B55
:1050B00003D07869F8F708FA61E07868F8F704FA3D
:1050C0007B697B600FE07B8C0E3319467868F8F7BC
:1050D00075F90346002B06D02E4BC72230492F48C6
:1050E00001F002FD4BE07B685B683B617B8C1946FD
:1050F0007868F8F753F90346002B2BD17B685B687F
:10510000FB60FB691A68FB68DA60204B1A69FB6870
:105110001A613B6900221A703B6900229A700022D2
:10512000DA70FB68FF221A72FB6800229A72002272
:10513000DA723B6802930123019300230093FF235B
:105140000022F969786800F075FA0346FB7201E005
:1051500000BF00E000BF7868F8F7B6F913E000BFC1
:1051600002E000BF00E000BF7868F8F7ADF90AE0A0
:1051700000BF04E000BF02E000BF00E000BF7868AD
:10518000F8F7A2F900BF2837BD4680BD0809012005
:105190001C09012050AC010888AC0108C0AC010812
:1051A000E8AC010880B582B000AF78600B46FB70B8
:1051B000FB781A460321786800F014F800BF08371E
:1051C000BD4680BD80B582B000AF78600B46FB70F5
:1051D000FB781A460B21786800F004F800BF083706
:1051E000BD4680BD80B58CB004AF78600B46FB70C7
:1051F0001346BB704FF4207224212220F7F780FE63
:10520000F861FB69002B4CD0FB695B89232B06D826
:10521000264B4FF4B4722649264801F065FC7B68A2
:105220005B68BB61FB695B687B617B69FA781A70BC
:105230007B69BA785A707B6900221A7100225A7110
:105240007B6900229A710022DA71FB695B6803F1C5
:1052500008007B685B681C22194601F0D4FDBB691D
:10526000DB68FB6007F10C03184600F025F8386195
:105270003B69002B11D07B6900229A700022DA7002
:1052800007F10C023B690293012301930023009371
:10529000FF230021F86900F0CDF9F869F8F714F957
:1052A00000E000BF2037BD4680BD00BF50AC010804
:1052B0001CAD0108C0AC010880B485B000AF7860B7
:1052C000334B1B68FB6036E0FB6893F82D3003F02E
:1052D0000103DBB2002B2BD0FB6893F82D309B0829
:1052E00003F00103DBB2002B22D0FB6804331B6800
:1052F000002B1DD07B681A68FB6804331B685A407A
:10530000FB6808331B681340002B01D1FB6838E0B1
:10531000FB6893F82D3003F00203002B08D17B6863
:105320001A68FB680C331B689A4201D1FB6828E0BD
:10533000FB681B68FB60FB68002BC5D1154B1B6825
:10534000002B1AD0134B1B6893F82D3003F0010388
:10535000002B12D00F4B1B6893F82D3003F0040381
:10536000002B0AD00B4B1B6804331B68002B04D0A6
:105370007B681B68DBB27F2B01D1002301E0054B6A
:105380001B6818461437BD465DF8047B704700BFA4
:10539000FC390120003A012080B582B000AF78606E
:1053A0007B6893F82D3003F00103DBB2002B16D09D
:1053B0007B6804331B68002B11D00B4B5A697B6848
:1053C00004331B689A4208D0074B5B69796818461A
:1053D00000F008FA0346002B01D0012300E000236F
:1053E00018460837BD4680BD0809012080B586B043
:1053F00000AF786039607B685B687B617B691B7894
:105400001B09DBB2042B04D07868F8F75DF80023A1
:1054100007E17B691B7803F00F03DBB29B00DBB273
:10542000FB817B695B889BB21846F6F75FFC0346FD
:10543000BB817B681B89BA899A4204D2BB89194611
:105440007868F7F7BBFE7B685B89FA899A4207D8D0
:105450007B681B89BA899A4202D8FB89132B04D82E
:105460007868F8F731F80023DBE07B691B696F4A45
:1054700053617B69DB686D4A13616C4B5B6903F0B8
:10548000F003E02B12D13B6893F82D3003F00103B9
:10549000DBB2002B07D03B6804331B68002B02D023
:1054A0003B683B612AE000233B6127E03868FFF757
:1054B00073FF0346002B02D03B683B611EE00023D4
:1054C0003B615A4B5B69DBB27F2B17D0584B1B6893
:1054D0003B610EE03A693B689A4206D03869FFF7B3
:1054E0005BFF0346002B08D100E000BF3B691B684F
:1054F0003B613B69002BEDD100E000BF4B4B1B69CA
:105500003968184600F06EF90346002B05D1474B69
:105510001B6903F0F003E02B04D17868F7F7D4FFA0
:1055200000237EE03B69002B04D17868F7F7CCFFBD
:10553000002376E07B69DB889BB21A464FF63F7307
:105540001340002B0BD0786800F092FC78607B68E9
:10555000002B01D1002364E07B685B687B61334AE8
:105560003B691360314A3B685360304A7B69936002
:105570007B691B7803F00F03DBB29B00DBB21A469A
:105580002A4B9A81FB8919467868F7F717FF7B69E0
:105590005B7A112B06D0112B13DC012B0CD0062BC0
:1055A00005D00EE039687868FEF768FC26E03968B7
:1055B0007868FAF75FF821E039687868FFF7EEFC61
:1055C0001CE01A4B5B693969184600F00BF9034679
:1055D000002B0FD1154B5B6903F0F003E02B09D0D2
:1055E000B7F90E3019467868F7F75BFF0221786843
:1055F000FFF7D8FD7868F7F767FF00BF0B4B002275
:105600001A600A4B00225A60084B00229A60074B2E
:1056100000229A81054B00221A61044B00225A6134
:10562000002318461837BD4680BD00BF0809012079
:10563000FC39012080B58AB004AFF860B9607A60A7
:10564000FB70BB687B617B68002B09D0BB68002BBB
:1056500003D0BB681B68002B02D1BB6A04337B619B
:10566000FA78BB6A029397F82430019397F82030B8
:10567000009313467A687969F86800F005F80346E4
:1056800018461837BD4680BD80B588B000AFF860B9
:10569000B9607A60FB70FB689B7B012B06D04B4B9B
:1056A0004FF455724A494B4801F01EFA7B68002BB3
:1056B00060D014237B831421F868F7F76FFE03464C
:1056C000002B02D06FF001037CE0FB685B68FB619C
:1056D000FB685B89132B06D83C4B4FF462723E4942
:1056E0003C4801F001FAFB69FA781A72FB6997F8F5
:1056F0002C205A727B681A68FB691A617B8B9B08A5
:105700009BB2DBB243F04003DAB2FB691A70FB696B
:1057100097F828205A70FB681B891846F6F7E6FAB6
:1057200003461A46FB695A80FB6900229A710022DF
:10573000DA712A4B1B881846F6F7D8FA03461A4640
:10574000FB699A80254B1B8801339AB2234B1A8040
:10575000BB68002B04D1224B1A68FB69DA6003E0B6
:10576000BB681A68FB69DA60FB6900229A72002242
:10577000DA720FE0FB685B89132B02D86FF001032C
:1057800020E0FB685B68FB61FB691B697B6107F1DB
:1057900014037B603B6B9B8C002B0CD0FB681A893D
:1057A0003B6B9B8C9A4206D97A68396BF86800F09B
:1057B00053FD034606E03B6B5B697A68F968386B1A
:1057C0009847034618462037BD4680BD48AD0108BE
:1057D0007CAD010888AD0108B0AD01085A3B01203D
:1057E00004B2010880B485B000AF786039607B688E
:1057F000FB607B68B3F1FF3F02D07B68002B01D1D7
:1058000001232AE03B6893F82D3003F00203002BBC
:1058100001D1002321E03B6804331B687A689A4277
:1058200001D1002319E0FA683B6804331B685A4031
:105830003B6808331B681340002B0DD13B680833CD
:105840001B68DA437B681A403B6808331B68DB43FC
:105850009A4201D1012300E0002318461437BD46C7
:105860005DF8047B7047000080B584B000AF002372
:10587000BB60124B1B68FB6018E0FB68DB7F002BF2
:105880000BD0FB68DB7F013BDAB2FB68DA77FB68A1
:10589000BB60FB681B68FB6008E0FB687B60FB6823
:1058A0001B68FB60B968786800F00AF8FB68002B99
:1058B000E3D100BF00BF1037BD4680BD5C3B012077
:1058C00080B588B000AF786039600023FB833A6808
:1058D0007B689A4205D1454BAB224549454801F0CA
:1058E00003F93B68002B0AD03B681B687A689A4230
:1058F00005D03E4BAD2240493E4801F0F5F87B68AB
:105900005B685B687B617B699B889BB2002B2AD1BB
:105910007B685B68BB617B691A687B685A60BB699E
:1059200058687B6808331422194601F06CFA01218B
:10593000B869FFF747FCB869F7F754FE03467B8266
:10594000FA8B7B8A1344B3F5803F05DB274BBC22DF
:105950002A49284801F0C8F8FA8B7B8A1344FB8354
:10596000B869F7F7B1FD7B685B68BB611FE0BB6995
:105970005B687B61BB69FB607B691B68BB61F86826
:10598000F7F730FE03467B82FA8B7B8A1344B3F52C
:10599000803F05DB154BCC221849164801F0A4F8CE
:1059A000FA8B7B8A1344FB83F868F7F78DFDBB699C
:1059B000002BDCD13968786800F0C2F8104B1B88E6
:1059C000FA8B9A4205D9094BD2220E49094801F0B7
:1059D0008BF80B4B1A88FB8BD31A9AB2084B1A80A0
:1059E000FB8B18462037BD4680BD00BFE0AD0108E7
:1059F0001CAE010828AE010850AE010864AE0108D3
:105A0000603B012084AE010880B58AB000AF7860A9
:105A1000396000237B6100233B620023FB6100238C
:105A2000BB6100233B61284B1B687B6230E07B6AD3
:105A30005A697B68DB689A420CD17B6A9A697B68F9
:105A40001B699A4206D17B6A9A897B689B889BB2C4
:105A50009A4214D03B6901333B613B6A002B04D16D
:105A60007B6A3B62FB69BB6109E07B6ADA7F3B6A68
:105A7000DB7F9A4203D87B6A3B62FB69BB617B6A2E
:105A80001B68002B01D07B6AFB617B6A1B687B6211
:105A90007B6A002BCBD13B6A002B08D0B969386AEE
:105AA000FFF70EFFF8607A69FB6813447B617A693F
:105AB0003B689A4202DA3B69012BACDC7B691846F1
:105AC0002837BD4680BD00BF5C3B012080B584B057
:105AD00000AF786039600420F6F7DCFDF860FB6801
:105AE000002B10D139687868FFF78EFF02463B68BB
:105AF000934203DC0420F6F7CDFDF860FB68002B31
:105B000001D1002316E020220021F86801F0A8F856
:105B1000FB680F22DA77094B1A68FB681A60074A9C
:105B2000FB681360FB68083314227968184601F09B
:105B30006AF9FB6818461037BD4680BD5C3B012002
:105B400080B582B000AF78603960104B1B687A680E
:105B50009A4204D17B681B680C4A13600DE03B68D5
:105B6000002B06D10A4B40F245120A490A4800F0C0
:105B7000BBFF7B681A683B681A6079680420F6F7F7
:105B8000FFFD00BF0837BD4680BD00BF5C3B012064
:105B9000E0AD0108A8AE010828AE010880B58CB0C0
:105BA00000AFF860B9607A600023BB6201233B62FA
:105BB000BB685B68FB61FB695B889BB21846F6F7C4
:105BC00095F803467B83FB691B7803F00F03DBB278
:105BD0009B007B767B7E9BB27A8B9A4202D24FF0FF
:105BE000FF3335E17B7E9BB27A8BD31A7B83FB69D3
:105BF000DB889BB21846F6F779F80346C3F30C032B
:105C00009BB2DB00FB82BB685B68FB62FB6A002225
:105C10001A7000225A7000229A700022DA70FB6A11
:105C2000FA8A9A80FA8A7B8B13449AB2FB6ADA80EA
:105C3000FB6ADB889BB2FA8A9A4202D94FF0FF33A3
:105C400006E1FB685B687B6268E07B6A5B683B61DE
:105C5000FB6A9B889AB23B699B889BB29A4235D279
:105C6000FB6A7A6A1A60BB6A002B20D0FB6A9B88A9
:105C70009AB2BB6ADB889BB29A4207D3FB6ADB8885
:105C80009AB23B699B889BB29A4202D94FF0FF338C
:105C9000DEE0BB6ABA681A60BB6ADB889AB2FB6A4C
:105CA0009B889BB29A423DD000233B623AE0FB6A5C
:105CB000DB889AB23B699B889BB29A4202D94FF02B
:105CC000FF33C5E0FB68BA685A602BE0FB6A9B882B
:105CD0009AB23B699B889BB29A4202D14FF0FF3344
:105CE000B6E0FB6A9B889AB23B69DB889BB29A421A
:105CF00002D24FF0FF33ABE0BB6A002B09D0BB6A86
:105D0000DB889AB23B699B889BB29A4201D0002300
:105D10003B623B691B687B623B69BB627B6A002B11
:105D200093D100E000BF7B6A002B2DD1BB6A002B12
:105D30001CD0BB6ADB889AB2FB6A9B889BB29A42F2
:105D400006D9454B4FF4DB724449454800F0CCFE80
:105D5000BB6ABA681A60BB6ADB889AB2FB6A9B8826
:105D60009BB29A4210D000233B620DE0FB685B6857
:105D7000002B06D0384B4FF4DF723A49384800F018
:105D8000B3FEFB68BA685A607B68002B05D1FB68DC
:105D90009B7F03F00103002B59D03B6A002B4FD0AF
:105DA000FB685B68002B06D0FB685B685B689B88C0
:105DB0009BB2002B02D000233B6241E0FB6ABB6236
:105DC000FB6A1B687B6212E07B6A5B68FB62BB6AF2
:105DD000DB889AB2FB6A9B889BB29A4202D000236E
:105DE0003B6207E0FB6ABB62FB6A1B687B627B6A03
:105DF000002BE9D13B6A002B22D0FB685B68002BAB
:105E000006D1154B40F2DF121749154800F06CFE21
:105E1000FB685B685B68FA6A9A4206D10E4B4FF4E6
:105E2000F07211490E4800F05FFEFB6A1B68002B00
:105E300006D0094B4FF4F1720C49094800F054FEAA
:105E40003B6A002B14BF01230023DBB200E00023D8
:105E500018463037BD4680BDE0AD0108C4AE01082C
:105E600028AE0108E4AE01081CAF01082CAF010800
:105E700080B58EB000AF78607B685B68BB62BB6A40
:105E80001B7803F00F03DBB29B00DBB2142B40F056
:105E90007181BB6ADB889BB21846F5F727FF034682
:105EA000C3F30C039BB2DB00FB84BB6A5B889BB231
:105EB0001846F5F71BFF0346BB84BB6A1B7803F04B
:105EC0000F03DBB29B0087F8233097F823309BB297
:105ED000BA8C9A42C0F0508197F823309BB2BA8CAA
:105EE000D31ABB847868F7F77DFB03463B848C4B61
:105EF0001B881A463B8C13440A2B10DD3B8C194639
:105F0000B86AFFF781FD0346002B00F03781844B10
:105F10001B881A463B8C13440A2B00F32F81814BBC
:105F20001B683B6315E03B6B5A69BB6ADB689A42AE
:105F30000CD13B6B9A69BB6A1B699A4206D13B6BD9
:105F40009A89BB6A9B889BB29A4206D03B6B1B68BE
:105F50003B633B6B002BE6D100E000BF3B6B002BAB
:105F600009D13B8C1946B86AFFF7B0FD38633B6B2B
:105F7000002B1CD105E1BB6ADB889BB21846F5F704
:105F8000B5FE0346C3F30C03002B10D13B6BDB893A
:105F90001846F5F7ABFE0346C3F30C03002B06D0FF
:105FA0003B6B08331422B96A184600F02CFFBB6A19
:105FB000DB889BB203F02003002B0CBF01230023DE
:105FC000DBB2FB61FB69002B0ED0FA8CBB8C134457
:105FD0007B837A8BFB8C9A42C0F0A0807B8B4FF640
:105FE000EB72934200F29A80FA697968386BFFF796
:105FF000D5FD78617B69B3F1FF3F00F09B80484B92
:106000001A883B8C13449AB2454B1A80FB69002BCB
:106010000DD0FA8CBB8C13447B823B6B7A8A9A83BB
:106020003B6B9B7F43F00103DAB23B6B9A777B6952
:10603000012B71D13B6B9B8B14333B823B6B5B68B9
:106040005B681B687B633B6B5B685B68BB623B6B3D
:10605000083314221946B86A00F0D5FE3B8A184668
:10606000F5F744FE03461A46BB6A5A80BB6A002213
:106070009A710022DA71BB6A00229A720022DA72E7
:106080003B6B5B687B600DE07B6B5B68FB601421A6
:10609000786BF7F793F9796B7868F7F7E3FAFB68B1
:1060A0001B687B637B6B002BEED11E4B1B683A6B2E
:1060B0009A4202D10023FB6210E01A4B1B68FB627C
:1060C00007E0FB6A1B683A6B9A4206D0FB6A1B68C2
:1060D000FB62FB6A002BF4D100E000BFF96A386B69
:1060E000FFF72EFD7868F7F77DFA03463B840C4BEB
:1060F0001B883A8C9A4206D90B4B40F29B220B49E3
:106100000B4800F0F1FC064B1A883B8CD31A9AB26C
:10611000034B1A807B6838E0002336E000BF0AE0BA
:10612000603B01205C3B0120E0AD010850AF01085D
:1061300028AE010800BF3B6B002B06D1154B4FF476
:106140002A721549154800F0CFFC3B6B5B68002BA9
:1061500016D1134B1B683A6B9A4206D00D4B40F296
:10616000AB2210490D4800F0BFFC0021386BFFF74F
:10617000E7FC06E000BF04E000BF02E000BF00E073
:1061800000BF7868F7F7A0F9002318463837BD46F6
:1061900080BD00BFE0AD01086CAF010828AE01086A
:1061A0005C3B012078AF010880B500AF0520F6F711
:1061B00071FA0346184680BD80B582B000AF7860A2
:1061C0007B68002B06D1074B4FF431720649074814
:1061D00000F08AFC79680520F6F7D2FA00BF08378C
:1061E000BD4680BDE0AD010898AF010828AE0108AA
:1061F00080B584B000AF78607B68FB60FB68002BE3
:1062000006D1114B40F2CE221049114800F06CFC2F
:10621000FA687B689A4206D00B4B40F2CF220D49B8
:106220000B4800F061FCFB685B69002B04D0FB6845
:106230005B691846F7F748F9F868FFF7BDFF00BF3C
:106240001037BD4680BD00BFE0AD0108A4AF010816
:1062500028AE0108B0AF010880B594B002AFF86075
:10626000B9607A600023A7F84630BB689B8C143B6A
:10627000002B00DA0733DB107B871423FB87FB68D6
:106280005B687B637B6B3B633B6B1B7803F00F03AB
:10629000DBB29B00DBB2142B02D06FF0050310E1E0
:1062A000FB685B89132B09D8884B4FF43F728849F0
:1062B000884800F019FC6FF0050302E13B6BDB88B6
:1062C0009BB21846F5F712FD0346BB87BB8FC3F39D
:1062D0000C03A7F84030BB8F03F40053FB62FB684C
:1062E0001B89143BA7F84230E1E07B8FDB009BB2B7
:1062F000B7F84220934228BF13467B854FF42072A3
:1063000014210E20F6F7FCFD78627B6A002B00F06A
:10631000D5807B6A5B89132B06D86C4B4FF449728E
:106320006D496C4800F0E0FB7B6A5B681422796B76
:10633000184600F068FD7B6A5B683B637B8DA7F8BD
:10634000443064E0FB685A89FB8FD31AFB83FB68F7
:106350005B89FA8F9A4206D95C4B40F22D325F4935
:106360005C4800F0C1FBFA8BB7F84430934228BF79
:106370001346A7F84630B7F84630002B05D1002366
:10638000FB87FB681B68FB6041E0FFF70DFFB8610E
:10639000BB69002B03D1786AF7F796F88FE0B869EC
:1063A000FB685A68FB8F1344B7F84610B7F84620CD
:1063B00001920093034641220020F6F7CBFE78615C
:1063C0007B69002B06D1B869FFF7F6FE786AF7F70C
:1063D0007BF874E0F868F7F71DF9BB69FA685A6151
:1063E000BB693F4A1A617969786AF7F73BF9B7F8F0
:1063F0004420B7F84630D31AA7F84430B7F84430F1
:10640000002B04D00023FB87FB681B68FB60B7F8F8
:106410004430002B96D1FA8FB7F846301344FB87EF
:10642000BB689B8CA3F11302B7F842309A42CCBFF1
:1064300001230023DBB23B62B7F84030C3F30C0307
:10644000BB873B6A002B02D0FB6A002B03D0BB8FBB
:1064500043F40053BB87BB8F1846F5F747FC034650
:106460001A463B6BDA807B8D14339BB21846F5F7E6
:106470003DFC03461A463B6B5A803B6B00229A72E6
:106480000022DA72BB685B697A68796AB8689847F3
:10649000786AF7F719F8B7F842207B8DD31AA7F876
:1064A0004230B7F840207B8F1344A7F84030B7F84C
:1064B0004230002B7FF419AF002302E000BF4FF001
:1064C000FF3318464837BD4680BD00BFE0AD010828
:1064D000BCAF010828AE0108D8AF0108F8AF010829
:1064E000F161010880B586B000AF786039600E2395
:1064F000FB827B685B890E2B6ED97B68DB7B002B74
:1065000006D13B6893F830300133DAB27B68DA7336
:106510007B685B683B613B691A7B5B7B1B021343B7
:10652000FB813B691B7803F00103002B23D03B69FF
:106530001B78012B0FD13B695B78002B1BD13B698A
:106540009B785E2B17D17B685B7B43F01003DAB23C
:106550007B685A730FE03B6906222849184600F011
:1065600055FB0346002B06D17B685B7B43F0080399
:10657000DAB27B685A73FB89082B03D0B3F5C16F7D
:1065800014D032E03B6893F82D3003F00803002B61
:1065900024D0FB8A19467868F6F710FF0346002BD3
:1065A0001ED139687868FEF721FF13E03B6893F845
:1065B0002D3003F00803002B14D0FB8A19467868AD
:1065C000F6F7FCFE0346002B0ED139687868FEF71B
:1065D000C1F800BF00230CE000BF06E000BF04E0EC
:1065E00000BF02E000BF00E000BF7868F6F76CFF74
:1065F000002318461837BD4680BD00BF08B2010809
:1066000080B586B000AFF860B9607A603B603B8CC3
:106610001846F5F76BFB0346FB820E21B868F6F7C8
:10662000BDFE0346002B25D1BB685B683B613B691F
:10663000FA8A9A813B6906223968184600F0E3FB22
:106640003B69063306227968184600F0DCFBFB68DC
:1066500093F82C30062B06D00A4B4FF499720A4956
:106660000A4800F041FAFB689B69B968F8689847E6
:10667000034602E000BF6FF0010318461837BD461D
:1066800080BD00BF08B0010840B0010874B0010827
:1066900080B586B000AF786039603B68BB6004238A
:1066A000FB6000233B6100237B6107F108030021AD
:1066B0001846F2F763FA02467B681A607B681B682B
:1066C000002B02D14FF0FF3300E0002318461837AB
:1066D000BD4680BD80B582B000AF7860396000BF34
:1066E0007B681B6839684FF0FF321846F2F76EFA84
:1066F0000346002BF4D100BF00BF0837BD4680BD64
:1067000080B584B000AF786039607B681B683968F9
:1067100000221846F2F75AFA0346002B02D1002352
:10672000FB7301E0FF23FB7397F90F301846103716
:10673000BD4680BD80B58CB000AFF861B9617A61AB
:10674000F2F73FF8F8627B69002B17D0FB691968F4
:1067500007F120037A691846F2F778FA3B6A102BA2
:1067600009D17B6A1A46BB691A60F2F72AF8024619
:10677000FB6AD31A19E04FF0FF3316E0FB69196882
:106780003B464FF0FF321846F2F760FA07F120035C
:106790003A4607CA83E807007B6A1A46BB691A6053
:1067A000F2F70FF80246FB6AD31A18463037BD4697
:1067B00080BD80B483B000AF78607B681B68002B1D
:1067C00001D1002300E0012318460C37BD465DF8D7
:1067D000047B704780B500AF0348F2F76EF80346BC
:1067E000024A136000BF80BD18B20108643B01205B
:1067F00080B584B000AF78600023BB600023FB60ED
:1068000007F108031846F2F758F802467B681A6049
:106810007B681B68002B02D14FF0FF3300E00023A0
:1068200018461037BD4680BD80B582B000AF786095
:106830007B681B684FF0FF311846F2F757F800BF2E
:106840000837BD4680BD80B582B000AF78607B68F8
:106850001B681846F2F798F800BF0837BD4680BDA0
:1068600080B58CB000AFF860B9607A603B6007F12A
:10687000140300221A605A609A60DA601A615A6141
:106880009A61FB687B61BB68BB61BB6B1BB2BB835E
:106890003B687B6207F1140379681846F1F7A1FFA2
:1068A000034618463037BD4680BD000080B500AFB6
:1068B000044B1B684FF0FF311846F2F717F801231D
:1068C000184680BD643B012080B582B000AF78607F
:1068D000044B1B681846F2F757F800BF0837BD464F
:1068E00080BD00BF643B0120164B10B51C68236BB4
:1068F000B3B9182000F0FEFA0246206320B9124B0B
:106900001248522100F08EFA1149124BC0E90013CF
:10691000114B83600B23838100210120C2E9040114
:10692000216B0E480B694C690D4A584302FB040069
:10693000A3FB0232013340EB0200C1E9043020F036
:10694000004010BD4000002020B2010837B201080D
:106950000E33CDAB34126DE6ECDE05002DF451584C
:106960002D7F954C002310B50446C0E90033C0E9E3
:106970000433836081814366C281836119460822A2
:106980005C3000F06DF90D4B63620D4BA3620D4B53
:10699000E3620D4B23630D4B24629C4206D003F14E
:1069A0006802944202D0D0339C4205D104F15800D1
:1069B000BDE8104000F024BA10BD00BF0D6B010807
:1069C0002F6B0108676B01088B6B0108683B012086
:1069D000024A0349034800F069B800BF34000020B0
:1069E000B57901084400002041680C4B994210B56C
:1069F000044601D000F0DEFFA168094B994202D0A5
:106A0000204600F0D7FFE168064B994204D02046AB
:106A1000BDE8104000F0CEBF10BD00BF683B0120B4
:106A2000D03B0120383C012010B50B4B0B4C0C4ADD
:106A30001A60204600220421FFF794FF04F1680049
:106A400001220921FFF78EFF04F1D0000222BDE8E8
:106A500010401221FFF786BFA03C0120683B0120B7
:106A6000D1690108014800F0CCB900BFA93C012060
:106A7000014800F0C7B900BFA93C012010B5044689
:106A8000FFF7F0FF236A1BB1BDE81040FFF7F0BF2E
:106A9000044B2362044B1B68002BF5D1FFF7C4FFA6
:106AA000F2E700BFE9690108A03C01202DE9F843A5
:106AB0000746884614460026D4E90195B9F1010934
:106AC00005D52468002CF7D13046BDE8F883AB89A2
:106AD000012B07D9B5F90E30013303D029463846CA
:106AE000C04706436835E9E70FB407B5064904AB6C
:106AF000086853F8042B8168019300F033FC03B05D
:106B00005DF804EB04B070474000002010B50C465F
:106B1000B1F90E1000F02CF90028ABBF636DA3890A
:106B20001B1823F48053ACBF6365A38110BD2DE90E
:106B3000F0411F468B89DB0505460C46164605D5F8
:106B4000B1F90E100223002200F000F9A389B4F974
:106B50000E1023F48053A38132463B462846BDE8FD
:106B6000F04100F017B910B50C46B1F90E1000F065
:106B7000EDF8431CA38915BF606523F4805343F4EB
:106B80008053A38118BFA38110BDB1F90E1000F08E
:106B90006FB830B51446002C9BB005461A4605DA8E
:106BA0008B2303604FF0FF301BB030BD4FF40273F6
:106BB000ADF80C304FF00003199314BF04F1FF330C
:106BC0002346029305934FF6FF7300910491ADF8AD
:106BD0000E3069461E9B00F09FFA431CBCBF8B23FE
:106BE0002B60002CE0D0009B00221A70DCE7000034
:106BF00007B5009313460A46014603480068FFF7AD
:106C0000C8FF03B05DF804FB4000002010B5013957
:106C10000244904201D1002005E0037811F8014FB1
:106C2000A34201D0181B10BD0130F2E7884210B515
:106C300001EB020402D98442234607D8431EA14235
:106C400008D011F8012B03F8012FF8E702440146A0
:106C50008A4200D110BD13F8014D02F8014DF7E74B
:106C600002440346934200D1704703F8011BF9E741
:106C700038B5064D0023044608462B60EBF7FCFAB6
:106C8000431C02D12B6803B1236038BDA43C012012
:106C90002D4B1B68834270B5044653D0C3691BB3A8
:106CA000DB6863B10025E369DB685959B1B9043584
:106CB000802DF8D1E3692046D96800F0D1F8E36966
:106CC000196811B1204600F0CBF8E3699D685DB109
:106CD000294620462D6800F0C3F8F8E70E682046E4
:106CE00000F0BEF83146E1E7616911B1204600F0DD
:106CF000B7F8E16911B1204600F0B2F8216B11B18B
:106D0000204600F0ADF8616B11B1204600F0A8F804
:106D1000A16B11B1204600F0A3F8A16C11B120467F
:106D200000F09EF8616C11B1204600F099F8E16A1C
:106D300011B1204600F094F8236A1BB12046BDE84B
:106D40007040184770BD00BF4000002038B5074DA7
:106D500004460846114600222A601A46EBF7B3FAA9
:106D6000431C02D12B6803B1236038BDA43C012031
:106D700038B5074D04460846114600222A601A46D7
:106D8000EBF741FA431C02D12B6803B1236038BDF5
:106D9000A43C012038B5074D0446084611460022A0
:106DA0002A601A46EBF74CFA431C02D12B6803B158
:106DB000236038BDA43C012070B50D4D0D4C641B03
:106DC000A4100026A64209D10B4D0C4C00F0D6FFB2
:106DD000641BA4100026A64205D170BD55F8043BE3
:106DE00098470136EEE755F8043B98470136F2E73D
:106DF00008B3010808B3010808B301080CB301087F
:106E00007047704770470A44914200F1FF3300D148
:106E1000704710B511F8014B03F8014F9142F9D1B9
:106E200010BD00001FB514461A46094B1B680546E5
:106E3000D8684CB1074B0091CDE9013406492B4687
:106E400000F0E0FD00F094FE044B1C46F3E700BFA9
:106E5000400000208FB201089CB20108CAB20108AC
:106E600038B50546002941D051F8043C0C1F002BD1
:106E7000B8BFE41800F0E8F81D4A136833B963603E
:106E800014602846BDE8384000F0E4B8A34208D9B1
:106E9000206821188B4201BF19685B6809182160BE
:106EA000EDE71A465B680BB1A342FAD91168501896
:106EB000A0420BD120680144501883421160E0D1F8
:106EC00018685B68536008441060DAE702D90C2345
:106ED0002B60D6E7206821188B4204BF19685B68D5
:106EE000636004BF091821605460CAE738BD00BF61
:106EF000B03C0120024B0146186800F025B800BFE5
:106F00004000002070B50F4E0C463168054611B99F
:106F100000F01EFE30602146284600F019FE431C9A
:106F200003D14FF0FF34204670BDC41C24F003048D
:106F3000A042F8D0211A284600F00AFE0130F2D112
:106F4000EFE700BFAC3C01202DE9F843CD1C25F054
:106F5000030508350C2D38BF0C25002D064601DB36
:106F6000A94204D90C2333600020BDE8F883DFF880
:106F7000D48000F069F8D8F800301C4644BB29469C
:106F80003046FFF7BFFF431C044658D1D8F80040F5
:106F90002746002F43D1002C4BD02368394630467A
:106FA00004EB030900F0D4FD814542D121686D1A3C
:106FB00029463046FFF7A6FF01303AD023682B441C
:106FC0002360D8F800305A6862BBC8F800700FE040
:106FD0002268521B20D40B2A17D96119A3422560BD
:106FE00018BF5960636808BFC8F8001062514B6051
:106FF000304600F02FF804F10B00231D20F00700AD
:10700000C21A1CBF1B1AA350AFE76268A3420CBF91
:10701000C8F800205A60EBE723466468AEE73C46B8
:107020007F68B6E71A465B68A342FBD10023536032
:10703000DEE70C233360304600F00CF894E705607F
:10704000D6E700BFB03C01200148FFF7DABE00BF21
:10705000A83C01200148FFF7D5BE00BFA83C012095
:107060002DE9F0478E681F46BE420B6882460C46EB
:1070700090462DD8B1F90C2012F4906F26D0656996
:10708000096905EB4505A3EB010905EBD5757B1CEB
:107090004B446D109D4238BF1D46530527D52946E8
:1070A000FFF752FF064660B321694A46FFF7ABFE81
:1070B000A38923F4906343F08003A3812661656173
:1070C0004E44A5EB09052660A5603E46BE4200D9A8
:1070D0003E46206832464146FFF7A8FDA3689B1B49
:1070E000A3602368334423600020BDE8F0872A466C
:1070F00000F045FD06460028E0D121695046FFF723
:10710000AFFE0C23CAF80030A38943F04003A381EB
:107110004FF0FF30E9E700002DE9F04F98468B89EA
:107120001B069DB007460D46144610D50B6973B972
:107130004021FFF709FF2860286130B90C233B602C
:107140004FF0FF301DB0BDE8F08F40236B6100238E
:10715000099320238DF82930CDF80C803023DFF8F7
:107160009C818DF82A304FF0010923469A4613F886
:10717000012B0AB1252AF9D1BAEB040B0BD05B46DF
:10718000224629463846FFF76BFF013000F0A78002
:10719000099A5A4409929AF80030002B00F09F8017
:1071A00000234FF0FF32CDE905230AF1010A0493D1
:1071B00007938DF853301A935446052214F8011B97
:1071C0004E48E9F745F8049AD8B9D00644BF2023C1
:1071D0008DF85330110744BF2B238DF853309AF8A4
:1071E00000302A2B15D0079A544600204FF00A0C85
:1071F000214611F8013B303B092B4BD9B0B1079226
:1072000014E0A0EB080309FA03F313430493A24626
:10721000D2E7039B191D1B680391002BBBBF5B4288
:1072200042F0020207930793B8BF049223782E2BF3
:107230000AD163782A2B32D1039B1A1D1B68039253
:1072400043EAE37302340593DFF8C0A021780322F8
:107250005046E8F7FDFF38B1049BA0EB0A0040223E
:10726000824013430134049314F8011B24488DF821
:1072700028100622E8F7ECFF002836D0214B1BBB74
:10728000039B073323F0070308330393099B33441D
:1072900009936AE70CFB02320C460120A8E70023A1
:1072A0000134059319464FF00A0C204610F8012BC3
:1072B000303A092A03D9002BC6D00591C4E70CFB4C
:1072C000012104460123F0E703AB00932A460E4B4D
:1072D00004A93846AFF30080421C0646D6D1AB89DC
:1072E0005B063FF52DAF09982CE703AB00932A46C8
:1072F000054B04A9384600F0BBF9EDE7CBB2010815
:10730000D5B201080000000061700108D1B2010887
:107310009368013B002B10B4936008DA9469A34290
:1073200001DB0A2903D15DF8044B00F07DBB136833
:10733000581C1060197008465DF8044B7047F8B58A
:1073400006460F461446D518AC4201D1002007E08E
:1073500014F8011B3A463046FFF7DAFF431CF3D11D
:10736000F8BD00002DE9F04F0D469DB0144698463B
:10737000064618B1036A0BB9FFF780FB6B6ED9079D
:1073800005D4AB899A0502D4A86DFFF73AFDAB8905
:107390001B0701D52B699BB92946304600F082FBBB
:1073A00070B16B6EDC0704D54FF0FF301DB0BDE847
:1073B000F08FAB899805F7D4A86DFFF723FDF3E7AD
:1073C0000023099320238DF82930CDF80C80302339
:1073D000DFF8AC818DF82A304FF0010923469A4638
:1073E00013F8012B0AB1252AF9D1BAEB040B0BD003
:1073F0005B46224629463046FFF7A1FF013000F0E8
:10740000A780099A5A4409929AF80030002B00F09C
:107410009F8000234FF0FF32CDE905230AF1010AD6
:10742000049307938DF853301A935446052214F8A9
:10743000011B5348E8F70CFF049AD8B9D10644BFA2
:1074400020238DF85330130744BF2B238DF853307E
:107450009AF800302A2B15D0079A544600204FF096
:107460000A0C214611F8013B303B092B4BD9B0B136
:10747000079214E0A0EB080309FA03F31343049303
:10748000A246D2E7039B191D1B680391002BBBBFCB
:107490005B4242F0020207930793B8BF049223783D
:1074A0002E2B0AD163782A2B32D1039B1A1D1B681D
:1074B000039243EAE37302340593DFF8D4A0217802
:1074C00003225046E8F7C4FE38B1049BA0EB0A0043
:1074D0004022824013430134049314F8011B2948CD
:1074E0008DF828100622E8F7B3FE00283FD0264B7F
:1074F0001BBB039B073323F0070308330393099B4C
:107500003B4409936AE70CFB02320C460120A8E7D2
:1075100000230134059319464FF00A0C204610F859
:10752000012B303A092A03D9002BC6D00591C4E7B4
:107530000CFB012104460123F0E703AB00932A462C
:10754000124B04A93046AFF300800746781CD6D111
:107550006B6ED90705D4AB899A0502D4A86DFFF7E5
:1075600051FCAB895B063FF51FAF09981EE703ABE3
:1075700000932A46054B04A9304600F079F8E4E769
:10758000CBB20108D5B20108000000003F7301082A
:10759000D1B201082DE9F047164698468A680B6972
:1075A000DDF820909342B8BF1346336091F8432032
:1075B00007460C460AB1013333602368990642BF7F
:1075C000336802333360256815F0060506D104F1EF
:1075D000190AE36832689B1AAB4226DC94F8433000
:1075E0002268003B18BF012392062BD404F143020A
:1075F00041463846C84701301ED02368226903F04F
:107600000603042B02BFE5683368ED1AA3680CBFBC
:1076100025EAE57500259342C4BF9B1AED180026A4
:107620001A34B5421AD1002008E0012352464146DF
:107630003846C847013003D14FF0FF30BDE8F0872E
:107640000135C6E7E1185A1C302081F84300224476
:1076500094F8451082F843100233C7E7012322460D
:1076600041463846C8470130E6D00136D9E7000028
:107670002DE9FF470F7E0C9E782F914680460C46E1
:107680009A4601F1430207D8622F0AD8002F00F072
:10769000D180582F00F0B88004F1420684F842707F
:1076A0003AE0A7F16303152BF6D801A151F823F0B6
:1076B000097701081D770108997601089976010874
:1076C00099760108997601081D77010899760108D5
:1076D0009976010899760108997601081B780108C6
:1076E00047770108D577010899760108997601084E
:1076F0003D780108997601084777010899760108D5
:1077000099760108DD77010833681A1D1B6832601D
:1077100004F1420684F8423001239CE0336820687B
:10772000191D3160060601D51D6803E04506FBD52D
:10773000B3F90050002D03DA2D236D4284F8433055
:1077400058480A2311E021683368080653F8045B9F
:1077500002D4490648BFADB26F2F5248336014BF00
:107760000A230823002184F843106668A660002ECF
:1077700005DB21682E4321F0040121604BD0164621
:10778000B5FBF3F103FB1157C75D06F8017D2F46EA
:10779000BB420D46F4D9082B0BD12368DF0708D56F
:1077A000236961689942DEBF302306F8013C06F187
:1077B000FF36921B2261CDF800A04B4603AA21465A
:1077C0004046FFF7E7FE01304AD14FF0FF3004B0EA
:1077D000BDE8F087236843F0200323603248782710
:1077E00084F84570236831681F0651F8045B02D4A1
:1077F0005F0648BFADB23160D90744BF43F02003F4
:1078000023601DB11023ADE72648E9E7236823F084
:1078100020032360F6E71646BDE7336825686169F3
:10782000181D30602E061B6801D5196002E068063D
:10783000FBD51980002323611646BCE733681A1D67
:1078400032601E68626800213046E8F701FD08B129
:10785000801B606063682361002384F84330AAE7DB
:107860002369324649464046D0470130ADD02368AF
:107870009B0713D4E068039B9842B8BF1846A6E75D
:107880000123324649464046D04701309DD001355C
:10789000E36803995B1AAB42F2DCEBE7002504F1E5
:1078A0001906F5E7DCB20108EDB20108B1F90C20C8
:1078B0002DE9F041160705460C4654D44B68002BC1
:1078C00002DC0B6C002B48DDE66A002E45D000235D
:1078D00012F480522F68216A2B6030D0626DA38928
:1078E000590705D56368D21A636B0BB1236CD21AA2
:1078F0000023E66A216A2846B047431CA38906D1C3
:1079000029681D292BD82A4ACA40D60727D5002224
:107910006260D9042269226004D5421C01D12B681F
:1079200003B96065616B2F60B9B104F144039942FA
:1079300002D02846FFF794FA002363630DE0012389
:107940002846B0470246501CC9D12B68002BC6D030
:107950001D2B01D0162B1ED12F60002022E043F0FA
:1079600040031BB21BE00F69002FF6D093070E688F
:1079700008BF4B690F6018BF0023A6EB07088B6098
:10798000B8F1000FE9DD216AA66A43463A46284667
:10799000B047002808DCB4F90C3043F04003A38161
:1079A0004FF0FF30BDE8F0810744A8EB0008E7E79F
:1079B0000100402038B50B6905460C4613B9002577
:1079C000284638BD18B1036A0BB9FFF757F8B4F968
:1079D0000C30002BF3D0626ED00704D4990502D48A
:1079E000A06DFFF70EFA28462146FFF75FFF636E92
:1079F000DA070546E4D4A3899B05E1D4A06DFFF71F
:107A000001FADDE70EB403B5014603AB054853F8B0
:107A1000042B00680193FFF7A5FC02B05DF804EBAE
:107A200003B0704740000020F8B50E4614460546E6
:107A300018B1036A0BB9FFF721F8A369A360A38902
:107A40001A0701D5236943B92146284600F02AF8D0
:107A500018B14FF0FF373846F8BD23682269981AED
:107A60006369F6B28342374605DC21462846FFF7B4
:107A7000A1FF0028EDD1A368013BA36023685A1C35
:107A800022601E706269431C9A4204D0A389DB07FE
:107A9000E1D50A2EDFD121462846FFF78BFF0028CB
:107AA000D9D0D6E738B5294B054618680C4618B129
:107AB000036A0BB9FEF7E2FFB4F90C30190722D4C0
:107AC000DA0607D409222A6043F04003A3814FF06D
:107AD000FF3033E0580712D5616B41B104F1440324
:107AE000994202D02846FFF7BBF900236363A389BC
:107AF00023F02403A3810023636023692360A38907
:107B000043F00803A38123694BB9A38903F42073CD
:107B1000B3F5007F03D02146284600F084F8B4F97D
:107B20000C3013F001020AD00022A26062695242B6
:107B3000A261226942B913F08000C5D138BD99070E
:107B400058BF6269A260F4E70020F7E74000002018
:107B500038B5064D0023044608462B60EAF7C0FB03
:107B6000431C02D12B6803B1236038BDA43C012023
:107B700008B5062000F0BCF80120EAF739FB2DE932
:107B8000F041074614460D4621B9BDE8F0411146C3
:107B9000FFF7DAB92AB9FFF763F925462846BDE8A9
:107BA000F08100F0E3F88442064602D8B4EB500FAF
:107BB000F4D821463846FFF7C7F9804608B945464C
:107BC000ECE7B4422246294628BF3246FFF71BF9AC
:107BD00029463846FFF744F9F1E770B50C46B1F98C
:107BE0000E10002996B015461E460DDAA38913F033
:107BF000800F4FF0000114BF40234FF4806300203A
:107C000031602B6016B070BD6A4600F079F800282C
:107C1000ECDB019901F47041A1F50053594259413F
:107C20004FF48063EBE78B89F7B59D0706460C465A
:107C300007D504F14703236023610123636103B087
:107C4000F0BD01AB6A46FFF7C8FF009F0546394605
:107C50003046FFF779F948B9B4F90C309A05EED4FB
:107C600023F0030343F00203A381E2E7A38920602A
:107C700043F08003A381019BC4E904075BB1B4F91D
:107C80000E10304600F04EF828B1A38923F003030C
:107C900043F00103A381A3891D43A581CFE71F29D9
:107CA00038B505460C4604D9162303604FF0FF3063
:107CB00038BDC26B12B152F821304BB9284600F0E2
:107CC00053F8224601462846BDE8384000F03AB84D
:107CD000012B0AD0591C03D1162303600120E7E7CA
:107CE000002142F82410204698470020E0E70000D9
:107CF000024B01461868FFF7D2BF00BF40000020CA
:107D000038B5074D00230446084611462B60EAF7B4
:107D1000BFFA431C02D12B6803B1236038BD00BFFA
:107D2000A43C012038B5064D0023044608462B60CC
:107D3000EAF7BEFA431C02D12B6803B1236038BDB9
:107D4000A43C012038B5074D0023044608461146DF
:107D50002B60EAF73BFA431C02D12B6803B1236086
:107D600038BD00BFA43C0120EAF728BA51F8043C12
:107D7000181F002BBCBF0B58C0187047F8B500BFC8
:107D8000F8BC08BC9E467047F8B500BFF8BC08BCFC
:047D90009E46704754
:107D94004F54415F574F524B455200005B4F544183
:107DA4005D20776F726B65725F73746172742046C5
:107DB40041494C4544206D757465783D25702071AA
:107DC4003D25700D0A0000005B4F54415D20776F24
:107DD400726B65725F7374617274207469643D259B
:107DE400700D0A005B4F54415D20435243206D697E
:107DF400736D61746368207479703D257520646CBB
:107E0400656E3D25752063616C633D30782530389F
:107E14006C58207265633D30782530386C580D0AF3
:107E2400000000005B4F54415D2070726F63657306
:107E3400735F646174613A20626164206172677384
:107E4400206275663D2570206C656E3D25750D0AB2
:107E5400000000005B4F54415D2070726F636573D6
:107E6400735F646174613A2073746174653D257550
:107E7400206C656E3D25750D0A0000005B4F544172
:107E84005D2041424F525420726563656976656492
:107E94000D0A00005B4F54415D2053544152543A43
:107EA40020706B745F747970653D257520636D6413
:107EB4003D25750D0A0000005B4F54415D2053744D
:107EC40061727465642E2E2E0D0A00005B4F5441BE
:107ED4005D204845414445523A20706B745F747983
:107EE40070653D257520646C656E3D25750D0A0031
:107EF4005B4F54415D20484541444552206D6574B3
:107F0400613A2073697A653D256C75206372633D1F
:107F140030782530386C580D0A0000005B4F54410E
:107F24005D204346473A207330206163743D2575D4
:107F340020696E763D25752072756E3D2575207C11
:107F4400207331206163743D257520696E763D256B
:107F5400752072756E3D25750D0A00005B4F544106
:107F64005D20736C6F745F6E756D5F746F5F777295
:107F74006974653D25750D0A000000005B4F54418E
:107F84005D20484541444552204F4B202D3E2073EF
:107F9400746174653D444154410D0A005B4F544182
:107FA4005D204E6F20617661696C61626C6520733F
:107FB4006C6F74202D3E204552520D0A00000000C3
:107FC4005B4F54415D20444154413A20706B745FCF
:107FD400747970653D257520646C656E3D2575204A
:107FE40072785F746F74616C3D256C752F256C75A8
:107FF4000D0A00005B4F54415D2045787472612086
:108004004441544120616674657220636F6D706CE5
:108014006574696F6E202D3E204E41434B0D0A005E
:108024005B4F54415D2044415441206F7665726634
:108034006C6F773A20646C656E3D25752072656DB2
:1080440061696E696E673D256C75202872783D25DF
:108054006C7520746F74616C3D256C7529202D3E00
:10806400204E41434B0D0A005B4F54415D2046694D
:10807400727374204441544120626C6F636B0D0A27
:10808400000000005B4F54415D2077726974655FA6
:108094006366675F746F5F666C6173682866697294
:1080A40073745F626C6F636B292072633D25640D8A
:1080B4000A0000005B4F54415D2077726974655F6C
:1080C400646174615F746F5F736C6F742072633D7D
:1080D4002564206E65775F72783D256C750D0A0006
:1080E4005B4F54415D20416C6C2062797465732050
:1080F4007265636569766564202D3E2073746174CE
:10810400653D454E4420287761697420434D445FA2
:10811400454E44290D0A00005B4F54415D20444103
:108124005441207772697465206572726F72210DF3
:108134000A0000005B4F54415D20454E443A2070D4
:108144006B745F747970653D257520636D643D259E
:10815400750D0A005B4F54415D20454E4420726505
:10816400636569766564202D3E2066696E616C697D
:108174007A650D0A000000005B4F54415D2066697A
:108184006E616C697A65207265743D25750D0A000F
:108194004F54415F444F4E450D0A0000424C5F4A24
:1081A400554D50494E470D0A000000005B4F5441A5
:1081B4005D2064656661756C743A20756E6B6E6FD4
:1081C400776E2073746174650D0A00005B4F54412F
:1081D4005D2045726173696E6720536C6F7420254E
:1081E400642E2E2E0D0A00005B4F54415D20457213
:1081F400617365206572726F720D0A005B4F5441A2
:108204005D205772697465206572726F720D0A0081
:108214005B4F54415D2045726173696E6720417004
:108224007020726567696F6E2E2E2E0D0A00000095
:108234005B4F54415D20417070206572617365200D
:108244006572726F720D0A005B4F54415D2041707C
:1082540070207772697465206572726F720D0A00FE
:108264005B4F54415D2066696E616C697A653A20A2
:10827400736C6F743D257520616464723D3078259C
:1082840030386C582073697A653D256C75206578A3
:10829400705F6372633D30782530386C580D0A0086
:1082A4005B4F54415D20435243206D69736D61748B
:1082B40063683A2063616C633D30782530386C58CC
:1082C4002065787065637465643D30782530386C5A
:1082D400580D0A005B4F54415D20435243204F4BDD
:1082E4000D0A00005B4F54415D2077726974655F2D
:1082F4006366675F746F5F666C6173682866696E36
:10830400616C697A65292072633D25640D0A000059
:108314005B4F54415D20436F6E66696720777269D5
:108324007465206572726F720D0A00005B4F5441D0
:108334005D205573696E6720536C6F74202575201A
:1083440028696E76616C69643D31290D0A0000006C
:108354005B4F54415D205573696E6720536C6F7495
:1083640020257520286163746976653D2575290D7E
:108374000A0000005B4F54415D205573696E67200D
:10838400536C6F74202575202872756E3D257529F0
:108394000D0A00005B4F54415D2043464720696E3F
:1083A400636F6E73697374656E743A20626F746878
:1083B40020736C6F747320627573792C2066616C02
:1083C4006C6261636B20536C6F7420300D0A000083
:1083D4005B4F54415D204E6577206170702073744B
:1083E4006167656420696E20736C6F742025750D58
:1083F4000A0000005B4F54415D2041707020666CA0
:10840400617368207772697465206572726F720D8A
:108414000A0000005B4F54415D205665726966791D
:10842400696E67206170706C69636174696F6E2E28
:108434002E2E0D0A000000005B4F54415D20496E52
:1084440076616C6964206170706C69636174696FD2
:108454006E204352432E0D0A000000005B4F54412E
:108464005D204170706C69636174696F6E2076651C
:108474007269666965642E0D0A00000064656661B0
:10848400756C745461736B0080840108551C00087A
:1084940000000000000000000001000000000000D7
:1084A4000000000053656D6170686F726520646937
:1084B40064206E6F74206372656174652E2E0D0ADC
:1084C4000000000057616974696E6720666F72204E
:1084D40062696E2066696C652E200D0A000000003A
:1084E4004A756D70696E6720746F20746865206DBD
:1084F40061696E206170706C69636174696F6E2E5E
:108504002E2E200D0A000000426F6F746C6F6164A0
:1085140065722069732072756E6E696E672E204CC9
:108524006F6F6B696E6720666F722075706C6F6118
:108534006420636F6D6D616E642E2E0D0A00000061
:108544004574684C696E6B0044850108E184000839
:10855400FFFF000000000000000200000000000017
:108564000000000045746849660000006885010841
:10857400C581000803000000000000005E01000047
:108584000000000000000000524D49495F5761742B
:108594006368646F670000008C850108F986000831
:1085A40003000000000000000001000000000000C3
:1085B400000000002E2E2F4C5749502F5461726733
:1085C40065742F65746865726E657469662E6300E0
:1085D4006E6574696620213D204E554C4C000000A8
:1085E400417373657274696F6E202225732220664D
:1085F40061696C6564206174206C696E6520256412
:1086040020696E2025730A0049444C45000000008F
:108614002E2E2F4D6964646C6577617265732F54D7
:10862400686972645F50617274792F4C7749502F76
:108634007372632F6170692F74637069702E6300A5
:1086440074637069705F7468726561643A20696EFE
:1086540076616C6964206D65737361676500000001
:10866400417373657274696F6E20222573222066CC
:1086740061696C6564206174206C696E6520256491
:1086840020696E2025730A00496E76616C69642046
:108694006D626F78000000006661696C6564207427
:1086A4006F206372656174652074637069705F74B0
:1086B4006872656164206D626F7800006661696C40
:1086C400656420746F20637265617465206C6F63E8
:1086D4006B5F74637069705F636F726500000000A4
:1086E40074637069705F746872656164000000008F
:1086F4002E2E2F4D6964646C6577617265732F54F7
:10870400686972645F50617274792F4C7749502F95
:108714007372632F636F72652F6D656D2E63000036
:10872400706C75675F686F6C65733A206D656D205A
:108734003E3D2072616D0000417373657274696F10
:108744006E2022257322206661696C656420617441
:10875400206C696E6520256420696E2025730A00EB
:10876400706C75675F686F6C65733A206D656D201A
:108774003C2072616D5F656E64000000706C75670B
:108784005F686F6C65733A206D656D2D3E7573651A
:1087940064203D3D20300000706C75675F686F6C2D
:1087A40065733A206D656D2D3E6E657874203C3D91
:1087B400204D454D5F53495A455F414C49474E450D
:1087C400440000006661696C656420746F20637204
:1087D40065617465206D656D5F6D75746578000005
:1087E4006D656D5F667265653A2073616E69747953
:1087F40020636865636B20616C69676E6D656E7478
:10880400000000006D656D5F667265653A20696CF5
:108814006C6567616C206D656D6F72790000000096
:108824006D656D5F667265653A20696C6C6567613C
:108834006C206D656D6F72793A20646F75626C653A
:1088440020667265650000006D656D5F6672656522
:108854003A20696C6C6567616C206D656D6F727927
:108864003A206E6F6E2D6C696E6B65643A20646F8E
:1088740075626C6520667265650000006D656D5FEC
:108884007472696D3A206C6567616C206D656D6FFB
:10889400727900006D656D5F7472696D2063616E3D
:1088A400206F6E6C7920736872696E6B206D656DD4
:1088B4006F727900696E76616C6964206E65787494
:1088C40020707472000000006D656D5F6D616C6CEA
:1088D4006F633A20216C667265652D3E757365641D
:1088E400000000006D656D5F6D616C6C6F633A2014
:1088F400616C6C6F6361746564206D656D6F727912
:10890400206E6F742061626F76652072616D5F65A1
:108914006E642E006D656D5F6D616C6C6F633A20E3
:10892400616C6C6F6361746564206D656D6F7279E1
:108934002070726F7065726C7920616C69676E6506
:10894400642E00006D656D5F6D616C6C6F633A2021
:1089540073616E69747920636865636B20616C6907
:10896400676E6D656E7400002E2E2F4D6964646C05
:108974006577617265732F54686972645F506172C0
:1089840074792F4C7749502F7372632F636F72651C
:108994002F6D656D702E63006D656D705F6D616C1C
:1089A4006C6F633A206D656D702070726F706572C4
:1089B4006C7920616C69676E65640000417373654E
:1089C4007274696F6E2022257322206661696C655A
:1089D40064206174206C696E6520256420696E20B2
:1089E40025730A00696E76616C696420706F6F6C20
:1089F40020646573630000006D656D705F6D616C6C
:108A04006C6F633A2074797065203C204D454D505D
:108A14005F4D4158000000006D656D705F667265C2
:108A2400653A206D656D2070726F7065726C792087
:108A3400616C69676E6564006D656D705F66726513
:108A4400653A2074797065203C204D454D505F4D4A
:108A5400415800002E2E2F4D6964646C6577617255
:108A640065732F54686972645F50617274792F4C16
:108A74007749502F7372632F636F72652F6E65741D
:108A840069662E63000000006E657469665F696E36
:108A94007075743A20696E76616C696420706275D1
:108AA40066000000417373657274696F6E2022253D
:108AB4007322206661696C6564206174206C696E40
:108AC4006520256420696E2025730A006E6574692B
:108AD400665F696E7075743A20696E76616C69645C
:108AE400206E6574696600006E657469665F616412
:108AF400643A20696E76616C6964206E6574696697
:108B0400000000006E657469665F6164643A204E1B
:108B14006F20696E69742066756E6374696F6E2068
:108B2400676976656E0000006E6574696620616C25
:108B3400726561647920616464656400746F6F2098
:108B44006D616E79206E65746966732C206D617831
:108B54002E20737570706F72746564206E756D620B
:108B6400657220697320323535000000696E7661C4
:108B74006C696420706F696E746572006E657469E7
:108B8400665F7365745F6970616464723A20696ECC
:108B940076616C6964206E65746966006E657469DB
:108BA400665F7365745F6E65746D61736B3A20699B
:108BB4006E76616C6964206E6574696600000000FD
:108BC4006E657469665F7365745F67773A20696E72
:108BD40076616C6964206E65746966006E6574699B
:108BE400665F7365745F75703A20696E76616C694F
:108BF40064206E65746966006E657469665F697386
:108C04007375655F7265706F7274733A20696E76FE
:108C1400616C6964206E6574696600006E657469D0
:108C2400665F7365745F646F776E3A20696E766110
:108C34006C6964206E657469660000006E65746911
:108C4400665F7365745F6C696E6B5F75703A2069FB
:108C54006E76616C6964206E65746966000000005C
:108C64006E657469665F7365745F6C696E6B5F646F
:108C74006F776E3A20696E76616C6964206E6574F4
:108C8400696600002E2E2F4D6964646C65776172ED
:108C940065732F54686972645F50617274792F4CE4
:108CA4007749502F7372632F636F72652F706275EB
:108CB400662E6300706275665F616C6C6F633A2048
:108CC4007062756620712D3E7061796C6F616420ED
:108CD40070726F7065726C7920616C69676E65641F
:108CE40000000000417373657274696F6E20222561
:108CF4007322206661696C6564206174206C696EFE
:108D04006520256420696E2025730A00504255466B
:108D14005F504F4F4C5F42554653495A45206D753D
:108D24007374206265206269676765722074686184
:108D34006E204D454D5F414C49474E4D454E5400C4
:108D4400706275665F616C6C6F633A207062756601
:108D54002D3E7061796C6F61642070726F70657202
:108D64006C7920616C69676E656400007062756679
:108D74005F616C6C6F633A206572726F6E656F75BC
:108D84007320747970650000696E76616C69642083
:108D9400706275665F747970650000007062756654
:108DA4005F7265616C6C6F633A207020213D204EC8
:108DB400554C4C00706275665F7265616C6C6F63D4
:108DC4003A207120213D204E554C4C006D656D5F5D
:108DD4007472696D2072657475726E656420712099
:108DE4003D3D204E554C4C007020213D204E554CAD
:108DF4004C000000696E6372656D656E745F6D6131
:108E0400676E6974756465203C3D20702D3E6C6509
:108E14006E000000706275665F667265653A207068
:108E24002D3E726566203E203000000070632D3EAA
:108E3400637573746F6D5F667265655F66756E6387
:108E440074696F6E20213D204E554C4C000000008B
:108E5400696E76616C6964207062756620747970DD
:108E6400650000007062756620726566206F766525
:108E740072666C6F77000000286820213D204E55F3
:108E84004C4C2920262620287420213D204E554C68
:108E94004C29202870726F6772616D6D657220763F
:108EA400696F6C61746573204150492900000000AA
:108EB400702D3E746F745F6C656E203D3D20702D87
:108EC4003E6C656E20286F66206C6173742070623E
:108ED400756620696E20636861696E290000000070
:108EE400702D3E6E657874203D3D204E554C4C00EF
:108EF400702D3E746F745F6C656E203D3D20702D47
:108F04003E6C656E202B20712D3E746F745F6C6512
:108F14006E000000702D3E746F745F6C656E203DB2
:108F24003D20702D3E6C656E000000007062756619
:108F34005F636F70793A20746172676574206E6F35
:108F4400742062696720656E6F75676820746F208E
:108F5400686F6C6420736F75726365006F66667307
:108F640065745F746F203C3D20705F746F2D3E6CA0
:108F7400656E00006F66667365745F66726F6D2060
:108F84003C3D20705F66726F6D2D3E6C656E000017
:108F9400705F746F20213D204E554C4C0000000042
:108FA400706275665F636F7079282920646F6573DA
:108FB400206E6F7420616C6C6F77207061636B65D9
:108FC40074207175657565732100000070627566A3
:108FD4005F636F70795F7061727469616C3A206964
:108FE4006E76616C696420627566000070627566F5
:108FF4005F636F70795F7061727469616C3A206944
:109004006E76616C696420646174617074720000CE
:10901400706275665F6765745F636F6E74696775A8
:109024006F75733A20696E76616C69642062756647
:1090340000000000706275665F6765745F636F6E41
:10904400746967756F75733A20696E76616C6964CB
:10905400206461746170747200000000706275664F
:109064005F74616B653A20696E76616C6964206235
:1090740075660000706275665F74616B653A20699D
:109084006E76616C6964206461746170747200004E
:10909400706275665F74616B653A20627566206EF6
:1090A4006F74206C6172676520656E6F7567680008
:1090B400706275665F74616B653A20696E76616C87
:1090C4006964207062756600646964206E6F742040
:1090D400636F707920616C6C2064617461000000BE
:1090E400636865636B20706275665F736B6970207B
:1090F400726573756C740000706275665F636F707F
:1091040079206661696C656400000000434C4F532C
:10911400454400004C495354454E000053594E5F9A
:1091240053454E540000000053594E5F5243564479
:109134000000000045535441424C49534845440003
:1091440046494E5F574149545F31000046494E5FDE
:10915400574149545F320000434C4F53455F5741D8
:1091640049540000434C4F53494E47004C4153541B
:109174005F41434B0000000054494D455F5741494E
:10918400540000002E2E2F4D6964646C6577617263
:1091940065732F54686972645F50617274792F4CDF
:1091A4007749502F7372632F636F72652F746370E6
:1091B4002E6300007463705F667265653A204C49E3
:1091C4005354454E00000000417373657274696F17
:1091D4006E2022257322206661696C6564206174A7
:1091E400206C696E6520256420696E2025730A0051
:1091F4007463705F667265655F6C697374656E3AFB
:1092040020214C495354454E000000007463705FA4
:1092140072656D6F76655F6C697374656E65723ABD
:1092240020696E76616C6964206C697374656E651F
:109234007200000070636220213D204E554C4C00AA
:109244007063622D3E7374617465203D3D204C490A
:109254005354454E000000007463705F636C6F7379
:10926400655F73687574646F776E3A20696E7661B2
:109274006C696420706362007063622D3E666C6189
:10928400677320262054465F5258434C4F5345443D
:10929400000000007463705F636C6F73653A20694B
:1092A4006E76616C69642070636200007463705F41
:1092B40073687574646F776E3A20696E76616C6951
:1092C40064207063620000007463705F6162616EA9
:1092D400646F6E3A20696E76616C696420706362B3
:1092E40000000000646F6E27742063616C6C20744E
:1092F40063705F61626F72742F7463705F61626127
:109304006E646F6E20666F72206C697374656E2D67
:1093140070636273000000007463705F62696E645E
:109324003A20696E76616C696420706362000000A3
:109334007463705F62696E643A2063616E206F6E5D
:109344006C792062696E6420696E2073746174653F
:1093540020434C4F534544007463705F61636365FD
:1093640070745F6E756C6C3A20696E76616C6964BA
:1093740020706362000000007463705F6C69737432
:10938400656E5F776974685F6261636B6C6F675F5A
:10939400616E645F6572723A20696E76616C6964AD
:1093A40020706362000000007463705F6C69737402
:1093B400656E5F776974685F6261636B6C6F675F2A
:1093C400616E645F6572723A2070636220616C72D0
:1093D4006561647920636F6E6E6563746564000013
:1093E4007463705F7570646174655F7263765F61E6
:1093F4006E6E5F776E643A20696E76616C69642084
:10940400706362006E65775F7263765F616E6E5F34
:10941400776E64203C3D2030786666666600000006
:109424007463705F7265637665643A20696E766111
:109434006C69642070636200646F6E2774206361DA
:109444006C6C207463705F72656376656420666F0C
:1094540072206C697374656E2D7063627300000012
:109464007463705F636F6E6E6563743A20696E76C1
:10947400616C696420706362000000007463705F53
:10948400636F6E6E6563743A20696E76616C6964AD
:1094940020697061646472007463705F636F6E6EE0
:1094A4006563743A2063616E206F6E6C7920636F1C
:1094B4006E6E6563742066726F6D2073746174657B
:1094C40020434C4F534544007463705F736C6F7753
:1094D400746D723A20616374697665207063622DDD
:1094E4003E737461746520213D20434C4F534544C1
:1094F4000A0000007463705F736C6F77746D723A66
:1095040020616374697665207063622D3E737461B3
:10951400746520213D204C495354454E0A000000F7
:109524007463705F736C6F77746D723A20616374E7
:10953400697665207063622D3E73746174652021C1
:109544003D2054494D452D574149540A000000001F
:109554007463705F736C6F7774696D723A207065B1
:109564007273697374207469636B696E67207769B9
:10957400746820696E2D666C696768742064617410
:10958400610000007463705F736C6F7774696D724F
:109594003A2070657273697374207469636B696EC1
:1095A40067207769746820656D7074792073656EBF
:1095B4006420627566666572000000007463705F03
:1095C400736C6F77746D723A206D6964646C652096
:1095D40074637020213D207463705F6163746976E5
:1095E400655F7063627300007463705F736C6F77A0
:1095F400746D723A20666972737420706362203DE0
:109604003D207463705F6163746976655F70636243
:10961400730000007463705F736C6F77746D723ADB
:109624002054494D452D57414954207063622D3EC5
:109634007374617465203D3D2054494D452D574157
:10964400495400007463705F736C6F77746D723A81
:10965400206D6964646C652074637020213D2074FE
:1096640063705F74775F7063627300007463705F2C
:10967400736C6F77746D723A2066697273742070BC
:109684006362203D3D207463705F74775F70636232
:10969400730000007463705F70726F636573735F4F
:1096A400726566757365645F646174613A20696E9E
:1096B40076616C6964207063620000007463705F9B
:1096C4007365747072696F3A20696E76616C69644F
:1096D40020706362000000007463705F7365675FED
:1096E400636F70793A20696E76616C696420736582
:1096F400670000007463705F726563765F6E756CFB
:109704006C3A20696E76616C696420706362000053
:10971400696E76616C69642073746174650000001D
:10972400696E76616C696420736F636B6574207312
:109734007461746520666F7220726563762063615C
:109744006C6C6261636B0000696E76616C696420A5
:10975400736F636B657420737461746520666F72D4
:109764002073656E742063616C6C6261636B0000CE
:10977400696E76616C696420736F636B65742073C2
:109784007461746520666F72206572722063616C07
:109794006C6261636B0000007463705F706F6C6C6B
:1097A4003A20696E76616C6964207063620000001F
:1097B400696E76616C696420736F636B6574207382
:1097C4007461746520666F7220706F6C6C000000A9
:1097D4007463705F7063625F70757267653A206965
:1097E4006E76616C69642070636200007463705FFC
:1097F4007063625F72656D6F76653A20696E76613B
:109804006C696420706362007463705F7063625F8C
:1098140072656D6F76653A20696E76616C69642055
:109824007063626C69737400756E73656E74207313
:1098340065676D656E7473206C65616B696E670036
:10984400756E61636B6564207365676D656E7473B3
:10985400206C65616B696E67000000006F6F736553
:1098640071207365676D656E7473206C65616B69D7
:109874006E6700007463705F6E6578745F697373FC
:109884003A20696E76616C6964207063620000003E
:109894007463705F6566665F73656E645F6D737332
:1098A4005F6E657469663A20696E76616C696420DE
:1098B4006473745F697000007463705F6E657469CB
:1098C400665F69705F616464725F6368616E676537
:1098D400645F7063626C6973743A20696E76616C5C
:1098E4006964206F6C645F61646472002E2E2F4D76
:1098F4006964646C6577617265732F546869726416
:109904005F50617274792F4C7749502F7372632FB3
:10991400636F72652F7463705F696E2E630000005D
:109924007463705F696E7075743A20696E76616CE9
:109934006964207062756600417373657274696F3F
:109944006E2022257322206661696C65642061742F
:10995400206C696E6520256420696E2025730A00D9
:10996400702D3E6E65787420213D204E554C4C0080
:10997400702D3E6C656E203D3D203000702D3E7490
:109984006F745F6C656E203D3D20702D3E6E657872
:10999400742D3E746F745F6C656E00007463705F49
:1099A400696E7075743A20616374697665207063BA
:1099B400622D3E737461746520213D20434C4F53E6
:1099C400454400007463705F696E7075743A206179
:1099D4006374697665207063622D3E737461746587
:1099E40020213D2054494D452D5741495400000044
:1099F4007463705F696E7075743A2061637469761C
:109A040065207063622D3E737461746520213D206E
:109A14004C495354454E00007463705F696E707511
:109A2400743A207063622D3E6E65787420213D2067
:109A340070636220286265666F7265206361636883
:109A4400652900007463705F696E7075743A2070E4
:109A540063622D3E6E65787420213D207063622020
:109A6400286166746572206361636865290000007B
:109A74007463705F696E7075743A2054494D452D56
:109A840057414954207063622D3E7374617465209C
:109A94003D3D2054494D452D574149540000000097
:109AA4007063622D3E726566757365645F6461748C
:109AB40061203D3D204E554C4C0000007463705FA6
:109AC400696E7075745F64656C617965645F636CFD
:109AD4006F73653A20696E76616C696420706362A5
:109AE400000000007463705F6C697374656E5F6975
:109AF4006E7075743A20696E76616C696420706367
:109B0400620000007463705F74696D6577616974E5
:109B14005F696E7075743A20696E76616C69642051
:109B2400706362007463705F70726F636573733A1D
:109B340020696E76616C69642070636200000000C5
:109B44007463705F696E7075743A207063622D3E41
:109B5400737461746520213D20434C4F5345440088
:109B64007063622D3E736E645F71756575656C65B7
:109B74006E203E20300000006E6F207365676D65B7
:109B84006E7420746F206672656500007063622DC8
:109B94003E6C697374656E65722D3E6163636570B6
:109BA4007420213D204E554C4C0000007463705FBE
:109BB4006F6F735F696E736572745F7365676D65EC
:109BC4006E743A20696E76616C69642063736567AC
:109BD400000000007063622D3E736E645F717565F2
:109BE40075656C656E203E3D20706275665F636CC2
:109BF400656E286E6578742D3E7029007463705FFD
:109C0400726563656976653A2076616C6964207172
:109C140075657565206C656E677468007463705F44
:109C2400726563656976653A20696E76616C69640C
:109C340020706362000000007463705F7265636586
:109C44006976653A2077726F6E6720737461746504
:109C540000000000756E61636B656400756E73656A
:109C64006E740000696E7365672E7020213D204E6E
:109C7400554C4C00696E73616E65206F6666736542
:109C8400742100007062756620746F6F2073686FB2
:109C9400727421007463705F726563656976653AF6
:109CA400207365676D656E74206E6F7420747269BD
:109CB4006D6D656420636F72726563746C79207472
:109CC4006F207263765F776E640A00007463705F5E
:109CD400726563656976653A207365676D656E7450
:109CE400206E6F74207472696D6D656420636F7289
:109CF400726563746C7920746F206F6F7365712063
:109D040071756575650A00007463705F72656365DB
:109D14006976653A207463706C656E203E207263C8
:109D2400765F776E640A00007463705F72656365C2
:109D34006976653A206F6F736571207463706C6522
:109D44006E203E207263765F776E640A0000000026
:109D54007463705F70617273656F70743A20696EBA
:109D640076616C6964207063620000002E2E2F4DB2
:109D74006964646C6577617265732F546869726491
:109D84005F50617274792F4C7749502F7372632F2F
:109D9400636F72652F7463705F6F75742E63000058
:109DA4007463705F6372656174655F7365676D6525
:109DB4006E743A20696E76616C6964207063620027
:109DC400417373657274696F6E2022257322206655
:109DD40061696C6564206174206C696E652025641A
:109DE40020696E2025730A007463705F6372656175
:109DF40074655F7365676D656E743A20696E76612C
:109E04006C6964207062756600000000702D3E74F9
:109E14006F745F6C656E203E3D206F70746C656E70
:109E2400000000007463705F706275665F70726535
:109E3400616C6C6F633A20696E76616C6964206F43
:109E440076657273697A65007463705F70627566B3
:109E54005F707265616C6C6F633A20696E76616CD9
:109E640069642070636200006E65656420756E63CA
:109E74006861696E65642070627566007463705F02
:109E840077726974655F636865636B733A20696EA2
:109E940076616C6964207063620000007463705FB3
:109EA40077726974653A207062756673206F6E20EC
:109EB4007175657565203D3E206174206C65617324
:109EC40074206F6E65207175657565206E6F6E2DDB
:109ED400656D7074790000007463705F77726974E3
:109EE400653A206E6F207062756673206F6E207104
:109EF40075657565203D3E20626F746820717565D7
:109F040075657320656D7074790000007463705F0B
:109F140077726974653A20696E76616C6964207041
:109F2400636200007463705F77726974653A2061DC
:109F34007267203D3D204E554C4C202870726F674F
:109F440072616D6D65722076696F6C6174657320E2
:109F540041504929000000006D73735F6C6F6361A9
:109F64006C20697320746F6F20736D616C6C0000DA
:109F7400696E636F6E73697374656E74206F766552
:109F84007273697A652076732E207370616365003D
:109F9400696E636F6E73697374656E74206F766532
:109FA4007273697A652076732E206C656E000000EA
:109FB4007463705F77726974653A20524F4D2070F4
:109FC400627566732063616E6E6F74206265206FC4
:109FD40076657273697A656400000000756E736556
:109FE4006E745F6F76657273697A65206D69736DDF
:109FF4006174636820287063622D3E756E73656EAC
:10A0040074206973204E554C4C2900007463705FB2
:10A0140077726974653A20636865636B207468615C
:10A024007420666972737420706275662063616E51
:10A0340020686F6C642074686520636F6D706C6554
:10A044007465207365676C656E0000006F766572D9
:10A0540073697A65203D3D2030000000707265769A
:10A064005F73656720213D204E554C4C0000000075
:10A074007463705F77726974653A2063616E6E6FA2
:10A084007420636F6E636174656E617465207768B4
:10A09400656E207063622D3E756E73656E74206903
:10A0A4007320656D707479007463705F777269747E
:10A0B400653A20657874656E73696F6E206F6620EB
:10A0C4007265666572656E63652072657175697225
:10A0D4006573207265666572656E636500000000D5
:10A0E4007463705F77726974653A2076616C696431
:10A0F400207175657565206C656E67746800000075
:10A104007463705F73706C69745F756E73656E747D
:10A114005F7365673A20696E76616C696420706369
:10A124006200000043616E27742073706C697420B0
:10A134007365676D656E7420696E746F206C656EEF
:10A14400677468203000000073706C6974203C3DB3
:10A15400206D737300000000757365672D3E6C6598
:10A164006E203E2030000000736567203D3D204E88
:10A17400554C4C007463705F73656E645F66696E02
:10A184003A20696E76616C69642070636200000035
:10A194007463705F656E71756575655F666C616724
:10A1A400733A206E6565642065697468657220542D
:10A1B40043505F53594E206F72205443505F4649B9
:10A1C4004E20696E20666C616773202870726F6719
:10A1D40072616D6D65722076696F6C617465732050
:10A1E40041504929000000007463705F656E717509
:10A1F4006575655F666C6167733A20696E76616C3C
:10A2040069642070636200007463705F656E7175C9
:10A214006575655F666C6167733A20636865636B37
:10A224002074686174206669727374207062756644
:10A234002063616E20686F6C64206F70746C656E4F
:10A24400000000007365672D3E74637068647220BB
:10A254006E6F7420616C69676E6564007463705F0F
:10A26400656E71756575655F666C6167733A2069C3
:10A274006E76616C6964207365676D656E74206CBD
:10A28400656E6774680000007463705F656E717555
:10A294006575655F666C6167733A20696E76616C9B
:10A2A4006964207175657565206C656E67746800F6
:10A2B4007463705F6F75747075743A20696E76613B
:10A2C4006C69642070636200646F6E27742063613C
:10A2D4006C6C207463705F6F757470757420666F36
:10A2E40072206C697374656E2D7063627300000074
:10A2F400525354206E6F742065787065637465647E
:10A3040020686572652100007463705F6F757470F6
:10A3140075745F7365676D656E745F627573793AA2
:10A3240020696E76616C69642073656700000000C3
:10A334007463705F6F75747075745F7365676D6552
:10A344006E743A20696E76616C6964207365670087
:10A354007463705F6F75747075745F7365676D6532
:10A364006E743A20696E76616C6964207063620071
:10A374007463705F6F75747075745F7365676D6512
:10A384006E743A20696E76616C6964206E657469D6
:10A39400660000006F7074696F6E73206E6F7420B6
:10A3A40066696C6C656400007463705F7265786DD7
:10A3B40069745F72746F5F707265706172653A2060
:10A3C400696E76616C696420706362007463705FA7
:10A3D4007265786D69745F72746F5F636F6D6D69B8
:10A3E400743A20696E76616C69642070636200005F
:10A3F4007463705F7265786D69745F72746F3A200C
:10A40400696E76616C696420706362007463705F66
:10A414007265786D69743A20696E76616C6964203E
:10A42400706362007463705F7265786D69745F66EF
:10A434006173743A20696E76616C6964207063623A
:10A4440000000000636865636B20746861742066B3
:10A454006972737420706275662063616E20686F20
:10A464006C6420737472756374207463705F6864C1
:10A47400720000007463705F6F75747075745F614F
:10A484006C6C6F635F6865616465723A20696E76AF
:10A49400616C696420706362000000007463705F23
:10A4A4006F75747075745F66696C6C5F6F707469D6
:10A4B4006F6E733A20696E76616C696420706275A0
:10A4C400660000007463705F6F75747075745F6309
:10A4D4006F6E74726F6C5F7365676D656E743A202E
:10A4E400696E76616C6964207062756600000000B4
:10A4F4007463705F7273743A20696E76616C696418
:10A50400206C6F63616C5F69700000007463705F3E
:10A514007273743A20696E76616C69642072656D39
:10A524006F74655F697000007463705F73656E6457
:10A534005F656D7074795F61636B3A20696E7661F3
:10A544006C696420706362007463705F6B6565702E
:10A55400616C6976653A20696E76616C6964207015
:10A56400636200007463705F7A65726F5F77696E0F
:10A57400646F775F70726F62653A20696E76616CA2
:10A5840069642070636200002E2E2F4D6964646C30
:10A594006577617265732F54686972645F50617284
:10A5A40074792F4C7749502F7372632F636F7265E0
:10A5B4002F74696D656F7574732E63007379735F9F
:10A5C40074696D656F75743A2074696D656F75741F
:10A5D40020213D204E554C4C2C20706F6F6C204D2B
:10A5E400454D505F5359535F54494D454F55542081
:10A5F400697320656D7074790000000041737365A0
:10A604007274696F6E2022257322206661696C65FD
:10A6140064206174206C696E6520256420696E2055
:10A6240025730A0054696D656F75742074696D65CE
:10A6340020746F6F206C6F6E672C206D61782069B9
:10A6440073204C5749505F55494E5433325F4D4146
:10A65400582F34206D73656373000000696E766152
:10A664006C696420736C65657074696D65000000C5
:10A674002E2E2F4D6964646C6577617265732F5457
:10A68400686972645F50617274792F4C7749502FF6
:10A694007372632F636F72652F7564702E6300008D
:10A6A4007564705F696E7075745F6C6F63616C5F05
:10A6B4006D617463683A20696E76616C69642070B8
:10A6C40063620000417373657274696F6E202225A2
:10A6D4007322206661696C6564206174206C696E04
:10A6E4006520256420696E2025730A007564705FF7
:10A6F400696E7075745F6C6F63616C5F6D617463B8
:10A70400683A20696E76616C6964206E6574696666
:10A71400000000007564705F696E7075743A20699A
:10A724006E76616C69642070627566007564705F32
:10A73400696E7075743A20696E76616C6964206E16
:10A744006574696600000000706275665F72656D0D
:10A754006F76655F686561646572206661696C65C2
:10A76400640A00007564705F73656E643A20696EF4
:10A7740076616C6964207063620000007564705FC8
:10A7840073656E643A20696E76616C6964207062E8
:10A79400756600007564705F73656E64746F3A204B
:10A7A400696E76616C696420706362007564705FC1
:10A7B40073656E64746F3A20696E76616C696420A7
:10A7C40070627566000000007564705F73656E6486
:10A7D400746F3A20696E76616C6964206473745F87
:10A7E400697000007564705F73656E64746F5F698F
:10A7F400663A20696E76616C696420706362000059
:10A804007564705F73656E64746F5F69663A20691E
:10A814006E76616C69642070627566007564705F41
:10A8240073656E64746F5F69663A20696E76616CF5
:10A834006964206473745F69700000007564705FFC
:10A8440073656E64746F5F69663A20696E76616CD5
:10A854006964206E65746966000000007564705F49
:10A8640073656E64746F5F69665F7372633A2069BF
:10A874006E76616C69642070636200007564705F59
:10A8840073656E64746F5F69665F7372633A20699F
:10A894006E76616C69642070627566007564705FC1
:10A8A40073656E64746F5F69665F7372633A20697F
:10A8B4006E76616C6964206473745F697000000073
:10A8C4007564705F73656E64746F5F69665F7372DD
:10A8D400633A20696E76616C6964207372635F69A0
:10A8E400700000007564705F73656E64746F5F69F7
:10A8F400665F7372633A20696E76616C6964206E78
:10A904006574696600000000636865636B207468A1
:10A914006174206669727374207062756620636165
:10A924006E20686F6C642073747275637420756430
:10A93400705F6864720000007564705F62696E64C1
:10A944003A20696E76616C6964207063620000006D
:10A954007564705F636F6E6E6563743A20696E76BA
:10A96400616C696420706362000000007564705F4C
:10A97400636F6E6E6563743A20696E76616C6964A8
:10A9840020697061646472007564705F64697363E4
:10A994006F6E6E6563743A20696E76616C696420CB
:10A9A400706362007564705F726563763A20696EE5
:10A9B40076616C6964207063620000007564705F86
:10A9C40072656D6F76653A20696E76616C69642094
:10A9D400706362002E2E2F4D6964646C657761721A
:10A9E40065732F54686972645F50617274792F4C77
:10A9F4007749502F7372632F636F72652F69707676
:10AA0400342F6574686172702E630000737461740E
:10AA140065203D3D204554484152505F53544154B4
:10AA2400455F50454E44494E47207C7C20737461F9
:10AA34007465203E3D204554484152505F53544173
:10AA440054455F535441424C4500000041737365C3
:10AA54007274696F6E2022257322206661696C65A9
:10AA640064206174206C696E6520256420696E2001
:10AA740025730A006172705F7461626C655B695D65
:10AA84002E71203D3D204E554C4C000069203C2049
:10AA94004152505F5441424C455F53495A4500006E
:10AAA4006172705F7461626C655B695D2E73746161
:10AAB4007465203D3D204554484152505F535441F4
:10AAC40054455F454D505459000000006E6574694B
:10AAD400662D3E6877616464725F6C656E203D3DEF
:10AAE400204554485F4857414444525F4C454E000A
:10AAF4006574685F72657420213D204E554C4C206E
:10AB040026262069705F72657420213D204E554CC5
:10AB14004C00000069706164647220213D204E5530
:10AB24004C4C00006E6574696620213D204E554CE6
:10AB34004C0000006574685F72657420213D204EEE
:10AB4400554C4C006172705F7461626C655B61723C
:10AB5400705F6964785D2E7374617465203E3D2076
:10AB64004554484152505F53544154455F535441F6
:10AB7400424C45007120213D204E554C4C000000B4
:10AB840074797065206F766572666C6F770000006B
:10AB94006172705F7461626C655B695D2E73746170
:10ABA4007465203D3D2050454E44494E47206F7208
:10ABB40020535441424C45006E6F207061636B65B5
:10ABC400742071756575657320616C6C6F7765644D
:10ABD40021000000636865636B20746861742066FB
:10ABE4006972737420706275662063616E20686F89
:10ABF4006C64207374727563742065746861727018
:10AC04005F686472000000006E657469662D3E68BA
:10AC140077616464725F6C656E206D757374206215
:10AC240065207468652073616D65206173204554E7
:10AC3400485F4857414444525F4C454E20666F720A
:10AC44002065746861727021000000002E2E2F4D63
:10AC54006964646C6577617265732F5468697264A2
:10AC64005F50617274792F4C7749502F7372632F40
:10AC7400636F72652F697076342F69636D702E630C
:10AC84000000000069636D705F696E7075743A202E
:10AC94006D6F76696E6720722D3E7061796C6F619D
:10ACA4006420746F2069636D7020686561646572E7
:10ACB400206661696C65640A000000004173736575
:10ACC4007274696F6E2022257322206661696C6537
:10ACD40064206174206C696E6520256420696E208F
:10ACE40025730A0069636D705F696E7075743A202C
:10ACF400726573746F72696E67206F726967696ECB
:10AD0400616C20702D3E7061796C6F6164206661A6
:10AD1400696C65640A000000636865636B2074688D
:10AD24006174206669727374207062756620636151
:10AD34006E20686F6C642069636D70206D65737339
:10AD4400616765002E2E2F4D6964646C65776172AE
:10AD540065732F54686972645F50617274792F4C03
:10AD64007749502F7372632F636F72652F69707602
:10AD7400342F6970342E6300702D3E726566203D59
:10AD84003D203100417373657274696F6E20222512
:10AD94007322206661696C6564206174206C696E3D
:10ADA4006520256420696E2025730A006368656345
:10ADB4006B207468617420666972737420706275A4
:10ADC400662063616E20686F6C64207374727563AF
:10ADD400742069705F686472000000002E2E2F4D8D
:10ADE4006964646C6577617265732F546869726411
:10ADF4005F50617274792F4C7749502F7372632FAF
:10AE0400636F72652F697076342F6970345F667270
:10AE140061672E63000000007072657620213D207A
:10AE240069707200417373657274696F6E202225B4
:10AE34007322206661696C6564206174206C696E9C
:10AE44006520256420696E2025730A00707265767A
:10AE54002D3E6E657874203D3D20697072000000BF
:10AE640070627566735F6672656564202B20636C1F
:10AE7400656E203C3D203078666666660000000002
:10AE840069705F72656173735F70627566636F7515
:10AE94006E74203E3D2070627566735F66726565F0
:10AEA4006400000073616E69747920636865636B84
:10AEB400206C696E6B6564206C697374000000001B
:10AEC400636865636B20667261676D656E74732079
:10AED400646F6E2774206F7665726C617000000079
:10AEE4006E6F2070726576696F7573206672616724
:10AEF4006D656E742C2074686973206D757374208D
:10AF04006265207468652066697273742066726174
:10AF1400676D656E7421000073616E6974792063D6
:10AF24006865636B0000000076616C696461746538
:10AF34005F646174616772616D3A6E6578745F70A5
:10AF4400627566213D4E554C4C00000069705F727D
:10AF5400656173735F70627566636F756E74203EAE
:10AF64003D20636C656E000069707220213D204EA7
:10AF7400554C4C006E6F74206669727374616C7406
:10AF8400686F756768206A75737420656E7175657E
:10AF9400756564007020213D204E554C4C00000026
:10AFA40070637220213D204E554C4C00706372201A
:10AFB4003D3D2070000000006970345F6672616777
:10AFC40028293A207062756620746F6F2073686F49
:10AFD4007274000074686973206E6565647320611F
:10AFE400207062756620696E206F6E6520706965D9
:10AFF40063652100702D3E6C656E203E3D20706FB0
:10B00400666600002E2E2F4D6964646C657761724C
:10B0140065732F54686972645F50617274792F4C40
:10B024007749502F7372632F6E657469662F657448
:10B034006865726E65742E63000000006E65746945
:10B04400662D3E6877616464725F6C656E206D7511
:10B054007374206265203620666F7220657468659B
:10B06400726E65745F6F75747075742100000000F2
:10B07400417373657274696F6E2022257322206692
:10B0840061696C6564206174206C696E6520256457
:10B0940020696E2025730A000000000000000000F3
:10B0A4000800000004000000000000000000000090
:10B0B400947D0108C50D0008000000000000000098
:10B0C4000008000000000000000000000000000074
:10B0D4000000000001020304060708090000000044
:10B0E4000102030420060C00103D00209486002079
:10B0F4002000040030090120B40901209C0005004F
:10B10400B8090120C80C01201C000800CC0C012047
:10B11400B00D012010001000B40D0120B80E012064
:10B1240020000500BC0E0120600F012018000F0054
:10B13400640F0120D010012010000200D41001205F
:10B14400F810012028000400FC100120A0110120A7
:10B1540010000800A411012028120120100008008A
:10B164002C120120B012012010000300B41201209F
:10B17400E812012010001000EC120120F01301204D
:10B1840060021000F4130120F8390120F4B0010822
:10B1940000B101080CB1010818B1010824B101087B
:10B1A40030B101083CB1010848B1010854B10108AB
:10B1B40060B101086CB1010878B1010884B10108DB
:10B1C4000102030405060707070707070700000035
:10B1D40003060C1830607800103A01200C3A012064
:10B1E400143A0120183A0120FA00000091DA00080C
:10B1F400E803000069580108E803000069410108F8
:10B2040000000000FFFFFFFFFFFF00000000000040
:10B214000000000000000000000000005245454E00
:10B2240054206D616C6C6F63207375636365656432
:10B234006564002F6275696C642F676E752D746F79
:10B244006F6C732D666F722D73746D33325F31338F
:10B254002E332E72656C312E323032343039323620
:10B264002D313731352F7372632F6E65776C6962B8
:10B274002F6E65776C69622F6C6962632F737464D7
:10B284006C69622F72616E642E63002C2066756E89
:10B294006374696F6E3A2000617373657274696FC9
:10B2A4006E2022257322206661696C65643A2066EB
:10B2B400696C6520222573222C206C696E6520251B
:10B2C40064257325730A00232D302B2000686C4CF1
:10B2D40000656667454647003031323334353637CA
:10B2E40038394142434445460030313233343536EF
:0CB2F40037383961626364656600000051
:08B30000404FFE7F0100000038
:04B308002502000812
:04B30C000102000832
:10B31000000002080024F4001000000001000000FA
:10B3200045840008598400089D8400086984000849
:10B33000D1840008AAAAAAAA00C000006E190000C1
:10B3400000C000000000000003000000683B012076
:10B350004400002000000000683B0120D03B012099
:10B36000383C012000000000000000000000000048
:10B3700000000000000000000000000000000000CD
:10B3800000000000000000000000000000000000BD
:10B3900000000000000000000000000000000000AD
:10B3A000000000000000000000000000000000009D
:10B3B000000000000000000000000000000000008D
:10B3C000000000000000000000000000000000007D
:10B3D000000000000000000000000000000000006D
:10B3E000000000000000000000000000000000005D
:10B3F000000000000000000000000000000000004D
:10B40000000000000000000000000000000000003C
:10B41000000000000000000000000000000000002C
:10B42000000000000000000000000000000000001C
:10B43000000000000000000000000000000000000C
:10B4400000000000000000000000000000000000FC
:10B4500000000000000000000000000000000000EC
:10B4600000000000000000000000000000000000DC
:10B4700000000000000000000000000000000000CC
:10B4800000000000000000000000000000000000BC
:10B4900000000000000000000000000000000000AC
:10B4A000000000000000000000000000000000009C
:10B4B000000000000000000000000000000000008C
:10B4C000000000000000000000000000000000007C
:10B4D000000000000000000000000000000000006C
:040000050800299D29
:00000001FF
